billNo,authorshipType,fullTitle,dateFiled,significance,principalAuthors,dateRead,primaryReferral,billStatus,pdfUrl,historyUrl,history_coAuthors,history_firstReading,history_committeeActions,history_secondReading,history_thirdReading,history_presidentialAction
"HB02621","Principal Authored Bills","AN ACT CONVERTING THE ZAMBOANGA STATE COLLEGE OF MARINE SCIENCES AND TECHNOLOGY INTO A STATE UNIVERSITY TO BE KNOWN AS MINDANAO UNIVERSITY OF MARINE SCIENCES AND TECHNOLOGY","2025-07-30","Local","1. CHUA-TAI, KATRINA REIKO","2025-08-04","HIGHER AND TECHNICAL EDUCATION","Measure approved by the Committee on 2025-11-25","https://docs.congress.hrep.online/legisdocs/basic_20/hb02621.pdf","https://www.congress.gov.ph/bill/history?billno=HB02621&congress=20","","Referral To The Committee On: HIGHER AND TECHNICAL EDUCATION On 2025-08-04","Committee Hearings/Actions:
1. Measure approved by the Committee on 2025-11-25","","",""
"HB02622","Principal Authored Bills","AN ACT CONVERTING THE LATAP ELEMENTARY SCHOOL IN BARANGAY LIMPAPA, ZAMBOANGA CITY INTO AN INTEGRATED SCHOOL TO BE KNOWN AS THE LATAP INTEGRATED SCHOOL, AND APPROPRIATING FUNDS THEREFOR","2025-07-30","Local","1. CHUA-TAI, KATRINA REIKO","2025-08-04","BASIC EDUCATION AND CULTURE","Pending with the Committee on BASIC EDUCATION AND CULTURE since 2025-08-04","https://docs.congress.hrep.online/legisdocs/basic_20/hb02622.pdf","https://www.congress.gov.ph/bill/history?billno=HB02622&congress=20","","Referral To The Committee On: BASIC EDUCATION AND CULTURE On 2025-08-04","","","",""
"HB02623","Principal Authored Bills","AN ACT CONVERTING THE EXTENSION OFFICE OF THE LAND TRANSPORTATION OFFICE IN THE ZAMBOANGA CITY SPECIAL ECONOMIC ZONE AND FREEPORT INTO A DISTRICT OFFICE AND APPROPRIATING FUNDS THEREFOR","2025-07-30","Local","1. CHUA-TAI, KATRINA REIKO","2025-08-04","TRANSPORTATION","Approved by the House on 2026-05-05, transmitted to the Senate on 2026-05-06 and received by the Senate on 2026-05-06","https://docs.congress.hrep.online/legisdocs/basic_20/hb02623.pdf","https://www.congress.gov.ph/bill/history?billno=HB02623&congress=20","","Referral To The Committee On: TRANSPORTATION On 2025-08-04
Date Included In OB: 2026-03-16
Business For Thu/Fri On: 2026-03-18","Committee Report No.: 00169
Submitted On: 2026-03-12
Submitted By: TRANSPORTATION, APPROPRIATIONS
Recommendations: Recommending its approval without amendment","Period Of Sponsorship: 2026-03-18
Sponsored By: Chua-Tai
Final List of Author
1. Chua-Tai
2. Pumaren
3. Suansing (M. A. B.)
Date Approved On Second Reading: 2026-03-18","Date Copy Distributed To Members: 2026-04-28
Date Approved By The House On Third Reading: 2026-05-05
Third Reading Title: AN ACT CONVERTING THE EXTENSION OFFICE OF THE LAND TRANSPORTATION OFFICE IN THE ZAMBOANGA CITY SPECIAL ECONOMIC ZONE AND FREEPORT INTO A DISTRICT OFFICE AND APPROPRIATING FUNDS THEREFOR
House Votes: YEAS:226 NAYS:0 ABSTAIN:0
Voting Details Per Member
(Legend:Y-Yes N-No A-Abstain X-Did Not Vote B-Absent D-N/A)
1. Y---Abalos
2. Y---Abante
3. Y---Acidre
4. Y---Acop (P.C.)
5. D---Acop--(N/A)
6. Y---Acosta
7. Y---Adiong
8. X---Advincula
9. Y---Agarao
10. Y---Agyao
11. Y---Alano
12. X---Alba
13. Y---Albano
14. X---Almario (C.M.)
15. Y---Almario (D.)
16. Y---Almonte
17. Y---Alvarez (J.)
18. X---Alvarez (M.)
19. X---Amante
20. Y---Amatong
21. Y---Ang
22. Y---Angara
23. Y---Angeles
24. Y---Aquino
25. Y---Aquino-Magsaysay
26. Y---Arbison (M. N. JR.)
27. Y---Arbison (M. M.)
28. Y---Arenas
29. Y---Arrogancia
30. Y---Asistio
31. X---Atayde
32. Y---Aumentado
33. X---Ayon
34. Y---Bag-ao
35. Y---Balindong
36. Y---Bañas-Nograles
37. Y---Bancoro
38. X---Barba
39. Y---Barbers
40. Y---Baronda
41. X---Barzaga
42. Y---Bacsug
43. X---Bautista (C. P.)
44. Y---Bautista (J. M. G.)
45. X---Bautista-Lim
46. X---Beltran
47. Y---Benitez (A.)
48. Y---Benitez (J.M.)
49. Y---Bernos (C.)
50. Y---Bernos (J.B.)
51. X---Biron
52. Y---Bocobo
53. Y---Bolilia
54. Y---Bondoc
55. Y---Briones
56. Y---Bulut-Begtang
57. Y---Cagas
58. Y---Calderon
59. Y---Calixto
60. Y---Caoagdan
61. Y---Cari
62. X---Castro
63. D---Catulpos--(N/A)
64. Y---Cayton
65. Y---Celeste
66. Y---Cendaña
67. Y---Ceniza
68. Y---Chan (J.)
69. Y---Chan
70. X---Chua
71. X---Chua-Tai
72. Y---Chungalao
73. D---Co ( E. S.)--(N/A)
74. Y---Co (R. L. M.)
75. Y---Co-Pilar
76. X---Cojuangco (J. E. M. D.)
77. Y---Cojuangco ( M. O.)
78. Y---Collantes
79. Y---Corvera
80. Y---Cruz (A.)
81. Y---Cruz (R. JR.)
82. Y---Cruzado
83. X---Cua
84. Y---Dagooc
85. Y---Dalog
86. Y---Dayanghirang
87. Y---Daza
88. Y---De Jesus
89. Y---De Lima
90. X---De Venecia
91. X---Defensor
92. X---Degamo
93. Y---Del Mar
94. X---Delos Santos
95. Y---Dimacuha
96. Y---Dimaguila
97. Y---Dimaporo ( I. Q.)
98. X---Dimaporo ( S. A. Q.)
99. Y---Diokno
100. Y---Dionisio
101. Y---Domingo
102. Y---Domogan
103. X---Duterte (H.J.)
104. X---Duterte (O.V.)
105. X---Duterte (P.)
106. Y---Dy (F.)
107. Y---Dy (F.M.C.)
108. X---Dy (I.P.)
109. Y---Elago
110. Y---Emano
111. Y---Enverga
112. X---Erice
113. Y---Escudero
114. X---Espares
115. Y---Espina
116. Y---Estrella
117. Y---Ferrer (A. A.)
118. Y---Ferrer (J. )
119. X---Flores
120. Y---Fortes
121. Y---Frasco
122. Y---Fresnedi
123. X---Fuentebella
124. X---Galang
125. X---Galeos
126. X---Garbin
127. X---Garcia (A.)
128. Y---Garcia (D.)
129. X---Garcia (J. A.)
130. Y---Garcia (K. H.)
131. X---Garcia (M. A.)
132. Y---Gardiola
133. Y---Garin
134. Y---Gatchalian
135. Y---Gato
136. X---Glepa
137. X---Go
138. Y---Gomez
139. Y---Gonzales (A.)
140. Y---Gonzales (A. M.)
141. X---Gonzales (C. S.)
142. Y---Gonzales (R.)
143. Y---Gorriceta
144. Y---Guico
145. Y---Guintu
146. Y---Gullas
147. Y---Gutierrez
148. Y---Hernandez (C. A.)
149. Y---Hernandez (D. L.)
150. Y---Hernandez (F. L.)
151. Y---Hernandez (R. L.)
152. Y---Hofer-Hasim
153. X---Horibata
154. X---Ismula
155. X---Iway
156. Y---Javier
157. Y---Kho
158. Y---Kho (E. T.)
159. Y---Kho (W. T.)
160. Y---Khonghun
161. X---Ko
162. Y---Labadlabad
163. X---Lacson
164. Y---Lagbas
165. Y---Lagdameo (J. M. F.)
166. Y---Lagdameo (M. Y. M. Q.)
167. Y---Lagman
168. Y---Lagon (D. A.)
169. Y---Lagon (S. L.)
170. Y---Lara
171. X---Lazatin
172. X---Ledesma
173. Y---Legacion
174. X---Legarda
175. X---Legazpi
176. D---Legazpi(K.)--(N/A)
177. X---Leviste
178. Y---Libanan
179. X---Lopez
180. Y---Loria
181. Y---Loyola
182. Y---Luistro
183. X---Lumayag
184. X---Macapagal-Arroyo
185. Y---Macasaet
186. X---Maceda
187. Y---Madrona
188. Y---Malapitan
189. Y---Mangudadatu
190. Y---Maniquiz
191. Y---Marañon
192. Y---Marcoleta
193. Y---Marcos
194. Y---Marquez
195. Y---Mastura
196. Y---Matibag
197. Y---Matugas
198. Y---Mendoza
199. Y---Mercado
200. X---Mercado-Revilla
201. X---Miraflores
202. Y---Momo
203. Y---Montes
204. Y---Nava
205. Y---Nazal
206. Y---Nisay
207. Y---Nolasco
208. X---Oaminal (H. F.)
209. X---Oaminal (S. F. F.)
210. Y---Oducado
211. Y---Olivarez
212. Y---Ongchuan
213. X---Ordanes
214. X---Oreta (A. A.)
215. X---Ortega
216. X---Ouano-Dizon
217. X---Padiernos
218. Y---Panaligan
219. Y---Pancho
220. Y---Panotes
221. Y---Pascual
222. Y---Perez
223. X---Pimentel
224. Y---Plaza
225. Y---Pleyto
226. Y---Poe
227. Y---Primicias-Agabas
228. X---Pumaren
229. Y---Puno
230. Y---Quimbo
231. Y---Rama
232. Y---Recto (R. S.)
233. Y---Regencia
234. Y---Remulla
235. X---Revilla ( B. B.)
236. Y---Revilla (R. J.)
237. Y---Ridon
238. Y---Rivera
239. Y---Robes
240. Y---Rodriguez ( E. R.)
241. X---Rodriguez (M. B.)
242. X---Rodriguez (R.B.)
243. Y---Roman
244. Y---Romualdez (A.J.)
245. Y---Romualdez (F.M.)
246. Y---Romualdez (Y.M.)
247. Y---Romualdo
248. Y---Romulo
249. Y---Roque
250. Y---Sagarbarria
251. Y---Sakaluran
252. X---Salceda
253. X---Sali
254. X---Salvacion
255. Y---Salvador
256. Y---Salvame
257. Y---San Fernando
258. Y---Santos (M.A.S.)
259. Y---Santos (M.A.)
260. Y---Shimura
261. X---Singson ( R.)
262. X---Singson (R. V.)
263. Y---Singson-Meehan
264. X---Solon
265. Y---Soriano
266. Y---Suan
267. Y---Suansing (B. V. B.)
268. Y---Suansing (M. A. B.)
269. Y---Suarez
270. Y---Suntay
271. X---Tallado
272. X---Tan (A.)
273. Y---Tan (J. S.)
274. Y---Tan (K. M. D.L.)
275. X---Tan (R. M.T.)
276. Y---Tan (S. A.)
277. X---Tan (S. J. T.)
278. Y---Tanchay
279. Y---Tanjuatco
280. Y---Tarriela
281. Y---Teodoro
282. Y---Tereng
283. X---Teves
284. Y---Tiangco
285. Y---Tieng
286. Y---Tinio
287. X---Tolentino
288. Y---Tuan
289. Y---Tulfo (J. P.)
290. Y---Tulfo (R. W. P.)
291. Y---Tupas
292. X---Tutor
293. X---Ty
294. Y---Umali
295. X---Ungab
296. X---Uy, (D. C. L.)
297. X---Uy (R. JR.)
298. Y---Valeriano
299. Y---Vargas
300. Y---Vargas-Alfonso
301. Y---Veloso
302. Y---Veloso-Tuazon
303. Y---Vergara
304. Y---Villa ( Z.)
305. Y---Villafuerte (M. L. R.)
306. Y---Villafuerte (V. R. L. R.)
307. X---Villanueva
308. Y---Villarica
309. Y---Violago
310. Y---Yamsuan
311. Y---Yap (A.)
312. X---Yap (C.)
313. D---Yap (EDVIC)--(N/A)
314. X---Yap (ERIC)
315. X---Yap ( G.)
316. Y---Yatco
317. Y---Ynares
318. X---Yu (J.V.)
319. Y---Yu (J.K.)
320. Y---Yulo
321. X---Zamora (M.C.)
322. Y---Zamora (Y.M.)
323. X---Zubiri
Date Transmitted To The Senate: 2026-05-06
Actions Taken By The Senate/House
Date Received By The Senate: 2026-05-06",""
"HB02624","Principal Authored Bills","AN ACT CONVERTING THE RIO HONDO ELEMENTARY SCHOOL IN BARANGAY RIO HONDO, ZAMBOANGA CITY INTO AN INTEGRATED SCHOOL TO BE KNOWN AS THE RIO HONDO INTEGRATED SCHOOL, AND APPROPRIATING FUNDS THEREFOR","2025-07-30","Local","1. CHUA-TAI, KATRINA REIKO","2025-08-04","BASIC EDUCATION AND CULTURE","Pending with the Committee on BASIC EDUCATION AND CULTURE since 2025-08-04","https://docs.congress.hrep.online/legisdocs/basic_20/hb02624.pdf","https://www.congress.gov.ph/bill/history?billno=HB02624&congress=20","","Referral To The Committee On: BASIC EDUCATION AND CULTURE On 2025-08-04","","","",""
"HB02625","Principal Authored Bills","AN ACT CONVERTING THE SOUTHERN SUPPORT COMMAND ELEMENTARY SCHOOL IN BARANGAY LIMPAPA, ZAMBOANGA CITY INTO AN INTEGRATED SCHOOL TO BE KNOWN AS THE SOUTHERN SUPPORT COMMAND INTEGRATED SCHOOL, AND APPROPRIATING FUNDS THEREFOR","2025-07-30","Local","1. CHUA-TAI, KATRINA REIKO","2025-08-04","BASIC EDUCATION AND CULTURE","Pending with the Committee on BASIC EDUCATION AND CULTURE since 2025-08-04","https://docs.congress.hrep.online/legisdocs/basic_20/hb02625.pdf","https://www.congress.gov.ph/bill/history?billno=HB02625&congress=20","","Referral To The Committee On: BASIC EDUCATION AND CULTURE On 2025-08-04","","","",""
"HB02626","Principal Authored Bills","AN ACT CONVERTING THE PAMUCUTAN ELEMENTARY SCHOOL IN BARANGAY PAMUCUTAN, ZAMBOANGA CITY, INTO AN INTEGRATED SCHOOL TO BE KNOWN AS THE PAMUCUTAN INTEGRATED SCHOOL, AND APPROPRIATING FUNDS THEREFOR","2025-07-30","Local","1. CHUA-TAI, KATRINA REIKO","2025-08-04","BASIC EDUCATION AND CULTURE","Pending with the Committee on BASIC EDUCATION AND CULTURE since 2025-08-04","https://docs.congress.hrep.online/legisdocs/basic_20/hb02626.pdf","https://www.congress.gov.ph/bill/history?billno=HB02626&congress=20","","Referral To The Committee On: BASIC EDUCATION AND CULTURE On 2025-08-04","","","",""
"HB02627","Principal Authored Bills","AN ACT CONVERTING THE CAMP SUSANA ELEMENTARY SCHOOL IN BARANGAY LA PAZ, ZAMBOANGA CITY INTO AN INTEGRATED SCHOOL TO BE KNOWN AS THE CAMP SUSANA INTEGRATED SCHOOL, AND APPROPRIATING FUNDS THEREFOR","2025-07-30","Local","1. CHUA-TAI, KATRINA REIKO","2025-08-04","BASIC EDUCATION AND CULTURE","Pending with the Committee on BASIC EDUCATION AND CULTURE since 2025-08-04","https://docs.congress.hrep.online/legisdocs/basic_20/hb02627.pdf","https://www.congress.gov.ph/bill/history?billno=HB02627&congress=20","","Referral To The Committee On: BASIC EDUCATION AND CULTURE On 2025-08-04","","","",""
"HB02628","Principal Authored Bills","AN ACT CONVERTING THE DATU PANGULUHAN ELEMENTARY SCHOOL IN BARANGAY LA PAZ, ZAMBOANGA CITY, PROVINCE OF ZAMBOANGA DEL SUR INTO AN INTEGRATED SCHOOL TO BE KNOWN AS THE DATU PANGULUHAN INTEGRATED SCHOOL, AND APPROPRIATING FUNDS THEREFOR","2025-07-30","Local","1. CHUA-TAI, KATRINA REIKO","2025-08-04","BASIC EDUCATION AND CULTURE","Pending with the Committee on BASIC EDUCATION AND CULTURE since 2025-08-04","https://docs.congress.hrep.online/legisdocs/basic_20/hb02628.pdf","https://www.congress.gov.ph/bill/history?billno=HB02628&congress=20","","Referral To The Committee On: BASIC EDUCATION AND CULTURE On 2025-08-04","","","",""
"HB02629","Principal Authored Bills","AN ACT DECLARING THE IPA-IPA FALLS AND ITS ENVIRONS LOCATED AT BARANGAY CAPISAN, ZAMBOANGA CITY, AN ECOTOURISM ZONE, PROVIDING FOR ITS DEVELOPMENT, AND APPROPRIATING FUNDS THEREFOR","2025-07-30","Local","1. CHUA-TAI, KATRINA REIKO","2025-08-04","TOURISM","Pending with the Committee on TOURISM since 2025-08-04","https://docs.congress.hrep.online/legisdocs/basic_20/hb02629.pdf","https://www.congress.gov.ph/bill/history?billno=HB02629&congress=20","","Referral To The Committee On: TOURISM On 2025-08-04","","","",""
"HB02630","Principal Authored Bills","AN ACT PROVIDING FOR THE ESTABLISHMENT OF THE ZAMBOANGA PENINSULA REGIONAL ETHNO-LINGUISTIC AND CULTURAL STUDIES CENTER, AND FOR OTHER PURPOSES","2025-07-30","Local","1. CHUA-TAI, KATRINA REIKO","2025-08-04","BASIC EDUCATION AND CULTURE","Pending with the Committee on BASIC EDUCATION AND CULTURE since 2025-08-04","https://docs.congress.hrep.online/legisdocs/basic_20/hb02630.pdf","https://www.congress.gov.ph/bill/history?billno=HB02630&congress=20","","Referral To The Committee On: BASIC EDUCATION AND CULTURE On 2025-08-04","","","",""
"HB03027","Principal Authored Bills","AN ACT CONVERTING THE DATU PANGULUHAN ELEMENTARY SCHOOL IN BARANGAY LA PAZ, ZAMBOANGA CITY INTO AN INTEGRATED SCHOOL TO BE KNOWN AS THE DATU PANGULUHAN INTEGRATED SCHOOL, AND APPROPRIATING FUNDS THEREFOR","2025-08-05","Local","1. CHUA-TAI, KATRINA REIKO","2025-08-11","BASIC EDUCATION AND CULTURE","Pending with the Committee on BASIC EDUCATION AND CULTURE since 2025-08-11","https://docs.congress.hrep.online/legisdocs/basic_20/hb03027.pdf","https://www.congress.gov.ph/bill/history?billno=HB03027&congress=20","","Referral To The Committee On: BASIC EDUCATION AND CULTURE On 2025-08-11","","","",""
"HB03028","Principal Authored Bills","AN ACT CONVERTING THE SOUTHERN SUPPORT COMMAND ELEMENTARY SCHOOL IN BARANGAY CALARIAN, ZAMBOANGA CITY INTO AN INTEGRATED SCHOOL TO BE KNOWN AS THE SOUTHERN SUPPORT COMMAND INTEGRATED SCHOOL, AND APPROPRIATING FUNDS THEREFOR","2025-08-05","Local","1. CHUA-TAI, KATRINA REIKO","2025-08-11","BASIC EDUCATION AND CULTURE","Pending with the Committee on BASIC EDUCATION AND CULTURE since 2025-08-11","https://docs.congress.hrep.online/legisdocs/basic_20/hb03028.pdf","https://www.congress.gov.ph/bill/history?billno=HB03028&congress=20","","Referral To The Committee On: BASIC EDUCATION AND CULTURE On 2025-08-11","","","",""
"HB03891","Principal Authored Bills","AN ACT ESTABLISHING A LEVEL III GENERAL HOSPITAL WITH A CAPACITY OF TWO HUNDRED (200) BEDS IN THE FIRST LEGISLATIVE DISTRICT OF ZAMBOANGA CITY TO BE KNOWN AS THE ZAMBOANGA CITY GENERAL HOSPITAL, AND APPROPRIATING FUNDS THEREFOR","2025-08-20","Local","1. CHUA-TAI, KATRINA REIKO","2025-08-27","HEALTH","Pending with the Committee on HEALTH since 2025-08-27","https://docs.congress.hrep.online/legisdocs/basic_20/hb03891.pdf","https://www.congress.gov.ph/bill/history?billno=HB03891&congress=20","1. Perez (000 2025-09-24)","Referral To The Committee On: HEALTH On 2025-08-27","","","",""
"HB03892","Principal Authored Bills","AN ACT CONVERTING THE ALEJO ALVAREZ STREET IN ZAMBOANGA CITY CONNECTING THE JUNCTION OF THE LABUAN LIMPAPA HIGHWAY IN SAN JOSE SECTION TO THE JUNCTION OF R.T. LIM BOULEVARD, INTO A NATIONAL ROAD AND APPROPRIATING FUNDS THEREFOR","2025-08-20","Local","1. CHUA-TAI, KATRINA REIKO","2025-08-27","PUBLIC WORKS AND HIGHWAYS","Pending with the Committee on PUBLIC WORKS AND HIGHWAYS since 2025-08-27","https://docs.congress.hrep.online/legisdocs/basic_20/hb03892.pdf","https://www.congress.gov.ph/bill/history?billno=HB03892&congress=20","","Referral To The Committee On: PUBLIC WORKS AND HIGHWAYS On 2025-08-27","","","",""
"HB03893","Principal Authored Bills","AN ACT CONVERTING THE C.A. FERNANDEZ CITY ROAD, ALSO KNOWN AS THE BALIWASAN CHICO ROAD, IN ZAMBOANGA CITY INTO A NATIONAL ROAD AND APPROPRIATING FUNDS THEREFOR","2025-08-20","Local","1. CHUA-TAI, KATRINA REIKO","2025-08-27","PUBLIC WORKS AND HIGHWAYS","Pending with the Committee on PUBLIC WORKS AND HIGHWAYS since 2025-08-27","https://docs.congress.hrep.online/legisdocs/basic_20/hb03893.pdf","https://www.congress.gov.ph/bill/history?billno=HB03893&congress=20","","Referral To The Committee On: PUBLIC WORKS AND HIGHWAYS On 2025-08-27","","","",""
"HB03894","Principal Authored Bills","AN ACT CONVERTING THE T. TAUPAN ROAD IN SUTTERVILLE, BARANGAY CAMPO ISLAM, ZAMBOANGA CITY, CONNECTING THE JUNCTION OF THE LABUAN-LIMPAPA NATIONAL HIGHWAY IN SAN JOSE GUSU SECTION TO THE JUNCTION OF R.T. LIM BOULEVARD, INTO A NATIONAL ROAD AND APPROPRIATING FUNDS THEREFOR","2025-08-20","Local","1. CHUA-TAI, KATRINA REIKO","2025-08-27","PUBLIC WORKS AND HIGHWAYS","Pending with the Committee on PUBLIC WORKS AND HIGHWAYS since 2025-08-27","https://docs.congress.hrep.online/legisdocs/basic_20/hb03894.pdf","https://www.congress.gov.ph/bill/history?billno=HB03894&congress=20","","Referral To The Committee On: PUBLIC WORKS AND HIGHWAYS On 2025-08-27","","","",""
"HB03895","Principal Authored Bills","AN ACT CONVERTING THE DR. VARELA STREET, A CITY ROAD IN ZAMBOANGA CITY, CONNECTING THE JUNCTION OF THE ZAMBOANGA CITY LABUAN-LIMPAPA NATIONAL HIGHWAY IN THE SAN JOSE SECTION TO THE JUNCTION OF THE R.T. LIM BOULEVARD, INTO A NATIONAL ROAD AND APPROPRIATING FUNDS THEREFOR","2025-08-20","Local","1. CHUA-TAI, KATRINA REIKO","2025-08-27","PUBLIC WORKS AND HIGHWAYS","Pending with the Committee on PUBLIC WORKS AND HIGHWAYS since 2025-08-27","https://docs.congress.hrep.online/legisdocs/basic_20/hb03895.pdf","https://www.congress.gov.ph/bill/history?billno=HB03895&congress=20","","Referral To The Committee On: PUBLIC WORKS AND HIGHWAYS On 2025-08-27","","","",""
"HB03896","Principal Authored Bills","AN ACT ESTABLISHING A NATIONAL HIGH SCHOOL IN BARANGAY CAMPO ISLAM, ZAMBOANGA CITY TO BE KNOWN AS THE CAMPO ISLAM NATIONAL HIGH SCHOOL AND APPROPRIATING FUNDS THEREFOR","2025-08-20","Local","1. CHUA-TAI, KATRINA REIKO","2025-08-27","BASIC EDUCATION AND CULTURE","Pending with the Committee on BASIC EDUCATION AND CULTURE since 2025-08-27","https://docs.congress.hrep.online/legisdocs/basic_20/hb03896.pdf","https://www.congress.gov.ph/bill/history?billno=HB03896&congress=20","","Referral To The Committee On: BASIC EDUCATION AND CULTURE On 2025-08-27","","","",""
"HB03897","Principal Authored Bills","AN ACT ESTABLISHING A NATIONAL HIGH SCHOOL IN BARANGAY MAASIN, ZAMBOANGA CITY, TO BE KNOWN AS THE MAASIN NATIONAL HIGH SCHOOL AND APPROPRIATING FUNDS THEREFOR","2025-08-20","Local","1. CHUA-TAI, KATRINA REIKO","2025-08-27","BASIC EDUCATION AND CULTURE","Pending with the Committee on BASIC EDUCATION AND CULTURE since 2025-08-27","https://docs.congress.hrep.online/legisdocs/basic_20/hb03897.pdf","https://www.congress.gov.ph/bill/history?billno=HB03897&congress=20","","Referral To The Committee On: BASIC EDUCATION AND CULTURE On 2025-08-27","","","",""
"HB03898","Principal Authored Bills","AN ACT ESTABLISHING A NATIONAL HIGH SCHOOL IN BARANGAY MALAGUTAY, ZAMBOANGA CITY TO BE KNOWN AS THE MALAGUTAY NATIONAL HIGH SCHOOL AND APPROPRIATING FUNDS THEREFOR","2025-08-20","Local","1. CHUA-TAI, KATRINA REIKO","2025-08-27","BASIC EDUCATION AND CULTURE","Pending with the Committee on BASIC EDUCATION AND CULTURE since 2025-08-27","https://docs.congress.hrep.online/legisdocs/basic_20/hb03898.pdf","https://www.congress.gov.ph/bill/history?billno=HB03898&congress=20","","Referral To The Committee On: BASIC EDUCATION AND CULTURE On 2025-08-27","","","",""
"HB03899","Principal Authored Bills","AN ACT ESTABLISHING A NATIONAL HIGH SCHOOL IN BARANGAY PATALON, ZAMBOANGA CITY TO BE KNOWN AS THE PATALON NATIONAL HIGH SCHOOL AND APPROPRIATING FUNDS THEREFOR","2025-08-20","Local","1. CHUA-TAI, KATRINA REIKO","2025-08-27","BASIC EDUCATION AND CULTURE","Pending with the Committee on BASIC EDUCATION AND CULTURE since 2025-08-27","https://docs.congress.hrep.online/legisdocs/basic_20/hb03899.pdf","https://www.congress.gov.ph/bill/history?billno=HB03899&congress=20","","Referral To The Committee On: BASIC EDUCATION AND CULTURE On 2025-08-27","","","",""
"HB03900","Principal Authored Bills","AN ACT ESTABLISHING A NATIONAL HIGH SCHOOL IN BARANGAY SAN JOSE GUSU, ZAMBOANGA CITY, TO BE KNOWN AS SAN JOSE GUSU NATIONAL HIGH SCHOOL AND APPROPRIATING FUNDS THEREFOR","2025-08-20","Local","1. CHUA-TAI, KATRINA REIKO","2025-08-27","BASIC EDUCATION AND CULTURE","Pending with the Committee on BASIC EDUCATION AND CULTURE since 2025-08-27","https://docs.congress.hrep.online/legisdocs/basic_20/hb03900.pdf","https://www.congress.gov.ph/bill/history?billno=HB03900&congress=20","","Referral To The Committee On: BASIC EDUCATION AND CULTURE On 2025-08-27","","","",""
"HB04058","Principal Authored Bills","AN ACT APPROPRIATING FUNDS FOR THE OPERATION OF THE GOVERNMENT OF THE REPUBLIC OF THE PHILIPPINES FROM JANUARY ONE TO DECEMBER THIRTY ONE, TWO THOUSAND AND TWENTY SIX","2025-08-27","National","1. SUANSING, MIKAELA ANGELA B. 2. ROMUALDEZ, FERDINAND MARTIN G. 3. MARCOS, FERDINAND ALEXANDER A. 4. GARCIA, ALBERT S. 5. FUENTEBELLA, ARNIE B. 6. ANGARA, ROMMEL RICO T. 7. SINGSON, RONALD V. 8. BONDOC, ANNA YORK P. MD 9. GARCIA, MARIA ANGELA S. 10. TAN, KEITH MICAH ""Atty. Mike"" D.L. 11. HERNANDEZ, FERDINAND L. 12. SUANSING, BELLA VANESSA B. 13. NAVA, JC RAHMAN A., MD. 14. LAGDAMEO, MONIQUE YAZMIN MARIA Q. 15. ONGCHUAN, EDWIN 16. MOMO, ROMEO SR. S. 17. ZAMORA, MARIA CARMEN S. 18. ALVAREZ, JOSE C. 19. ALVAREZ, MERCEDES K. 20. RODRIGUEZ, RUFUS B. 21. TEODORO, MARCELINO ""Marcy"" R. 22. TAN, JOSEPH S. 23. AMANTE, LORETO S. 24. YAP, ERIC GO 25. CORVERA, DALE B. 26. OUANO-DIZON, EMMARIE ""Lolypop"" 27. HERNANDEZ, CHARISSE ANNE C. 28. CAGAS, JOHN TRACY F. 29. DIMAPORO, IMELDA QUIBRANZA 30. BARBERS, BERNADETTE S. 31. GONZALES, ALEXANDRIA ""Queenie"" 32. PANCHO, AGUSTINA DOMINIQUE ""Ditse Tina"" C. 33. DY, IAN PAUL L. 34. CELESTE, ARTHUR F. 35. TEVES, JOSE ""Bong"" JR. J. 36. VARGAS-ALFONSO, BABY ALINE 37. BAUTISTA, JOHANNE MONICH G. 38. CUA, MIDY N. 39. ESCUDERO, MARIE BERNADETTE G. 40. LEVISTE, LEANDRO LEGARDA 41. SAGARBARRIA, MA. ISABEL L. 42. ORDANES, RODOLFO ""Ompong"" M. 43. YAP, EDVIC G. 44. POE, BRIAN 45. ADIONG,ZIAUR-RAHMAN ""Zia"" ALONTO 46. ARROGANCIA, REYNANTE U. 47. GO, ED CHRISTOPHER S. 48. BRIONES, NICANOR M. 49. ESPINA, GERARDO ""GERRYBOY"" JR. J. 50. CARI, CARL NICOLAS C. 51. MERCADO, ROGER GAVIOLA 52. GARCIA, DANTE S. 53. YAP, CHRISTOPHERSON ""Coco"" M. 54. OAMINAL, SANCHO FERNANDO ""Ando"" F. 55. BARONDA, JULIENNE ""Jam"" L. 56. MATUGAS, FRANCISCO ""Lalo"" T. 57. TALLADO, JOSEFINA B. 58. LOPEZ, MA. CRISTINA TALAVERA 59. ALMARIO, DENNIS ""Alden"" B. 60. AQUINO-MAGSAYSAY, MILAGROS 61. ARBISON, MUNIR M. 62. ATAYDE, JUAN CARLOS ""Arjo"" C. 63. BARBA, ANGELO MARCOS 64. BASCUG, ALFELITO ""Alfel M."" 65. BAUTISTA-LIM, CLAUDINE DIANA D. 66. BELTRAN, FERDINAND ""B1"" L. 67. BENITEZ, JAVIER MIGUEL LOPEZ 68. CALDERON, PATRICIA C. 69. CAYTON, TIMOTHY JOSEPH E. 70. CHUA-TAI, KATRINA REIKO 71. CO-PILAR, MA. VICTORIA 72. CRUZ, RICARDO JR. S. 73. DALOG, MAXIMO JR. Y. 74. ENVERGA, WILFRIDO MARK M. 75. ESPARES, FELIMON M. 76. FERRER, ANTONIO A. 77. HORIBATA, TSUYOSHI ANTHONY ""Hori"" G. 78. IWAY, EMMANUEL L. 79. LACSON, MA. NINA FRANCESCA P. 80. LAGDAMEO, JOSE MANUEL ""JM"" F. 81. LORIA, CARLOS ANDES 82. LUMAYAG, ISIDRO D. 83. ODUCADO, NATHANIEL M. 84. ORETA, ANTOLIN III A. 85. PLAZA, EDDIEBONG G. 86. ROQUE, LAARNI LAVIN 87. SANTOS, MARK ANTHONY 88. SINGSON, RICHELLE 89. TERENG, KENNETH PAOLO 90. TULFO, RALPH WENDEL P. 91. VALERIANO, ROLANDO M. 92. YATCO, FLORABEL C. 93. YNARES, REBECCA MARIA ALCANTARA 94. GOMEZ, RICHARD I., DPA 95. ALBANO, ANTONIO ""Tonypet"" T. 96. AQUINO, JOSE ""Joboy"" II S. 97. ARENAS, MARIA RACHEL J. 98. AUMENTADO, MARIA VANESSA ""Van-Van"" C.,RN 99. CENIZA, LEONEL ""Jhong"" D. 100. CRUZ, AGATHA ""Agay"" 101. PLEYTO, SALVADOR A. 102. ROMAN, ANTONINO III B. 103. ROMUALDO, JURDIN JESUS M. 104. TUTOR, KRISTINE ALEXIE B. 105. UY, DE CARLO L. 106. UY, ROBERTO ""Pinpin"" JR. T. 107. REGENCIA, CELSO G. 108. MACAPAGAL-ARROYO, GLORIA 109. YU, JOSEPH KIM C. 110. PANOTES, ROSEMARIE CORNEJOS 111. BERNOS, JB 112. VIOLAGO, MARK CHOLO I. 113. KHO, ANTONIO 114. GONZALES, ROY M. 115. LEGACION, NELSON S. 116. TUAN, DIBU S. 117. TUPAS, BINKY APRIL M. 118. LABADLABAD, IRENE G. 119. DIMAPORO, SITTIE AMINAH Q. 120. RECTO, RYAN S. 121. LAGON, DAPHNE A. 122. TANCHAY, CAROLINE L. 123. BOLILIA, AMADO CARLOS IV A.","2025-08-27","APPROPRIATIONS","Republic Act RA12314 enacted on 2026-01-05","https://docs.congress.hrep.online/legisdocs/basic_20/hb04058.pdf","https://www.congress.gov.ph/bill/history?billno=HB04058&congress=20","","Referral To The Committee On: APPROPRIATIONS On 2025-08-27
Date Included In OB: 2025-09-23
Date Calendared: 2025-09-23","Committee Report No.: 00007
Submitted On: 2025-09-23
Submitted By: APPROPRIATIONS
Recommendations: Recommending its approval with amendments","Period Of Sponsorship: 2025-09-23, 2025-09-24, 2025-09-25, 2025-09-26, 2025-09-29, 2025-09-30, 2025-10-01, 2025-10-02, 2025-10-10
Sponsored By: Suansing (M. A. B.);Suansing (B. V. B.);Tan (K. M. D.L.);Rodriguez (R.B.);Teodoro;Espina;Dy (I.P.);Lopez;Mercado;Baronda;Escudero;Matugas;Cagas;Zamora (M.C.);Gonzales (A.);Lagdameo (M. Y. M. Q.);Alvarez (M.);Corvera;Garcia (M. A.);Suansing (B. V. B.);Poe;Bag-ao;Sagarbarria;Hernandez (C. A.);Sagarbarria;Oaminal (H. F.);Yap (EDVIC);Suansing (B. V. B.);Hernandez (F. L.);Tan (K. M. D.L.);Tan (J. S.);Bondoc;Garcia (A.);Momo;Ordanes;Bautista (J. M. G.);Cua;Garcia (D.);Alvarez (J.);Teves;Poe;Angara;Nava;Garcia (A.);Cagas;Go;Gonzales (A.);Adiong;Ongchuan;Zamora (M.C.);Fuentebella;Bautista (J. M. G.);Hernandez (C. A.);Suansing (M. A. B.);Suansing (M. A. B.)
Period Of Interpellations: 2025-09-23, 2025-09-24, 2025-09-25, 2025-09-26, 2025-09-29, 2025-09-30, 2025-10-01, 2025-10-02
Interpellated By: Tinio, De Lima, Ungab, De Jesus, Nazal, Erice, Abalos, De Jesus, Nisay, Co (R. L. M.), Dagooc, Suntay, San Fernando, Tinio, Tinio, De Lima, Co (R. L. M.), Bag-ao, Diokno, Cojuangco ( M. O.), De Jesus, Nisay, Cendaña, Elago, San Fernando, Montes, Marcoleta, Erice, Ismula, Abalos, Suntay, Nazal, Lagman, Gutierrez, Tinio, Co (R. L. M.), Elago, Erice, San Fernando, Dagooc, Nazal, De Lima, Diokno, Zubiri, Daza, Ismula, De Jesus, Co (R. L. M.), Dagooc, Libanan, Cendaña, Gonzales (C. S.), Elago, Tinio, Suntay, Marcoleta, De Jesus, Tinio, Dagooc, Elago, Nisay, Nazal, Ty, Marcoleta, Erice, Co (R. L. M.), San Fernando, Ismula, Montes, Zubiri, Ayon, Ridon, Cendaña, Bag-ao, De Lima, Diokno, Ismula, Montes, Suntay, Co (R. L. M.), Elago, Bag-ao, Romualdo, Tinio, Ismula, Erice, Dagooc, De Jesus, Montes, Diokno, De Lima, Marcoleta, Nazal, Gonzales (C. S.), San Fernando, Cendaña, Tinio, Co (R. L. M.), Elago, Erice, Abalos, De Jesus, De Lima, Dagooc, Diokno, Nazal, Suntay, Cendaña, Zubiri, Marcoleta, Barzaga, Ismula, Ridon, Amante, Erice, San Fernando, Montes, Cendaña, San Fernando, Ismula, Dagooc, Tinio, Co (R. L. M.), Elago, Marcoleta, Daza, Nazal, Erice, Ungab, Montes, Zubiri
Period Of Turno En Contra: 2025-10-06
Turno En Contra By: Libanan, Tinio
Period Of Committee Amendments: 2025-10-08
Period Of Individual Amendments: 2025-10-10
Amended By: De Lima, Dagooc
Date Approved On Second Reading: 2025-10-10
Remarks: Manifestation of Reps. Dagooc and De Lima on September 24, 2025. Manifestation of Reps. Gonzales, (C.), Marcoleta, Dagooc and De Lima on September 24, 2025. Manifestation of Reps. Elago, Bag-ao, Suansing (M.A.) on September 2025. Manifestation of Rep. Suansing on September 29, 2025. Manifestation of Reps. Dagooc, De Lima, Tinio, Erice, Ungab and Co on October 2, 2025. Adopted the Committee Amendments as contained in the Committee Report on October 8, 2025. Amended by substitution the entire bill as contained in Committee Report No. 7 with the contents of the substitute bill.","Date Copy Distributed To Members: 2025-10-10
Date Approved By The House On Third Reading: 2025-10-13
Third Reading Title: AN ACT APPROPRIATING FUNDS FOR THE OPERATION OF THE GOVERNMENT OF THE REPUBLIC OF THE PHILIPPINES FROM JANUARY ONE TO DECEMBER THIRTY ONE, TWO THOUSAND AND TWENTY SIX
House Votes: YEAS:287 NAYS:12 ABSTAIN:2
Voting Details Per Member
(Legend:Y-Yes N-No A-Abstain X-Did Not Vote B-Absent D-N/A)
1. Y---Abalos
2. Y---Abante
3. Y---Acidre
4. D---Acop (P.C.)--(N/A)
5. Y---Acop
6. Y---Acosta
7. Y---Adiong
8. Y---Advincula
9. Y---Agarao
10. Y---Agyao
11. Y---Alano
12. Y---Alba
13. Y---Albano
14. Y---Almario (C.M.)
15. Y---Almario (D.)
16. Y---Almonte
17. Y---Alvarez (J.)
18. Y---Alvarez (M.)
19. Y---Amante
20. X---Amatong
21. Y---Ang
22. Y---Angara
23. Y---Angeles
24. Y---Aquino
25. Y---Aquino-Magsaysay
26. Y---Arbison (M. N. JR.)
27. Y---Arbison (M. M.)
28. Y---Arenas
29. Y---Arrogancia
30. Y---Asistio
31. Y---Atayde
32. Y---Aumentado
33. X---Ayon
34. N---Bag-ao
35. Y---Balindong
36. X---Bañas-Nograles
37. Y---Bancoro
38. Y---Barba
39. Y---Barbers
40. Y---Baronda
41. A---Barzaga
42. Y---Bacsug
43. X---Bautista (C. P.)
44. Y---Bautista (J. M. G.)
45. Y---Bautista-Lim
46. Y---Beltran
47. Y---Benitez (A.)
48. Y---Benitez (J.M.)
49. Y---Bernos (C.)
50. Y---Bernos (J.B.)
51. Y---Biron
52. Y---Bocobo
53. Y---Bolilia
54. Y---Bondoc
55. Y---Briones
56. Y---Bulut-Begtang
57. Y---Cagas
58. Y---Calderon
59. Y---Calixto
60. Y---Caoagdan
61. Y---Cari
62. Y---Castro
63. Y---Cayton
64. Y---Celeste
65. N---Cendaña
66. Y---Ceniza
67. D---Chan (J.)--(N/A)
68. Y---Chan
69. Y---Chua
70. Y---Chua-Tai
71. Y---Chungalao
72. D---Co ( E. S.)--(N/A)
73. N---Co (R. L. M.)
74. Y---Co-Pilar
75. Y---Cojuangco (J. E. M. D.)
76. Y---Cojuangco ( M. O.)
77. Y---Collantes
78. Y---Corvera
79. Y---Cruz (A.)
80. Y---Cruz (R. JR.)
81. Y---Cruzado
82. Y---Cua
83. Y---Dagooc
84. Y---Dalog
85. X---Dayanghirang
86. Y---Daza
87. Y---De Jesus
88. N---De Lima
89. Y---De Venecia
90. Y---Defensor
91. Y---Degamo
92. Y---Del Mar
93. Y---Delos Santos
94. Y---Dimacuha
95. Y---Dimaguila
96. Y---Dimaporo ( I. Q.)
97. Y---Dimaporo ( S. A. Q.)
98. N---Diokno
99. Y---Dionisio
100. Y---Domingo
101. Y---Domogan
102. A---Duterte (H.J.)
103. X---Duterte (O.V.)
104. X---Duterte (P.)
105. Y---Dy (F.)
106. Y---Dy (F.M.C.)
107. Y---Dy (I.P.)
108. N---Elago
109. Y---Emano
110. Y---Enverga
111. N---Erice
112. Y---Escudero
113. Y---Espares
114. Y---Espina
115. Y---Estrella
116. X---Ferrer (A. A.)
117. Y---Ferrer (J. )
118. Y---Flores
119. Y---Fortes
120. Y---Frasco
121. Y---Fresnedi
122. Y---Fuentebella
123. Y---Galang
124. Y---Galeos
125. Y---Garbin
126. Y---Garcia (A.)
127. Y---Garcia (D.)
128. Y---Garcia (J. A.)
129. Y---Garcia (K. H.)
130. Y---Garcia (M. A.)
131. Y---Gardiola
132. Y---Garin
133. Y---Gatchalian
134. Y---Gato
135. Y---Glepa
136. Y---Go
137. X---Gomez
138. Y---Gonzales (A.)
139. Y---Gonzales (A. M.)
140. Y---Gonzales (C. S.)
141. Y---Gonzales (R.)
142. Y---Gorriceta
143. Y---Guico
144. Y---Guintu
145. Y---Gullas
146. Y---Gutierrez
147. Y---Hernandez (C. A.)
148. Y---Hernandez (D. L.)
149. Y---Hernandez (F. L.)
150. Y---Hernandez (R. L.)
151. Y---Hofer-Hasim
152. Y---Horibata
153. N---Ismula
154. Y---Iway
155. Y---Javier
156. Y---Kho
157. Y---Kho (E. T.)
158. Y---Kho (W. T.)
159. Y---Khonghun
160. Y---Ko
161. Y---Labadlabad
162. Y---Lacson
163. Y---Lagbas
164. Y---Lagdameo (J. M. F.)
165. Y---Lagdameo (M. Y. M. Q.)
166. N---Lagman
167. Y---Lagon (D. A.)
168. Y---Lagon (S. L.)
169. Y---Lara
170. Y---Lazatin
171. Y---Ledesma
172. Y---Legacion
173. Y---Legarda
174. Y---Legazpi
175. N---Leviste
176. Y---Libanan
177. Y---Lopez
178. Y---Loria
179. Y---Loyola
180. Y---Luistro
181. Y---Lumayag
182. Y---Macapagal-Arroyo
183. Y---Macasaet
184. Y---Maceda
185. Y---Madrona
186. Y---Malapitan
187. Y---Mangudadatu
188. Y---Maniquiz
189. Y---Marañon
190. N---Marcoleta
191. Y---Marcos
192. Y---Marquez
193. Y---Mastura
194. Y---Matibag
195. Y---Matugas
196. Y---Mendoza
197. Y---Mercado
198. Y---Mercado-Revilla
199. Y---Miraflores
200. Y---Momo
201. Y---Montes
202. Y---Nava
203. Y---Nazal
204. Y---Nisay
205. Y---Nolasco
206. Y---Oaminal (H. F.)
207. Y---Oaminal (S. F. F.)
208. Y---Oducado
209. Y---Olivarez
210. Y---Ongchuan
211. Y---Ordanes
212. Y---Oreta (A. A.)
213. Y---Ortega
214. Y---Ouano-Dizon
215. Y---Padiernos
216. Y---Panaligan
217. Y---Pancho
218. Y---Panotes
219. Y---Pascual
220. Y---Perez
221. Y---Pimentel
222. Y---Plaza
223. Y---Pleyto
224. Y---Poe
225. Y---Primicias-Agabas
226. Y---Pumaren
227. Y---Puno
228. Y---Quimbo
229. Y---Rama
230. Y---Recto (R. S.)
231. Y---Regencia
232. Y---Remulla
233. Y---Revilla ( B. B.)
234. Y---Revilla (R. J.)
235. Y---Ridon
236. Y---Rivera
237. Y---Robes
238. Y---Rodriguez ( E. R.)
239. X---Rodriguez (M. B.)
240. Y---Rodriguez (R.B.)
241. Y---Roman
242. X---Romualdez (A.J.)
243. Y---Romualdez (F.M.)
244. X---Romualdez (Y.M.)
245. Y---Romualdo
246. Y---Romulo
247. Y---Roque
248. Y---Sagarbarria
249. Y---Sakaluran
250. Y---Salceda
251. Y---Sali
252. Y---Salvacion
253. Y---Salvador
254. Y---Salvame
255. Y---San Fernando
256. Y---Santos (M.A.S.)
257. Y---Santos (M.A.)
258. Y---Shimura
259. Y---Singson ( R.)
260. Y---Singson (R. V.)
261. X---Singson-Meehan
262. Y---Solon
263. D---Soriano--(N/A)
264. Y---Suan
265. Y---Suansing (B. V. B.)
266. Y---Suansing (M. A. B.)
267. Y---Suarez
268. Y---Suntay
269. X---Tallado
270. Y---Tan (A.)
271. Y---Tan (J. S.)
272. Y---Tan (K. M. D.L.)
273. X---Tan (R. M.T.)
274. Y---Tan (S. A.)
275. Y---Tan (S. J. T.)
276. Y---Tanchay
277. Y---Tanjuatco
278. Y---Tarriela
279. Y---Teodoro
280. Y---Tereng
281. Y---Teves
282. Y---Tiangco
283. Y---Tieng
284. N---Tinio
285. Y---Tolentino
286. Y---Tuan
287. Y---Tulfo (J. P.)
288. Y---Tulfo (R. W. P.)
289. Y---Tupas
290. Y---Tutor
291. Y---Ty
292. Y---Umali
293. X---Ungab
294. Y---Uy, (D. C. L.)
295. Y---Uy (R. JR.)
296. Y---Valeriano
297. Y---Vargas
298. Y---Vargas-Alfonso
299. Y---Veloso
300. Y---Veloso-Tuazon
301. Y---Vergara
302. Y---Villa ( Z.)
303. Y---Villafuerte (M. L. R.)
304. Y---Villafuerte (V. R. L. R.)
305. Y---Villanueva
306. Y---Villarica
307. Y---Violago
308. Y---Yamsuan
309. Y---Yap (A.)
310. Y---Yap (C.)
311. Y---Yap (EDVIC)
312. Y---Yap (ERIC)
313. Y---Yap ( G.)
314. Y---Yatco
315. Y---Ynares
316. Y---Yu (J.V.)
317. Y---Yu (J.K.)
318. Y---Yulo
319. Y---Zamora (M.C.)
320. Y---Zamora (Y.M.)
321. Y---Zubiri
Date Transmitted To The Senate: 2025-10-13
Actions Taken By The Senate/House
Date Received By The Senate: 2025-10-13
Date Passed By The Senate: 2025-12-09
Passed With Amendments(Y/N)? : Y
Conference Committee Information
Date Requested To Form A Conference Committee: 2025-12-09
Conference Committee Requested By: SENATE
Date CC Request Received By The House: 2025-12-11
Date CC Request Received By The Senate: 2025-12-11
Date Agreed To Form A Conference Committee: 2025-12-10
Remarks: Printed copies were electronically distributed to Members on October 10, 2025. Manifestation of Rep. Suansing (M.) on October 13, 2025. Transmitted electronically to the Senate on October 13, 2025. Thirty-five (35 copies) were physically transmitted to and received by the Senate on October 21, 2025
Concom Members (House): Suansing (M. A. B.), Garcia (A.), Singson-Meehan, Alvarez (J.), Zamora (M.C.), Momo, Rodriguez (R.B.), Romualdo, Yamsuan, Benitez (J.M.), Libanan, Ty
Concom Members (Senate): Gatchalian, Villar (M), Cayetano, Ejercito, Legarda, Pangilinan, Tulfo (E.), Villar (C), Dela Rosa, Go, Marcos
Date House Agreed On Concom Report: 2025-12-29
Date CC Message Received By The Senate: 2025-12-29
Date Senate Agreed On Concom Report: 2025-12-29
Date CC Message Received By The House: 2025-12-29
Date Copies Of Enrolled Bill Received By The Senate: 2025-12-29
Date Signed Copies Of Enrolled Bill Received By The House: 2025-12-29
Actions Taken By The President
Date Transmitted To The President: 2025-12-29
Date Acted Upon By The President: 2026-01-05","Republic Act No.: RA12314
Origin: HOUSE
Republic Act Title AN ACT APPROPRIATING FUNDS FOR THE OPERATION OF THE GOVERNMENT OF THE REPUBLIC OF THE PHILIPPINES FROM JANUARY ONE TO DECEMBER THIRTY ONE, TWO THOUSAND AND TWENTY SIX"
"HB04087","Principal Authored Bills","AN ACT STRENGTHENING THE BARANGAY AS THE BASIC LOCAL GOVERNMENT UNIT BY PROVIDING BARANGAY OFFICIALS, INCLUDING BARANGAY TANODS, MEMBERS OF THE LUPON NG TAGAPAMAYAPA, BARANGAY HEALTH WORKERS AND BARANGAY DAY CARE AN INCREASED HONORARIA, SOCIAL SECURITY, RETIREMENT BENEFITS, AND OTHER ENTITLEMENTS, AMENDING FOR THIS PURPOSE SECTION 393 OF REPUBLIC ACT NO. 7610, OTHERWISE KNOWN AS THE LOCAL GOVERNMENT CODE OF 1991, AND APPROPRIATING FUNDS THEREFOR","2025-08-27","National","1. CHUA-TAI, KATRINA REIKO","2025-09-01","LOCAL GOVERNMENT","Pending with the Committee on LOCAL GOVERNMENT since 2025-09-01","https://docs.congress.hrep.online/legisdocs/basic_20/hb04087.pdf","https://www.congress.gov.ph/bill/history?billno=HB04087&congress=20","","Referral To The Committee On: LOCAL GOVERNMENT On 2025-09-01","","","",""
"HB04232","Principal Authored Bills","AN ACT CONVERTING THE MAASIN LEARNING CENTER IN BARANGAY MAASIN, IN THE FIRST LEGISLATIVE DISTRICT OF ZAMBOANGA CITY INTO AN INTEGRATED SCHOOL TO BE KNOWN AS THE MAASIN INTEGRATED SCHOOL, AND APPROPRIATING FUNDS THEREFOR","2025-09-01","Local","1. CHUA-TAI, KATRINA REIKO","2025-09-03","BASIC EDUCATION AND CULTURE","Pending with the Committee on BASIC EDUCATION AND CULTURE since 2025-09-03","https://docs.congress.hrep.online/legisdocs/basic_20/hb04232.pdf","https://www.congress.gov.ph/bill/history?billno=HB04232&congress=20","","Referral To The Committee On: BASIC EDUCATION AND CULTURE On 2025-09-03","","","",""
"HB04242","Principal Authored Bills","AN ACT STRENGTHENING PHILIPPINE ROAD SAFETY ACTION PLAN FOR 2023-2028 BY ESTABLISHING ANIMAL SHELTERS IN EACH CITY OR MUNICIPALITY, AMENDING FOR THE PURPOSE REPUBLIC ACT NO. 8485, OTHERWISE KNOWN AS THE ANIMAL WELFARE ACT OF THE PHILIPPINES","2025-09-01","National","1. CHUA-TAI, KATRINA REIKO","2025-09-03","HEALTH","Pending with the Committee on HEALTH since 2025-09-03","https://docs.congress.hrep.online/legisdocs/basic_20/hb04242.pdf","https://www.congress.gov.ph/bill/history?billno=HB04242&congress=20","","Referral To The Committee On: HEALTH On 2025-09-03","","","",""
"HB04243","Principal Authored Bills","AN ACT STRENGTHENING EXECUTIVE ORDER NO. 193 OR THE 'NATIONAL GREENING PROGRAM AND THE FOREST PROTECTION PROGRAM' BY MANDATING EVERY LOCAL GOVERNMENT UNIT IN THE COUNTRY TO ALLOCATE ONE PERCENT (1%) OF ITS TOTAL REGISTERED LAND AREA OF JURISDICTION TO ESTABLISH FOREST PARKS AND PROVIDING FOR THE CONSERVATION, MAINTENANCE AND PROTECTION THEREOF","2025-09-01","National","1. CHUA-TAI, KATRINA REIKO","2025-09-03","REFORESTATION","Pending with the Committee on REFORESTATION since 2025-09-03","https://docs.congress.hrep.online/legisdocs/basic_20/hb04243.pdf","https://www.congress.gov.ph/bill/history?billno=HB04243&congress=20","","Referral To The Committee On: REFORESTATION On 2025-09-03","","","",""
"HB04244","Principal Authored Bills","AN ACT PROVIDING AFFORDABLE HOUSING PROGRAMS FOR PUBLIC SCHOOL TEACHERS, STRENGTHENING THEIR FINANCIAL LITERACY, AND FOR OTHER PURPOSES","2025-09-01","National","1. CHUA-TAI, KATRINA REIKO","2025-09-03","HOUSING AND URBAN DEVELOPMENT","Pending with the Committee on HOUSING AND URBAN DEVELOPMENT since 2025-09-03","https://docs.congress.hrep.online/legisdocs/basic_20/hb04244.pdf","https://www.congress.gov.ph/bill/history?billno=HB04244&congress=20","","Referral To The Committee On: HOUSING AND URBAN DEVELOPMENT On 2025-09-03","","","",""
"HB04371","Principal Authored Bills","AN ACT ESTABLISHING THE ZAMBOANGA CITY SPORTS ACADEMY AND TRAINING CENTER IN THE CITY OF ZAMBOANGA AND APPROPRIATING FUNDS THEREFOR","2025-09-04","Local","1. CHUA-TAI, KATRINA REIKO","2025-09-09","YOUTH AND SPORTS DEVELOPMENT","Pending with the Committee on YOUTH AND SPORTS DEVELOPMENT since 2025-09-09","https://docs.congress.hrep.online/legisdocs/basic_20/hb04371.pdf","https://www.congress.gov.ph/bill/history?billno=HB04371&congress=20","(Journal Entries)
1. Tiangco (000 2026-08-03)","Referral To The Committee On: YOUTH AND SPORTS DEVELOPMENT On 2025-09-09","","","",""
"HB04446","Principal Authored Bills","AN ACT STRENGTHENING THE PHILIPPINE PEARL INDUSTRY AND PROMOTING SUSTAINABLE PEARL FARMING AND TOURISM, AND FOR OTHER PURPOSES","2025-09-09","National","1. CHUA-TAI, KATRINA REIKO","2025-09-15","AQUACULTURE AND FISHERIES RESOURCES","Pending with the Committee on AQUACULTURE AND FISHERIES RESOURCES since 2025-09-15","https://docs.congress.hrep.online/legisdocs/basic_20/hb04446.pdf","https://www.congress.gov.ph/bill/history?billno=HB04446&congress=20","","Referral To The Committee On: AQUACULTURE AND FISHERIES RESOURCES On 2025-09-15","","","",""
"HB04447","Principal Authored Bills","AN ACT STRENGTHENING REPUBLIC ACT NO. 6972 TO ENSURE THE ESTABLISHMENT, REHABILITATION, AND CONTINUOUS OPERATION OF A DAY CARE CENTER IN EVERY BARANGAY, AND FOR OTHER PURPOSES","2025-09-09","National","1. CHUA-TAI, KATRINA REIKO","2025-09-15","WELFARE OF CHILDREN","Pending with the Committee on WELFARE OF CHILDREN since 2025-09-15","https://docs.congress.hrep.online/legisdocs/basic_20/hb04447.pdf","https://www.congress.gov.ph/bill/history?billno=HB04447&congress=20","(Journal Entries)
1. Legacion (000 2025-12-10)","Referral To The Committee On: WELFARE OF CHILDREN On 2025-09-15","","","",""
"HB04468","Principal Authored Bills","AN ACT DECLARING ZAMBOANGA CITY AS THE SARDINES CAPITAL OF THE PHILIPPINES, STRENGTHENING THE NATIONAL FISHERIES MANAGEMENT PROGRAM THROUGH THE DEVELOPMENT OF THE SARDINE INDUSTRY, SUPPORTING SUSTAINABLE RESOURCE USE, IMPROVING PROCESSING, PROVIDING LIVELIHOOD AND CREDIT SUPPORT, AND FOR OTHER PURPOSES","2025-09-09","National","1. CHUA-TAI, KATRINA REIKO","2025-09-15","AQUACULTURE AND FISHERIES RESOURCES","Pending with the Committee on AQUACULTURE AND FISHERIES RESOURCES since 2025-09-15","https://docs.congress.hrep.online/legisdocs/basic_20/hb04468.pdf","https://www.congress.gov.ph/bill/history?billno=HB04468&congress=20","","Referral To The Committee On: AQUACULTURE AND FISHERIES RESOURCES On 2025-09-15","","","",""
"HB04469","Principal Authored Bills","AN ACT INSTITUTIONALIZING SPECIAL EDUCATION (SPED) CENTERS IN PUBLIC SCHOOLS, PROVIDING FUNDS FOR SPED TEACHER TRAINING, SPECIALIZATION, AND SUPPORT, AND EXPANDING REPUBLIC ACT NO. 11223 (UNIVERSAL HEALTH CARE ACT) AND REPUBLIC ACT NO. 11959 (REGIONAL SPECIALTY CENTERS ACT) TO INCLUDE COMPREHENSIVE DEVELOPMENTAL AND SPECIALIZED EDUCATIONAL SERVICES FOR CHILDREN WITH DISABILITIES","2025-09-09","National","1. CHUA-TAI, KATRINA REIKO","2025-09-15","BASIC EDUCATION AND CULTURE","Pending with the Committee on BASIC EDUCATION AND CULTURE since 2025-09-15","https://docs.congress.hrep.online/legisdocs/basic_20/hb04469.pdf","https://www.congress.gov.ph/bill/history?billno=HB04469&congress=20","","Referral To The Committee On: BASIC EDUCATION AND CULTURE On 2025-09-15","","","",""
"HB04614","Principal Authored Bills","AN ACT CONVERTING PATALON ELEMENTARY SCHOOL IN BARANGAY PATALON, ZAMBOANGA CITY INTO AN INTEGRATED SCHOOL TO BE KNOWN AS THE PATALON INTEGRATED SCHOOL, AND APPROPRIATING FUNDS THEREFOR","2025-09-16","Local","1. CHUA-TAI, KATRINA REIKO","2025-09-23","BASIC EDUCATION AND CULTURE","Pending with the Committee on BASIC EDUCATION AND CULTURE since 2025-09-23","https://docs.congress.hrep.online/legisdocs/basic_20/hb04614.pdf","https://www.congress.gov.ph/bill/history?billno=HB04614&congress=20","","Referral To The Committee On: BASIC EDUCATION AND CULTURE On 2025-09-23","","","",""
"HB04615","Principal Authored Bills","AN ACT STRENGTHENING THE NATIONAL DAYCARE AND EARLY CHILDHOOD CARE AND DEVELOPMENT PROGRAM BY GRANTING FISCAL INCENTIVES TO PRIVATE ENTITIES THAT ESTABLISH OR SUPPORT DAYCARE PROGRAM, AND FOR OTHER PURPOSES","2025-09-16","National","1. CHUA-TAI, KATRINA REIKO","2025-09-23","WELFARE OF CHILDREN","Pending with the Committee on WELFARE OF CHILDREN since 2025-09-23","https://docs.congress.hrep.online/legisdocs/basic_20/hb04615.pdf","https://www.congress.gov.ph/bill/history?billno=HB04615&congress=20","","Referral To The Committee On: WELFARE OF CHILDREN On 2025-09-23","","","",""
"HB04803","Principal Authored Bills","AN ACT CREATING THE ZAMBOANGA CITY FISHERIES AND AQUATIC RESOURCES OFFICE AND TRAINING, DEVELOPMENT, AND PRODUCT CENTER IN ZAMBOANGA CITY, PROVIDING FOR ITS POWERS, FUNCTIONS, ORGANIZATION, AND FUNDING, AND FOR OTHER PURPOSES","2025-09-23","Local","1. CHUA-TAI, KATRINA REIKO","2025-09-25","AQUACULTURE AND FISHERIES RESOURCES","Pending with the Committee on AQUACULTURE AND FISHERIES RESOURCES since 2025-09-25","https://docs.congress.hrep.online/legisdocs/basic_20/hb04803.pdf","https://www.congress.gov.ph/bill/history?billno=HB04803&congress=20","","Referral To The Committee On: AQUACULTURE AND FISHERIES RESOURCES On 2025-09-25","","","",""
"HB04804","Principal Authored Bills","AN ACT INSTITUTIONALIZING THE BAGONG PILIPINAS MOBILE PRIMARY CARE FACILITY (PCF) OF THE DEPARTMENT OF HEALTH (DOH) TO PROVIDE PRIMARY HEALTH CARE, DIAGNOSTIC, AND DENTAL SERVICES IN REMOTE BARANGAYS AND ISLAND COMMUNITIES, ESTABLISHING A PILOT PROGRAM IN THE FIRST LEGISLATIVE DISTRICT OF ZAMBOANGA CITY, WITH PROVISIONS FOR NATIONWIDE EXPANSION, AND APPROPRIATING FUNDS THEREFOR","2025-09-23","Local","1. CHUA-TAI, KATRINA REIKO","2025-09-25","HEALTH","Pending with the Committee on HEALTH since 2025-09-25","https://docs.congress.hrep.online/legisdocs/basic_20/hb04804.pdf","https://www.congress.gov.ph/bill/history?billno=HB04804&congress=20","","Referral To The Committee On: HEALTH On 2025-09-25","","","",""
"HB04933","Principal Authored Bills","AN ACT ESTABLISHING A MARINE HATCHERY IN THE CITY OF ZAMBOANGA, TO BE MANAGED AND OPERATED BY THE ZAMBOANGA STATE COLLEGE OF MARINE SCIENCES AND TECHNOLOGY (ZSCMST), AND APPROPRIATING FUNDS THEREFOR","2025-09-29","Local","1. CHUA-TAI, KATRINA REIKO","2025-10-01","AQUACULTURE AND FISHERIES RESOURCES","Pending with the Committee on AQUACULTURE AND FISHERIES RESOURCES since 2025-10-01","https://docs.congress.hrep.online/legisdocs/basic_20/hb04933.pdf","https://www.congress.gov.ph/bill/history?billno=HB04933&congress=20","","Referral To The Committee On: AQUACULTURE AND FISHERIES RESOURCES On 2025-10-01","","","",""
"HB04934","Principal Authored Bills","AN ACT ESTABLISHING A FRAMEWORK FOR THE BLUE ECONOMY AND PROMOTING THE STEWARDSHIP AND SUSTAINABLE DEVELOPMENT OF COASTAL AND MARINE ECOSYSTEMS AND RESOURCES","2025-09-29","National","1. CHUA-TAI, KATRINA REIKO","2025-10-01","ECONOMIC AFFAIRS","Substituted by HB06762","https://docs.congress.hrep.online/legisdocs/basic_20/hb04934.pdf","https://www.congress.gov.ph/bill/history?billno=HB04934&congress=20","","Referral To The Committee On: ECONOMIC AFFAIRS On 2025-10-01","Mother Bill: HB06762
Co-Substituted Bills: HB01158, HB01553, HB02101, HB02250, HB02284, HB02324, HB02480, HB02683, HB02807, HB02807, HB03254, HB03819, HB04139, HB04653, HB04671, HB04791, HB04855, HB05116, HB05747, HB06086, HB06175, HB06297","","",""
"HB06762","Principal Authored Bills","AN ACT ESTABLISHING A FRAMEWORK FOR THE BLUE ECONOMY AND PROMOTING THE STEWARDSHIP AND SUSTAINABLE DEVELOPMENT OF COASTAL AND MARINE ECOSYSTEMS AND RESOURCES","2025-09-29","National","1. CHUA-TAI, KATRINA REIKO","2025-10-01","ECONOMIC AFFAIRS","Substituted by HB06762","https://docs.congress.hrep.online/legisdocs/basic_20/hb06762.pdf","https://www.congress.gov.ph/bill/history?billno=HB06762&congress=20","1. Domingo (000 2025-12-10)
2. Hernandez (C. A.) (000 2025-12-10)
3. Primicias-Agabas (000 2025-12-11)
4. Dionisio (000 2025-12-11)
5. Gutierrez (000 2025-12-11)
6. Ortega (000 2025-12-11)
7. Khonghun (000 2025-12-11)
8. Adiong (000 2025-12-11)
9. Remulla (000 2025-12-11)
10. Montes (000 2025-12-15)
11. Ordanes (000 2025-12-16)
12. Loyola (000 2025-12-17)
13. Guintu (000 2025-12-17)
14. De Lima (000 2025-12-16)
15. Mangudadatu (000 2025-12-22)
16. Cagas (000 2026-01-13)
17. Legacion (000 2025-12-17)
18. Beltran (000 2026-01-28)
19. Bernos (C.) (000 2026-02-09)
20. Garcia (K. H.) (000 2026-03-09)
21. Arenas (000 2026-03-09)
22. Cari (000 2026-03-09)
23. Ledesma (000 2026-04-14)
24. Javier (000 2026-05-11)
25. Maceda (000 2026-06-08)
Author/s (Final/Third Reading)
1. Legarda
2. Veloso-Tuazon
3. Benitez (J.M.)
4. Mercado-Revilla
5. Roman
6. Recto (R. S.)
7. Singson-Meehan
8. Suansing (B. V. B.)
9. Labadlabad
10. Nazal
11. Villafuerte (M. L. R.)
12. Villafuerte (V. R. L. R.)
13. Horibata
14. Ridon
15. Escudero
16. Co-Pilar
17. Suansing (M. A. B.)
18. Cojuangco (J. E. M. D.)
19. Dy (F.)
20. Marcos
21. Tulfo (R. W. P.)
22. Tulfo (J. P.)
23. Revilla ( B. B.)
24. Revilla (R. J.)
25. Suan
26. Emano
27. Romualdez (F.M.)
28. Romualdez (Y.M.)
29. Romualdez (A.J.)
30. Acidre
31. Legazpi
32. Chua-Tai
33. Zubiri
34. Villanueva
35. Salvame
36. Salceda
37. Olivarez
38. Macasaet
39. Pleyto
40. Alba
41. Marquez
42. Galang
43. Poe
44. Ko
45. Quimbo
46. Oreta (A. A.)
47. Rodriguez (M. B.)
48. De Jesus
49. Angeles
50. San Fernando
51. Gato
52. Beltran
53. Chua
54. Dimaguila
55. Amante
56. Nava
57. Solon
58. Padiernos
59. Lagbas
60. Daza
61. Yap (A.)
62. Villa ( Z.)
63. Baronda
64. Singson (R. V.)
65. Corvera
66. Mercado
67. Lopez
68. Roque
69. Ceniza
70. Montes
71. Tarriela
72. Rivera
73. Barbers
74. Pascual
75. Bancoro
76. Hernandez (C. A.)
77. Mangudadatu
78. Barba
79. Kho (W. T.)
80. Collantes
81. Diokno
82. Acosta
83. Romualdo
84. Glepa
85. Yu (J.K.)
86. Yu (J.V.)
87. Mastura
88. Vergara
89. Gonzales (A.)
90. Rama
91. Aumentado
92. Bondoc
93. Puno
94. Lagman
95. Lara
96. Domingo","Referral To The Committee On: RULES On 2025-12-10
Date Included In OB: 2025-12-10
Date Calendared: 2025-12-10","Committee Report No.: 00046
Submitted On: 2025-12-10
Submitted By: ECONOMIC AFFAIRS, WAYS AND MEANS, APPROPRIATIONS
Recommendations: Recommending its approval in substitution of House Bills Numbered 1158, 1553, 2101, 2250, 2284, 2324, 2480, 2683, 2807, 3254, 3819, 4139, 4653, 4671, 4791, 4855, 4934, 5116, 5747, 6086, 6175, and 6297
Substituted Bills: HB02683, HB02480, HB02324, HB02284, HB02250, HB02101, HB01553, HB01158, HB02807, HB02807, HB03254, HB03819, HB04139, HB04653, HB04671, HB04791, HB04855, HB04934, HB05116, HB05747, HB06086, HB06175, HB06297","Period Of Sponsorship: 2025-12-10
Sponsored By: Legarda
Period Of Interpellations: 2025-12-10
Interpellated By: De Jesus, Elago, Tinio
Period Of Individual Amendments: 2025-12-10
Amended By: Roman
Final List of Author
1. Legarda
2. Veloso-Tuazon
3. Benitez (J.M.)
4. Mercado-Revilla
5. Roman
6. Recto (R. S.)
7. Singson-Meehan
8. Suansing (B. V. B.)
9. Labadlabad
10. Nazal
11. Villafuerte (M. L. R.)
12. Villafuerte (V. R. L. R.)
13. Horibata
14. Ridon
15. Escudero
16. Co-Pilar
17. Suansing (M. A. B.)
18. Cojuangco (J. E. M. D.)
19. Dy (F.)
20. Marcos
21. Tulfo (R. W. P.)
22. Tulfo (J. P.)
23. Revilla ( B. B.)
24. Revilla (R. J.)
25. Suan
26. Emano
27. Romualdez (F.M.)
28. Romualdez (Y.M.)
29. Romualdez (A.J.)
30. Acidre
31. Legazpi
32. Chua-Tai
33. Zubiri
34. Villanueva
35. Salvame
36. Salceda
37. Olivarez
38. Macasaet
39. Pleyto
40. Alba
41. Marquez
42. Galang
43. Poe
44. Ko
45. Quimbo
46. Oreta (A. A.)
47. Rodriguez (M. B.)
48. De Jesus
49. Angeles
50. San Fernando
51. Gato
52. Beltran
53. Chua
54. Dimaguila
55. Amante
56. Nava
57. Solon
58. Padiernos
59. Lagbas
60. Daza
61. Yap (A.)
62. Villa ( Z.)
63. Baronda
64. Singson (R. V.)
65. Corvera
66. Mercado
67. Lopez
68. Roque
69. Ceniza
70. Montes
71. Tarriela
72. Rivera
73. Barbers
74. Pascual
75. Bancoro
76. Hernandez (C. A.)
77. Mangudadatu
78. Barba
79. Kho (W. T.)
80. Collantes
81. Diokno
82. Acosta
83. Romualdo
84. Glepa
85. Yu (J.K.)
86. Yu (J.V.)
87. Mastura
88. Vergara
89. Gonzales (A.)
90. Rama
91. Aumentado
92. Bondoc
93. Puno
94. Lagman
95. Lara
96. Domingo
Date Approved On Second Reading: 2025-12-10","Date Copy Distributed To Members: 2025-12-11
Date Approved By The House On Third Reading: 2025-12-16
Third Reading Title: AN ACT ESTABLISHING A FRAMEWORK FOR BLUE ECONOMY, PROMOTING STEWARDSHIP AND SUSTAINABLE DEVELOPMENT OF COASTAL AND MARINE ECOSYSTEMS AND RESOURCES
House Votes: YEAS:276 NAYS:3 ABSTAIN:0
Voting Details Per Member
(Legend:Y-Yes N-No A-Abstain X-Did Not Vote B-Absent D-N/A)
1. Y---Abalos
2. Y---Abante
3. Y---Acidre
4. D---Acop (P.C.)--(N/A)
5. X---Acop
6. Y---Acosta
7. Y---Adiong
8. Y---Advincula
9. Y---Agarao
10. Y---Agyao
11. Y---Alano
12. Y---Alba
13. Y---Albano
14. Y---Almario (C.M.)
15. Y---Almario (D.)
16. Y---Almonte
17. Y---Alvarez (J.)
18. Y---Alvarez (M.)
19. Y---Amante
20. X---Amatong
21. Y---Ang
22. Y---Angara
23. Y---Angeles
24. Y---Aquino
25. Y---Aquino-Magsaysay
26. Y---Arbison (M. N. JR.)
27. Y---Arbison (M. M.)
28. Y---Arenas
29. Y---Arrogancia
30. Y---Asistio
31. Y---Atayde
32. Y---Aumentado
33. Y---Ayon
34. Y---Bag-ao
35. Y---Balindong
36. Y---Bañas-Nograles
37. Y---Bancoro
38. Y---Barba
39. Y---Barbers
40. Y---Baronda
41. D---Barzaga--(N/A)
42. Y---Bacsug
43. Y---Bautista (C. P.)
44. Y---Bautista (J. M. G.)
45. Y---Bautista-Lim
46. Y---Beltran
47. Y---Benitez (A.)
48. Y---Benitez (J.M.)
49. Y---Bernos (C.)
50. Y---Bernos (J.B.)
51. Y---Biron
52. Y---Bocobo
53. Y---Bolilia
54. Y---Bondoc
55. Y---Briones
56. Y---Bulut-Begtang
57. Y---Cagas
58. Y---Calderon
59. Y---Calixto
60. Y---Caoagdan
61. Y---Cari
62. Y---Castro
63. Y---Cayton
64. Y---Celeste
65. Y---Cendaña
66. Y---Ceniza
67. D---Chan (J.)--(N/A)
68. Y---Chan
69. Y---Chua
70. Y---Chua-Tai
71. Y---Chungalao
72. D---Co ( E. S.)--(N/A)
73. N---Co (R. L. M.)
74. Y---Co-Pilar
75. Y---Cojuangco (J. E. M. D.)
76. Y---Cojuangco ( M. O.)
77. X---Collantes
78. Y---Corvera
79. Y---Cruz (A.)
80. X---Cruz (R. JR.)
81. Y---Cruzado
82. Y---Cua
83. Y---Dagooc
84. Y---Dalog
85. X---Dayanghirang
86. Y---Daza
87. X---De Jesus
88. Y---De Lima
89. Y---De Venecia
90. Y---Defensor
91. Y---Degamo
92. Y---Del Mar
93. Y---Delos Santos
94. Y---Dimacuha
95. Y---Dimaguila
96. Y---Dimaporo ( I. Q.)
97. Y---Dimaporo ( S. A. Q.)
98. Y---Diokno
99. Y---Dionisio
100. Y---Domingo
101. Y---Domogan
102. X---Duterte (H.J.)
103. X---Duterte (O.V.)
104. X---Duterte (P.)
105. Y---Dy (F.)
106. Y---Dy (F.M.C.)
107. Y---Dy (I.P.)
108. N---Elago
109. Y---Emano
110. Y---Enverga
111. Y---Erice
112. Y---Escudero
113. Y---Espares
114. Y---Espina
115. Y---Estrella
116. Y---Ferrer (A. A.)
117. Y---Ferrer (J. )
118. X---Flores
119. Y---Fortes
120. Y---Frasco
121. Y---Fresnedi
122. X---Fuentebella
123. Y---Galang
124. Y---Galeos
125. X---Garbin
126. Y---Garcia (A.)
127. Y---Garcia (D.)
128. Y---Garcia (J. A.)
129. Y---Garcia (K. H.)
130. Y---Garcia (M. A.)
131. Y---Gardiola
132. X---Garin
133. Y---Gatchalian
134. Y---Gato
135. Y---Glepa
136. X---Go
137. X---Gomez
138. Y---Gonzales (A.)
139. Y---Gonzales (A. M.)
140. Y---Gonzales (C. S.)
141. Y---Gonzales (R.)
142. X---Gorriceta
143. Y---Guico
144. Y---Guintu
145. Y---Gullas
146. Y---Gutierrez
147. Y---Hernandez (C. A.)
148. Y---Hernandez (D. L.)
149. Y---Hernandez (F. L.)
150. Y---Hernandez (R. L.)
151. Y---Hofer-Hasim
152. Y---Horibata
153. Y---Ismula
154. X---Iway
155. Y---Javier
156. Y---Kho
157. Y---Kho (E. T.)
158. Y---Kho (W. T.)
159. Y---Khonghun
160. Y---Ko
161. Y---Labadlabad
162. Y---Lacson
163. Y---Lagbas
164. Y---Lagdameo (J. M. F.)
165. Y---Lagdameo (M. Y. M. Q.)
166. Y---Lagman
167. Y---Lagon (D. A.)
168. Y---Lagon (S. L.)
169. Y---Lara
170. Y---Lazatin
171. Y---Ledesma
172. Y---Legacion
173. Y---Legarda
174. X---Legazpi
175. D---Legazpi(K.)--(N/A)
176. X---Leviste
177. Y---Libanan
178. Y---Lopez
179. Y---Loria
180. Y---Loyola
181. Y---Luistro
182. Y---Lumayag
183. X---Macapagal-Arroyo
184. Y---Macasaet
185. Y---Maceda
186. Y---Madrona
187. Y---Malapitan
188. Y---Mangudadatu
189. Y---Maniquiz
190. Y---Marañon
191. Y---Marcoleta
192. Y---Marcos
193. Y---Marquez
194. Y---Mastura
195. Y---Matibag
196. Y---Matugas
197. Y---Mendoza
198. X---Mercado
199. Y---Mercado-Revilla
200. Y---Miraflores
201. Y---Momo
202. Y---Montes
203. Y---Nava
204. Y---Nazal
205. Y---Nisay
206. Y---Nolasco
207. Y---Oaminal (H. F.)
208. Y---Oaminal (S. F. F.)
209. Y---Oducado
210. Y---Olivarez
211. Y---Ongchuan
212. Y---Ordanes
213. Y---Oreta (A. A.)
214. Y---Ortega
215. Y---Ouano-Dizon
216. Y---Padiernos
217. Y---Panaligan
218. Y---Pancho
219. X---Panotes
220. Y---Pascual
221. Y---Perez
222. Y---Pimentel
223. Y---Plaza
224. Y---Pleyto
225. Y---Poe
226. Y---Primicias-Agabas
227. X---Pumaren
228. X---Puno
229. Y---Quimbo
230. Y---Rama
231. Y---Recto (R. S.)
232. Y---Regencia
233. Y---Remulla
234. Y---Revilla ( B. B.)
235. X---Revilla (R. J.)
236. Y---Ridon
237. Y---Rivera
238. Y---Robes
239. Y---Rodriguez ( E. R.)
240. Y---Rodriguez (M. B.)
241. Y---Rodriguez (R.B.)
242. Y---Roman
243. Y---Romualdez (A.J.)
244. Y---Romualdez (F.M.)
245. Y---Romualdez (Y.M.)
246. Y---Romualdo
247. Y---Romulo
248. Y---Roque
249. Y---Sagarbarria
250. Y---Sakaluran
251. Y---Salceda
252. Y---Sali
253. Y---Salvacion
254. Y---Salvador
255. Y---Salvame
256. Y---San Fernando
257. Y---Santos (M.A.S.)
258. Y---Santos (M.A.)
259. Y---Shimura
260. Y---Singson ( R.)
261. Y---Singson (R. V.)
262. Y---Singson-Meehan
263. Y---Solon
264. D---Soriano--(N/A)
265. Y---Suan
266. Y---Suansing (B. V. B.)
267. Y---Suansing (M. A. B.)
268. X---Suarez
269. Y---Suntay
270. Y---Tallado
271. Y---Tan (A.)
272. Y---Tan (J. S.)
273. Y---Tan (K. M. D.L.)
274. X---Tan (R. M.T.)
275. X---Tan (S. A.)
276. X---Tan (S. J. T.)
277. Y---Tanchay
278. X---Tanjuatco
279. Y---Tarriela
280. Y---Teodoro
281. Y---Tereng
282. Y---Teves
283. Y---Tiangco
284. Y---Tieng
285. N---Tinio
286. X---Tolentino
287. Y---Tuan
288. Y---Tulfo (J. P.)
289. Y---Tulfo (R. W. P.)
290. Y---Tupas
291. Y---Tutor
292. Y---Ty
293. Y---Umali
294. X---Ungab
295. Y---Uy, (D. C. L.)
296. Y---Uy (R. JR.)
297. Y---Valeriano
298. Y---Vargas
299. Y---Vargas-Alfonso
300. Y---Veloso
301. Y---Veloso-Tuazon
302. Y---Vergara
303. Y---Villa ( Z.)
304. Y---Villafuerte (M. L. R.)
305. Y---Villafuerte (V. R. L. R.)
306. X---Villanueva
307. Y---Villarica
308. Y---Violago
309. Y---Yamsuan
310. Y---Yap (A.)
311. Y---Yap (C.)
312. X---Yap (EDVIC)
313. X---Yap (ERIC)
314. Y---Yap ( G.)
315. X---Yatco
316. Y---Ynares
317. X---Yu (J.V.)
318. Y---Yu (J.K.)
319. Y---Yulo
320. Y---Zamora (M.C.)
321. Y---Zamora (Y.M.)
322. Y---Zubiri
Date Transmitted To The Senate: 2025-12-17
Actions Taken By The Senate/House
Date Received By The Senate: 2025-12-17",""
"HB05019","Principal Authored Bills","AN ACT ALLOWING THE APPOINTMENT OF FACULTY, RESEARCHERS, AND ADMINISTRATORS WITH DUAL CITIZENSHIP IN PUBLIC HIGHER EDUCATION INSTITUTIONS, AMENDING FOR THE PURPOSE SECTION 5 (3) OF REPUBLIC ACT NO. 9225, OTHERWISE KNOWN AS THE ""CITIZENSHIP RETENTION AND RE-ACQUISITION ACT OF 2003""","2025-09-30","National","1. ROMUALDEZ, FERDINAND MARTIN G. 2. ROMUALDEZ, YEDDA MARIE K. 3. ROMUALDEZ, ANDREW JULIAN K. 4. ACIDRE, JUDE A. 5. ROMULO, ROMAN T. 6. ORETA, ANTOLIN III A. 7. BAUTISTA, JOHANNE MONICH G. 8. TINIO, ANTONIO L. 9. CALDERON, PATRICIA C. 10. SAN FERNANDO, ELIJAH RUMBAOA 11. DIMAGUILA, WALFREDO ""ARMAN"" R. JR. 12. GATCHALIAN, KENNETH T. 13. FRESNEDI, JAIME R. 14. LAGBAS, ATTY. JENNIFER ""Karen"" A. 15. LOPEZ, MA. CRISTINA TALAVERA 16. YAP, CHRISTOPHERSON ""Coco"" M. 17. UY, DE CARLO L. 18. ESPARES, FELIMON M. 19. CRUZADO, EDWIN L.,MD. 20. YATCO, FLORABEL C. 21. COLLANTES, KING 22. LARA, JOSEPH ""Jojo"" L. 23. CHUA-TAI, KATRINA REIKO 24. CARI, CARL NICOLAS C. 25. YNARES, REBECCA MARIA ALCANTARA 26. SALVADOR, MARIO ""Kokoy"" O. 27. KHO, WILTON ""Tonton"" T. 28. BONDOC, ANNA YORK P. MD","2025-10-02","HIGHER AND TECHNICAL EDUCATION","Approved by the House on 2026-03-03, transmitted to the Senate on 2026-03-04 and received by the Senate on 2026-03-04","https://docs.congress.hrep.online/legisdocs/basic_20/hb05019.pdf","https://www.congress.gov.ph/bill/history?billno=HB05019&congress=20","1. Marcos (000 2026-02-25)
Authors (Committee Report)
1. Romualdez (F.M.)
2. Romualdez (Y.M.)
3. Romualdez (A.J.)
4. Acidre
5. Romulo
6. Oreta (A. A.)
7. Bautista (J. M. G.)
8. Tinio
9. Calderon
10. San Fernando
11. Dimaguila
12. Gatchalian
13. Fresnedi
14. Lagbas
15. Lopez
16. Yap (C.)
17. Uy, (D. C. L.)
18. Espares
19. Cruzado
20. Yatco
21. Collantes
22. Lara
23. Chua-Tai
24. Cari
25. Ynares
26. Salvador
27. Kho (W. T.)
28. Bondoc","Referral To The Committee On: HIGHER AND TECHNICAL EDUCATION On 2025-10-02
Date Included In OB: 2026-02-09
Date Calendared: 2026-02-23","Committee Hearings/Actions:
1. Measure approved by the Committee on 2025-11-18
Committee Report No.: 00104
Submitted On: 2026-02-04
Submitted By: HIGHER AND TECHNICAL EDUCATION
Recommendations: Recommending its approval without amendment","Period Of Sponsorship: 2026-02-24
Sponsored By: Acidre
Period Of Interpellations: 2026-02-24
Interpellated By: Defensor, Tinio
Date Approved On Second Reading: 2026-02-24","Date Copy Distributed To Members: 2026-02-26
Date Approved By The House On Third Reading: 2026-03-03
Third Reading Title: AN ACT ALLOWING THE APPOINTMENT OF FACULTY, RESEARCHERS, AND ADMINISTRATORS WITH DUAL CITIZENSHIP IN PUBLIC HIGHER EDUCATION INSTITUTIONS, AMENDING FOR THE PURPOSE SECTION 5 (3) OF REPUBLIC ACT NO. 9225, OTHERWISE KNOWN AS THE ""CITIZENSHIP RETENTION AND RE-ACQUISITION ACT OF 2003""
House Votes: YEAS:244 NAYS:5 ABSTAIN:0
Voting Details Per Member
(Legend:Y-Yes N-No A-Abstain X-Did Not Vote B-Absent D-N/A)
1. Y---Abalos
2. X---Abante
3. Y---Acidre
4. D---Acop (P.C.)--(N/A)
5. D---Acop--(N/A)
6. Y---Acosta
7. Y---Adiong
8. X---Advincula
9. Y---Agarao
10. Y---Agyao
11. Y---Alano
12. Y---Alba
13. Y---Albano
14. X---Almario (C.M.)
15. Y---Almario (D.)
16. X---Almonte
17. Y---Alvarez (J.)
18. X---Alvarez (M.)
19. Y---Amante
20. Y---Amatong
21. Y---Ang
22. Y---Angara
23. Y---Angeles
24. Y---Aquino
25. Y---Aquino-Magsaysay
26. Y---Arbison (M. N. JR.)
27. Y---Arbison (M. M.)
28. X---Arenas
29. Y---Arrogancia
30. Y---Asistio
31. Y---Atayde
32. X---Aumentado
33. Y---Ayon
34. Y---Bag-ao
35. Y---Balindong
36. Y---Bañas-Nograles
37. Y---Bancoro
38. Y---Barba
39. Y---Barbers
40. Y---Baronda
41. D---Barzaga--(N/A)
42. Y---Bacsug
43. X---Bautista (C. P.)
44. Y---Bautista (J. M. G.)
45. X---Bautista-Lim
46. X---Beltran
47. Y---Benitez (A.)
48. Y---Benitez (J.M.)
49. Y---Bernos (C.)
50. Y---Bernos (J.B.)
51. Y---Biron
52. Y---Bocobo
53. Y---Bolilia
54. X---Bondoc
55. Y---Briones
56. Y---Bulut-Begtang
57. Y---Cagas
58. Y---Calderon
59. Y---Calixto
60. Y---Caoagdan
61. X---Cari
62. Y---Castro
63. Y---Cayton
64. Y---Celeste
65. Y---Cendaña
66. X---Ceniza
67. Y---Chan (J.)
68. Y---Chan
69. X---Chua
70. Y---Chua-Tai
71. Y---Chungalao
72. D---Co ( E. S.)--(N/A)
73. N---Co (R. L. M.)
74. Y---Co-Pilar
75. Y---Cojuangco (J. E. M. D.)
76. Y---Cojuangco ( M. O.)
77. X---Collantes
78. Y---Corvera
79. Y---Cruz (A.)
80. Y---Cruz (R. JR.)
81. Y---Cruzado
82. Y---Cua
83. Y---Dagooc
84. Y---Dalog
85. X---Dayanghirang
86. X---Daza
87. X---De Jesus
88. Y---De Lima
89. Y---De Venecia
90. N---Defensor
91. Y---Degamo
92. Y---Del Mar
93. X---Delos Santos
94. Y---Dimacuha
95. Y---Dimaguila
96. Y---Dimaporo ( I. Q.)
97. Y---Dimaporo ( S. A. Q.)
98. Y---Diokno
99. Y---Dionisio
100. Y---Domingo
101. Y---Domogan
102. X---Duterte (H.J.)
103. X---Duterte (O.V.)
104. X---Duterte (P.)
105. Y---Dy (F.)
106. Y---Dy (F.M.C.)
107. Y---Dy (I.P.)
108. N---Elago
109. Y---Emano
110. Y---Enverga
111. Y---Erice
112. Y---Escudero
113. Y---Espares
114. Y---Espina
115. Y---Estrella
116. Y---Ferrer (A. A.)
117. Y---Ferrer (J. )
118. X---Flores
119. Y---Fortes
120. X---Frasco
121. Y---Fresnedi
122. X---Fuentebella
123. Y---Galang
124. Y---Galeos
125. X---Garbin
126. X---Garcia (A.)
127. Y---Garcia (D.)
128. Y---Garcia (J. A.)
129. Y---Garcia (K. H.)
130. Y---Garcia (M. A.)
131. Y---Gardiola
132. X---Garin
133. Y---Gatchalian
134. Y---Gato
135. Y---Glepa
136. Y---Go
137. X---Gomez
138. Y---Gonzales (A.)
139. Y---Gonzales (A. M.)
140. Y---Gonzales (C. S.)
141. Y---Gonzales (R.)
142. Y---Gorriceta
143. Y---Guico
144. Y---Guintu
145. X---Gullas
146. Y---Gutierrez
147. Y---Hernandez (C. A.)
148. Y---Hernandez (D. L.)
149. Y---Hernandez (F. L.)
150. Y---Hernandez (R. L.)
151. Y---Hofer-Hasim
152. X---Horibata
153. Y---Ismula
154. Y---Iway
155. Y---Javier
156. Y---Kho
157. Y---Kho (E. T.)
158. Y---Kho (W. T.)
159. Y---Khonghun
160. Y---Ko
161. Y---Labadlabad
162. Y---Lacson
163. Y---Lagbas
164. Y---Lagdameo (J. M. F.)
165. Y---Lagdameo (M. Y. M. Q.)
166. Y---Lagman
167. Y---Lagon (D. A.)
168. Y---Lagon (S. L.)
169. Y---Lara
170. Y---Lazatin
171. Y---Ledesma
172. Y---Legacion
173. Y---Legarda
174. Y---Legazpi
175. D---Legazpi(K.)--(N/A)
176. X---Leviste
177. Y---Libanan
178. Y---Lopez
179. Y---Loria
180. Y---Loyola
181. Y---Luistro
182. Y---Lumayag
183. X---Macapagal-Arroyo
184. Y---Macasaet
185. Y---Maceda
186. Y---Madrona
187. Y---Malapitan
188. Y---Mangudadatu
189. Y---Maniquiz
190. X---Marañon
191. X---Marcoleta
192. Y---Marcos
193. X---Marquez
194. Y---Mastura
195. Y---Matibag
196. Y---Matugas
197. X---Mendoza
198. Y---Mercado
199. Y---Mercado-Revilla
200. Y---Miraflores
201. Y---Momo
202. Y---Montes
203. Y---Nava
204. Y---Nazal
205. Y---Nisay
206. Y---Nolasco
207. Y---Oaminal (H. F.)
208. X---Oaminal (S. F. F.)
209. Y---Oducado
210. Y---Olivarez
211. X---Ongchuan
212. Y---Ordanes
213. Y---Oreta (A. A.)
214. Y---Ortega
215. Y---Ouano-Dizon
216. Y---Padiernos
217. X---Panaligan
218. Y---Pancho
219. Y---Panotes
220. Y---Pascual
221. Y---Perez
222. X---Pimentel
223. Y---Plaza
224. Y---Pleyto
225. Y---Poe
226. Y---Primicias-Agabas
227. Y---Pumaren
228. X---Puno
229. Y---Quimbo
230. Y---Rama
231. Y---Recto (R. S.)
232. X---Regencia
233. Y---Remulla
234. X---Revilla ( B. B.)
235. Y---Revilla (R. J.)
236. Y---Ridon
237. Y---Rivera
238. Y---Robes
239. Y---Rodriguez ( E. R.)
240. Y---Rodriguez (M. B.)
241. Y---Rodriguez (R.B.)
242. Y---Roman
243. X---Romualdez (A.J.)
244. X---Romualdez (F.M.)
245. X---Romualdez (Y.M.)
246. Y---Romualdo
247. Y---Romulo
248. X---Roque
249. Y---Sagarbarria
250. Y---Sakaluran
251. Y---Salceda
252. Y---Sali
253. Y---Salvacion
254. Y---Salvador
255. Y---Salvame
256. Y---San Fernando
257. Y---Santos (M.A.S.)
258. Y---Santos (M.A.)
259. Y---Shimura
260. Y---Singson ( R.)
261. Y---Singson (R. V.)
262. X---Singson-Meehan
263. Y---Solon
264. D---Soriano--(N/A)
265. Y---Suan
266. X---Suansing (B. V. B.)
267. X---Suansing (M. A. B.)
268. X---Suarez
269. Y---Suntay
270. Y---Tallado
271. X---Tan (A.)
272. Y---Tan (J. S.)
273. Y---Tan (K. M. D.L.)
274. X---Tan (R. M.T.)
275. Y---Tan (S. A.)
276. X---Tan (S. J. T.)
277. Y---Tanchay
278. Y---Tanjuatco
279. Y---Tarriela
280. Y---Teodoro
281. Y---Tereng
282. Y---Teves
283. Y---Tiangco
284. X---Tieng
285. N---Tinio
286. Y---Tolentino
287. Y---Tuan
288. Y---Tulfo (J. P.)
289. Y---Tulfo (R. W. P.)
290. Y---Tupas
291. X---Tutor
292. X---Ty
293. Y---Umali
294. X---Ungab
295. X---Uy, (D. C. L.)
296. Y---Uy (R. JR.)
297. Y---Valeriano
298. Y---Vargas
299. Y---Vargas-Alfonso
300. Y---Veloso
301. Y---Veloso-Tuazon
302. Y---Vergara
303. Y---Villa ( Z.)
304. Y---Villafuerte (M. L. R.)
305. Y---Villafuerte (V. R. L. R.)
306. X---Villanueva
307. Y---Villarica
308. X---Violago
309. Y---Yamsuan
310. Y---Yap (A.)
311. X---Yap (C.)
312. D---Yap (EDVIC)--(N/A)
313. X---Yap (ERIC)
314. Y---Yap ( G.)
315. Y---Yatco
316. Y---Ynares
317. X---Yu (J.V.)
318. Y---Yu (J.K.)
319. Y---Yulo
320. X---Zamora (M.C.)
321. Y---Zamora (Y.M.)
322. N---Zubiri
Date Transmitted To The Senate: 2026-03-04
Actions Taken By The Senate/House
Date Received By The Senate: 2026-03-04",""
"HB05069","Principal Authored Bills","AN ACT INSTITUTIONALIZING THE CIRCULAR ECONOMY FRAMEWORK TO PROMOTE SUSTAINABLE RESOURCE MANAGEMENT, WASTE REDUCTION, AND GREEN INNOVATION, AND FOR OTHER PURPOSES","2025-10-02","National","1. CHUA-TAI, KATRINA REIKO","2025-10-07","ECONOMIC AFFAIRS","Pending with the Committee on ECONOMIC AFFAIRS since 2025-10-07","https://docs.congress.hrep.online/legisdocs/basic_20/hb05069.pdf","https://www.congress.gov.ph/bill/history?billno=HB05069&congress=20","","Referral To The Committee On: ECONOMIC AFFAIRS On 2025-10-07","","","",""
"HB05070","Principal Authored Bills","AN ACT STRENGTHENING THE SUGARCANE INDUSTRY, INCREASING ITS ANNUAL SUPPLEMENTAL BUDGET, AND FOR OTHER PURPOSES","2025-10-02","National","1. CHUA-TAI, KATRINA REIKO","2025-10-07","AGRICULTURE AND FOOD","Pending with the Committee on AGRICULTURE AND FOOD since 2025-10-07","https://docs.congress.hrep.online/legisdocs/basic_20/hb05070.pdf","https://www.congress.gov.ph/bill/history?billno=HB05070&congress=20","1. Beltran (000 2025-12-11)","Referral To The Committee On: AGRICULTURE AND FOOD On 2025-10-07","","","",""
"HB05271","Principal Authored Bills","AN ACT PROVIDING FOR THE PLACEMENT OF TOURIST MARKERS IN ALL RECOGNIZED TOURIST SITES AND GATEWAY CITIES IN THE COUNTRY, APPROPRIATING FUNDS THEREFOR, AND FOR OTHER PURPOSES","2025-10-07","National","1. CHUA-TAI, KATRINA REIKO","2025-10-10","TOURISM","Pending with the Committee on TOURISM since 2025-10-10","https://docs.congress.hrep.online/legisdocs/basic_20/hb05271.pdf","https://www.congress.gov.ph/bill/history?billno=HB05271&congress=20","","Referral To The Committee On: TOURISM On 2025-10-10","","","",""
"HB05272","Principal Authored Bills","AN ACT MANDATING THE DEPARTMENT OF EDUCATION (DepEd) AND THE DEPARTMENT OF PUBLIC WORKS AND HIGHWAYS (DPWH) TO ALLOCATE FUNDS FOR THE CONSTRUCTION OF WATER, SANITATION, AND HYGIENE (WASH) AREAS IN ALL PUBLIC SCHOOLS NATIONWIDE, AND FOR OTHER PURPOSES","2025-10-07","National","1. CHUA-TAI, KATRINA REIKO","2025-10-10","BASIC EDUCATION AND CULTURE","Pending with the Committee on BASIC EDUCATION AND CULTURE since 2025-10-10","https://docs.congress.hrep.online/legisdocs/basic_20/hb05272.pdf","https://www.congress.gov.ph/bill/history?billno=HB05272&congress=20","","Referral To The Committee On: BASIC EDUCATION AND CULTURE On 2025-10-10","","","",""
"HB05273","Principal Authored Bills","AN ACT GRANTING INDIGENT SENIOR CITIZENS AND PERSONS WITH DISABILITIES IN THE PHILIPPINES FREE COMPREHENSIVE SENSORY HEALTH EXAMINATION, PROVIDING THEM WITH ASSISTIVE DEVICES, INCENTIVIZING PRIVATE INSTITUTIONS THAT SUPPORT THIS ENDEAVOR, AND PROVIDING FUNDS THEREFOR","2025-10-07","National","1. CHUA-TAI, KATRINA REIKO","2025-10-10","SENIOR CITIZENS","Pending with the Committee on SENIOR CITIZENS since 2025-10-10","https://docs.congress.hrep.online/legisdocs/basic_20/hb05273.pdf","https://www.congress.gov.ph/bill/history?billno=HB05273&congress=20","","Referral To The Committee On: SENIOR CITIZENS On 2025-10-10
Secondarily Referred To The Committee(s) On: PERSONS WITH DISABILITIES","","","",""
"HB05274","Principal Authored Bills","AN ACT INSTITUTIONALIZING THE ZAMBOANGA CREATIVE AND CULTURE INDUSTRY DEVELOPMENT PROGRAM, PROVIDING GRANTS, INCENTIVES, TECHNICAL SUPPORT, AND MARKET ACCESS FOR LOCAL ARTISANS AND CULTURAL PERFORMERS, AND FOR OTHER PURPOSES","2025-10-07","Local","1. CHUA-TAI, KATRINA REIKO","2025-10-10","CREATIVE INDUSTRIES","Pending with the Committee on CREATIVE INDUSTRIES since 2025-10-10","https://docs.congress.hrep.online/legisdocs/basic_20/hb05274.pdf","https://www.congress.gov.ph/bill/history?billno=HB05274&congress=20","","Referral To The Committee On: CREATIVE INDUSTRIES On 2025-10-10","","","",""
"HB05365","Principal Authored Bills","AN ACT ESTABLISHING THE UNIVERSITY OF THE PHILIPPINES IN ZAMBOANGA CITY, APPROPRIATING FUNDS THEREFOR, AND FOR OTHER PURPOSES","2025-10-08","Local","1. RODRIGUEZ, RUFUS B. 2. RODRIGUEZ, MAXIMO JR. B. 3. CHUA-TAI, KATRINA REIKO","2025-10-13","HIGHER AND TECHNICAL EDUCATION","Pending with the Committee on HIGHER AND TECHNICAL EDUCATION since 2025-10-13","https://docs.congress.hrep.online/legisdocs/basic_20/hb05365.pdf","https://www.congress.gov.ph/bill/history?billno=HB05365&congress=20","1. Alano (000 2025-10-13)
2. Bancoro (000 2025-10-13)
3. Glepa (000 2025-10-13)
4. Hofer-Hasim (000 2025-10-13)
5. Labadlabad (000 2025-10-13)
6. Perez (000 2025-10-13)
7. Yu (J.K.) (000 2025-10-13)
8. Yu (J.V.) (000 2025-10-13)
9. Arbison (M. N. JR.) (000 2026-02-10)","Referral To The Committee On: HIGHER AND TECHNICAL EDUCATION On 2025-10-13","","","",""
"HB05530","Principal Authored Bills","AN ACT INTEGRATING VOTER EDUCATION INTO THE K TO 12 CURRICULUM, REINFORCING IT AS A FORMAL SUBJECT IN JUNIOR AND SENIOR HIGH SCHOOL PROGRAMS UNDER THE DEPARTMENT OF EDUCATION, AND REQUIRING ITS INTEGRATION INTO FILIPINO SCHOOLS ABROAD, AND FOR OTHER PURPOSES","2025-10-13","National","1. CHUA-TAI, KATRINA REIKO","2025-11-11","BASIC EDUCATION AND CULTURE","Pending with the Committee on BASIC EDUCATION AND CULTURE since 2025-11-11","https://docs.congress.hrep.online/legisdocs/basic_20/hb05530.pdf","https://www.congress.gov.ph/bill/history?billno=HB05530&congress=20","1. Legacion (000 2025-12-10)","Referral To The Committee On: BASIC EDUCATION AND CULTURE On 2025-11-11","","","",""
"HB05531","Principal Authored Bills","AN ACT ESTABLISHING A COLLEGE OF VETERINARY MEDICINE AT THE WESTERN MINDANAO STATE UNIVERSITY IN ZAMBOANGA CITY, IN COMPLIANCE WITH THE GUIDELINES SET FORTH FOR THIS PURPOSE BY REPUBLIC ACT NO. 9268, OTHERWISE KNOWN AS THE ""PHILIPPINE VETERINARY MEDICINE ACT OF 2004,” AND FOR OTHER PURPOSES","2025-10-13","Local","1. CHUA-TAI, KATRINA REIKO","2025-11-11","HIGHER AND TECHNICAL EDUCATION","Measure approved by the Committee on 2026-01-27","https://docs.congress.hrep.online/legisdocs/basic_20/hb05531.pdf","https://www.congress.gov.ph/bill/history?billno=HB05531&congress=20","","Referral To The Committee On: HIGHER AND TECHNICAL EDUCATION On 2025-11-11","Committee Hearings/Actions:
1. Measure approved by the Committee on 2026-01-27","","",""
"HB05532","Principal Authored Bills","AN ACT PROVIDING AFFORDABLE HOUSING PROGRAMS FOR GOVERNMENT MEDICAL WORKERS, STRENGTHENING THEIR FINANCIAL LITERACY, AND FOR OTHER PURPOSES","2025-10-13","National","1. CHUA-TAI, KATRINA REIKO","2025-11-11","HOUSING AND URBAN DEVELOPMENT","Pending with the Committee on HOUSING AND URBAN DEVELOPMENT since 2025-11-11","https://docs.congress.hrep.online/legisdocs/basic_20/hb05532.pdf","https://www.congress.gov.ph/bill/history?billno=HB05532&congress=20","","Referral To The Committee On: HOUSING AND URBAN DEVELOPMENT On 2025-11-11","","","",""
"HB05533","Principal Authored Bills","AN ACT STRENGTHENING REPUBLIC ACT NO. 12254, OTHERWISE KNOWN AS THE E-GOVERNANCE ACT OF 2025 BY HARMONIZING ALL RELATED TRANSPARENCY AND E-GOVERNANCE MEASURES AND MANDATING REGULAR UPDATES AND ENHANCED DISCLOSURE ON GOVERNMENT WEBSITES AND DIGITAL PLATFORMS, AND FOR OTHER PURPOSES","2025-10-13","National","1. CHUA-TAI, KATRINA REIKO","2025-11-11","INFORMATION AND COMMUNICATIONS TECHNOLOGY","Pending with the Committee on INFORMATION AND COMMUNICATIONS TECHNOLOGY since 2025-11-11","https://docs.congress.hrep.online/legisdocs/basic_20/hb05533.pdf","https://www.congress.gov.ph/bill/history?billno=HB05533&congress=20","","Referral To The Committee On: INFORMATION AND COMMUNICATIONS TECHNOLOGY On 2025-11-11","","","",""
"HB05534","Principal Authored Bills","AN ACT AMENDING REPUBLIC ACT NO. 10606, OTHERWISE KNOWN AS THE “NATIONAL HEALTH INSURANCE ACT OF 2013”, TO INCLUDE THE PROVISION OF SENSORY, ASSISTIVE, AND REHABILITATIVE SERVICES AND DEVICES FOR INDIGENT SENIOR CITIZENS AND PERSONS WITH DISABILITIES (PWDS), AND APPROPRIATING FUNDS THEREFOR","2025-10-13","National","1. CHUA-TAI, KATRINA REIKO","2025-11-11","HEALTH","Pending with the Committee on HEALTH since 2025-11-11","https://docs.congress.hrep.online/legisdocs/basic_20/hb05534.pdf","https://www.congress.gov.ph/bill/history?billno=HB05534&congress=20","","Referral To The Committee On: HEALTH On 2025-11-11","","","",""
"HB05663","Principal Authored Bills","AN ACT RENAMING THE UNIVERSITY OF SCIENCE AND TECHNOLOGY OF SOUTHERN PHILIPPINES TO UNIVERSITY OF SCIENCE AND TECHNOLOGY OF THE PHILIPPINES, AMENDING FOR THE PURPOSE REPUBLIC ACT NO. 10919","2025-10-22","Local","1. RODRIGUEZ, RUFUS B. 2. RODRIGUEZ, MAXIMO JR. B. 3. ACIDRE, JUDE A. 4. ROMUALDEZ, ANDREW JULIAN K. 5. SINGSON-MEEHAN, KRISTINE 6. PLEYTO, SALVADOR A. 7. LOPEZ, MA. CRISTINA TALAVERA 8. COJUANGCO, JAIME EDUARDO MARC D. 9. LARA, JOSEPH ""Jojo"" L. 10. GATO, CIRIACO JR. B., MD, FPSO-HNS 11. GUINTU, IVAN HOWARD A. 12. CASTRO, JANE T. 13. YNARES, REBECCA MARIA ALCANTARA 14. HERNANDEZ, FERDINAND L. 15. SOLON, STEVE CHIONGBIAN 16. TUAN, DIBU S. 17. CALDERON, PATRICIA C. 18. GATCHALIAN, KENNETH T. 19. VILLAFUERTE, MIGUEL LUIS R. 20. ALANO,USTADZ YUSOP T. 21. ROMULO, ROMAN T. 22. SUANSING, BELLA VANESSA B. 23. NAVA, JC RAHMAN A., MD. 24. FRESNEDI, JAIME R. 25. DAGOOC, SERGIO C. 26. GALANG, GERALD CLOYD ALEXIS V. 27. CAGAS, JOHN TRACY F. 28. DAYANGHIRANG, NELSON ""JR"" 29. CRUZADO, EDWIN L.,MD. 30. YATCO, FLORABEL C. 31. COLLANTES, KING 32. GALEOS, EDSEL A. 33. CRUZ, AGATHA ""Agay"" 34. LAGBAS, ATTY. JENNIFER ""Karen"" A. 35. ORETA, ANTOLIN III A. 36. DIMAGUILA, WALFREDO ""ARMAN"" R. JR. 37. OAMINAL, HENRY ""Indy"" JR F. 38. BAUTISTA, JOHANNE MONICH G. 39. ROMAN, ANTONINO III B. 40. DAZA, NIKO RAUL S.J. 41. BARONDA, JULIENNE ""Jam"" L. 42. SALVADOR, MARIO ""Kokoy"" O. 43. BOCOBO, JORGE DANIEL S. 44. CO, RENEE LOUISE M. 45. SALI, DIMSZAR M. 46. DEGAMO, JANICE 47. PIMENTEL, ALEXANDER TY 48. SAN FERNANDO, ELIJAH RUMBAOA 49. LUMAYAG, ISIDRO D. 50. ALVAREZ, MERCEDES K. 51. MARQUEZ, JESUS ""Jess"" R. 52. MOMO, ROMEO SR. S. 53. RODRIGUEZ, EULOGIO ""Leo"" R. 54. POE, BRIAN 55. PRIMICIAS-AGABAS, MARLYN L. 56. FLORES, JONATHAN KEITH T. 57. ADIONG,ZIAUR-RAHMAN ""Zia"" ALONTO 58. CHUA-TAI, KATRINA REIKO 59. DIOKNO, JOSE MANUEL TADEO ""Chel"" I. 60. ESPARES, FELIMON M. 61. AMANTE, LORETO S. 62. YU, JOSEPH KIM C. 63. YAP, JOHN GEESNELL ""Baba"" 64. YAMSUAN, BRIAN RAYMUND S. 65. YAP, CHRISTOPHERSON ""Coco"" M. 66. CO-PILAR, MA. VICTORIA","2025-11-11","HIGHER AND TECHNICAL EDUCATION","Approved by the House on 2025-12-03, transmitted to the Senate on 2025-12-04 and received by the Senate on 2025-12-04","https://docs.congress.hrep.online/legisdocs/basic_20/hb05663.pdf","https://www.congress.gov.ph/bill/history?billno=HB05663&congress=20","1. Legacion (000 2025-12-09)
Author/s (Final/Third Reading)
1. Rodriguez (R.B.)
2. Rodriguez (M. B.)
3. Acidre
4. Romualdez (A.J.)
5. Singson-Meehan
6. Pleyto
7. Lopez
8. Cojuangco (J. E. M. D.)
9. Lara
10. Gato
11. Guintu
12. Castro
13. Ynares
14. Hernandez (F. L.)
15. Solon
16. Tuan
17. Calderon
18. Gatchalian
19. Villafuerte (M. L. R.)
20. Alano
21. Romulo
22. Suansing (B. V. B.)
23. Nava
24. Fresnedi
25. Dagooc
26. Galang
27. Cagas
28. Dayanghirang
29. Cruzado
30. Yatco
31. Collantes
32. Galeos
33. Cruz (A.)
34. Lagbas
35. Oreta (A. A.)
36. Dimaguila
37. Oaminal (H. F.)
38. Bautista (J. M. G.)
39. Roman
40. Daza
41. Baronda
42. Salvador
43. Bocobo
44. Co (R. L. M.)
45. Sali
46. Degamo
47. Pimentel
48. San Fernando
49. Lumayag
50. Alvarez (M.)
51. Marquez
52. Momo
53. Rodriguez ( E. R.)
54. Poe
55. Primicias-Agabas
56. Flores
57. Adiong
58. Chua-Tai
59. Diokno
60. Espares
61. Amante
62. Yu (J.K.)
63. Yap ( G.)
64. Yamsuan
65. Yap (C.)
66. Co-Pilar","Referral To The Committee On: RULES On 2025-11-11
Date Included In OB: 2025-11-11
Business For Thu/Fri On: 2025-11-18","Committee Report No.: 00011
Submitted On: 2025-10-22
Submitted By: HIGHER AND TECHNICAL EDUCATION
Recommendations: Recommending its approval in substitution of House Bill No. 1243
Substituted Bills: HB01243","Period Of Sponsorship: 2025-11-25
Sponsored By: Acidre
Final List of Author
1. Rodriguez (R.B.)
2. Rodriguez (M. B.)
3. Acidre
4. Romualdez (A.J.)
5. Singson-Meehan
6. Pleyto
7. Lopez
8. Cojuangco (J. E. M. D.)
9. Lara
10. Gato
11. Guintu
12. Castro
13. Ynares
14. Hernandez (F. L.)
15. Solon
16. Tuan
17. Calderon
18. Gatchalian
19. Villafuerte (M. L. R.)
20. Alano
21. Romulo
22. Suansing (B. V. B.)
23. Nava
24. Fresnedi
25. Dagooc
26. Galang
27. Cagas
28. Dayanghirang
29. Cruzado
30. Yatco
31. Collantes
32. Galeos
33. Cruz (A.)
34. Lagbas
35. Oreta (A. A.)
36. Dimaguila
37. Oaminal (H. F.)
38. Bautista (J. M. G.)
39. Roman
40. Daza
41. Baronda
42. Salvador
43. Bocobo
44. Co (R. L. M.)
45. Sali
46. Degamo
47. Pimentel
48. San Fernando
49. Lumayag
50. Alvarez (M.)
51. Marquez
52. Momo
53. Rodriguez ( E. R.)
54. Poe
55. Primicias-Agabas
56. Flores
57. Adiong
58. Chua-Tai
59. Diokno
60. Espares
61. Amante
62. Yu (J.K.)
63. Yap ( G.)
64. Yamsuan
65. Yap (C.)
66. Co-Pilar
Date Approved On Second Reading: 2025-11-25","Date Copy Distributed To Members: 2025-11-27
Date Approved By The House On Third Reading: 2025-12-03
Third Reading Title: AN ACT RENAMING THE UNIVERSITY OF SCIENCE AND TECHNOLOGY OF SOUTHERN PHILIPPINES TO UNIVERSITY OF SCIENCE AND TECHNOLOGY OF THE PHILIPPINES, AMENDING FOR THE PURPOSE REPUBLIC ACT NO. 10919
House Votes: YEAS:230 NAYS:0 ABSTAIN:0
Voting Details Per Member
(Legend:Y-Yes N-No A-Abstain X-Did Not Vote B-Absent D-N/A)
1. Y---Abalos
2. Y---Abante
3. X---Acidre
4. D---Acop (P.C.)--(N/A)
5. X---Acop
6. Y---Acosta
7. Y---Adiong
8. Y---Advincula
9. X---Agarao
10. Y---Agyao
11. Y---Alano
12. Y---Alba
13. Y---Albano
14. Y---Almario (C.M.)
15. X---Almario (D.)
16. Y---Almonte
17. Y---Alvarez (J.)
18. X---Alvarez (M.)
19. Y---Amante
20. Y---Amatong
21. Y---Ang
22. Y---Angara
23. Y---Angeles
24. Y---Aquino
25. Y---Aquino-Magsaysay
26. Y---Arbison (M. N. JR.)
27. X---Arbison (M. M.)
28. Y---Arenas
29. Y---Arrogancia
30. X---Asistio
31. Y---Atayde
32. Y---Aumentado
33. Y---Ayon
34. Y---Bag-ao
35. X---Balindong
36. Y---Bañas-Nograles
37. Y---Bancoro
38. Y---Barba
39. Y---Barbers
40. Y---Baronda
41. D---Barzaga--(N/A)
42. Y---Bacsug
43. X---Bautista (C. P.)
44. Y---Bautista (J. M. G.)
45. X---Bautista-Lim
46. Y---Beltran
47. X---Benitez (A.)
48. X---Benitez (J.M.)
49. Y---Bernos (C.)
50. Y---Bernos (J.B.)
51. Y---Biron
52. Y---Bocobo
53. Y---Bolilia
54. Y---Bondoc
55. Y---Briones
56. Y---Bulut-Begtang
57. Y---Cagas
58. Y---Calderon
59. Y---Calixto
60. Y---Caoagdan
61. Y---Cari
62. Y---Castro
63. Y---Cayton
64. Y---Celeste
65. Y---Cendaña
66. Y---Ceniza
67. D---Chan (J.)--(N/A)
68. X---Chan
69. X---Chua
70. X---Chua-Tai
71. Y---Chungalao
72. D---Co ( E. S.)--(N/A)
73. Y---Co (R. L. M.)
74. Y---Co-Pilar
75. Y---Cojuangco (J. E. M. D.)
76. Y---Cojuangco ( M. O.)
77. Y---Collantes
78. Y---Corvera
79. X---Cruz (A.)
80. X---Cruz (R. JR.)
81. Y---Cruzado
82. X---Cua
83. Y---Dagooc
84. Y---Dalog
85. X---Dayanghirang
86. Y---Daza
87. Y---De Jesus
88. X---De Lima
89. X---De Venecia
90. Y---Defensor
91. X---Degamo
92. Y---Del Mar
93. Y---Delos Santos
94. Y---Dimacuha
95. Y---Dimaguila
96. Y---Dimaporo ( I. Q.)
97. Y---Dimaporo ( S. A. Q.)
98. Y---Diokno
99. Y---Dionisio
100. X---Domingo
101. Y---Domogan
102. X---Duterte (H.J.)
103. X---Duterte (O.V.)
104. X---Duterte (P.)
105. Y---Dy (F.)
106. Y---Dy (F.M.C.)
107. Y---Dy (I.P.)
108. X---Elago
109. Y---Emano
110. Y---Enverga
111. X---Erice
112. Y---Escudero
113. Y---Espares
114. Y---Espina
115. Y---Estrella
116. Y---Ferrer (A. A.)
117. Y---Ferrer (J. )
118. X---Flores
119. Y---Fortes
120. X---Frasco
121. Y---Fresnedi
122. Y---Fuentebella
123. Y---Galang
124. Y---Galeos
125. X---Garbin
126. X---Garcia (A.)
127. Y---Garcia (D.)
128. Y---Garcia (J. A.)
129. Y---Garcia (K. H.)
130. X---Garcia (M. A.)
131. Y---Gardiola
132. Y---Garin
133. Y---Gatchalian
134. X---Gato
135. Y---Glepa
136. X---Go
137. X---Gomez
138. Y---Gonzales (A.)
139. Y---Gonzales (A. M.)
140. X---Gonzales (C. S.)
141. Y---Gonzales (R.)
142. Y---Gorriceta
143. Y---Guico
144. X---Guintu
145. X---Gullas
146. Y---Gutierrez
147. Y---Hernandez (C. A.)
148. Y---Hernandez (D. L.)
149. Y---Hernandez (F. L.)
150. Y---Hernandez (R. L.)
151. X---Hofer-Hasim
152. Y---Horibata
153. Y---Ismula
154. Y---Iway
155. Y---Javier
156. Y---Kho
157. Y---Kho (E. T.)
158. Y---Kho (W. T.)
159. Y---Khonghun
160. X---Ko
161. Y---Labadlabad
162. Y---Lacson
163. Y---Lagbas
164. Y---Lagdameo (J. M. F.)
165. Y---Lagdameo (M. Y. M. Q.)
166. Y---Lagman
167. Y---Lagon (D. A.)
168. Y---Lagon (S. L.)
169. Y---Lara
170. Y---Lazatin
171. X---Ledesma
172. X---Legacion
173. X---Legarda
174. Y---Legazpi
175. D---Legazpi(K.)--(N/A)
176. X---Leviste
177. Y---Libanan
178. Y---Lopez
179. Y---Loria
180. Y---Loyola
181. X---Luistro
182. Y---Lumayag
183. X---Macapagal-Arroyo
184. X---Macasaet
185. X---Maceda
186. Y---Madrona
187. Y---Malapitan
188. Y---Mangudadatu
189. Y---Maniquiz
190. X---Marañon
191. X---Marcoleta
192. Y---Marcos
193. Y---Marquez
194. X---Mastura
195. Y---Matibag
196. X---Matugas
197. Y---Mendoza
198. Y---Mercado
199. Y---Mercado-Revilla
200. X---Miraflores
201. X---Momo
202. Y---Montes
203. Y---Nava
204. Y---Nazal
205. Y---Nisay
206. Y---Nolasco
207. X---Oaminal (H. F.)
208. X---Oaminal (S. F. F.)
209. Y---Oducado
210. Y---Olivarez
211. X---Ongchuan
212. Y---Ordanes
213. X---Oreta (A. A.)
214. Y---Ortega
215. X---Ouano-Dizon
216. Y---Padiernos
217. Y---Panaligan
218. Y---Pancho
219. X---Panotes
220. Y---Pascual
221. Y---Perez
222. Y---Pimentel
223. Y---Plaza
224. X---Pleyto
225. Y---Poe
226. Y---Primicias-Agabas
227. X---Pumaren
228. X---Puno
229. Y---Quimbo
230. X---Rama
231. Y---Recto (R. S.)
232. X---Regencia
233. Y---Remulla
234. Y---Revilla ( B. B.)
235. Y---Revilla (R. J.)
236. Y---Ridon
237. Y---Rivera
238. Y---Robes
239. Y---Rodriguez ( E. R.)
240. Y---Rodriguez (M. B.)
241. Y---Rodriguez (R.B.)
242. Y---Roman
243. X---Romualdez (A.J.)
244. X---Romualdez (F.M.)
245. X---Romualdez (Y.M.)
246. Y---Romualdo
247. Y---Romulo
248. Y---Roque
249. Y---Sagarbarria
250. X---Sakaluran
251. Y---Salceda
252. Y---Sali
253. X---Salvacion
254. Y---Salvador
255. Y---Salvame
256. Y---San Fernando
257. Y---Santos (M.A.S.)
258. Y---Santos (M.A.)
259. Y---Shimura
260. Y---Singson ( R.)
261. Y---Singson (R. V.)
262. Y---Singson-Meehan
263. Y---Solon
264. D---Soriano--(N/A)
265. Y---Suan
266. Y---Suansing (B. V. B.)
267. X---Suansing (M. A. B.)
268. X---Suarez
269. Y---Suntay
270. Y---Tallado
271. X---Tan (A.)
272. Y---Tan (J. S.)
273. Y---Tan (K. M. D.L.)
274. X---Tan (R. M.T.)
275. Y---Tan (S. A.)
276. X---Tan (S. J. T.)
277. Y---Tanchay
278. Y---Tanjuatco
279. Y---Tarriela
280. Y---Teodoro
281. Y---Tereng
282. Y---Teves
283. Y---Tiangco
284. Y---Tieng
285. Y---Tinio
286. Y---Tolentino
287. Y---Tuan
288. Y---Tulfo (J. P.)
289. X---Tulfo (R. W. P.)
290. Y---Tupas
291. X---Tutor
292. Y---Ty
293. Y---Umali
294. X---Ungab
295. Y---Uy, (D. C. L.)
296. Y---Uy (R. JR.)
297. Y---Valeriano
298. Y---Vargas
299. Y---Vargas-Alfonso
300. Y---Veloso
301. Y---Veloso-Tuazon
302. Y---Vergara
303. Y---Villa ( Z.)
304. Y---Villafuerte (M. L. R.)
305. Y---Villafuerte (V. R. L. R.)
306. X---Villanueva
307. Y---Villarica
308. X---Violago
309. Y---Yamsuan
310. Y---Yap (A.)
311. Y---Yap (C.)
312. X---Yap (EDVIC)
313. X---Yap (ERIC)
314. Y---Yap ( G.)
315. Y---Yatco
316. X---Ynares
317. Y---Yu (J.V.)
318. Y---Yu (J.K.)
319. Y---Yulo
320. X---Zamora (M.C.)
321. Y---Zamora (Y.M.)
322. X---Zubiri
Date Transmitted To The Senate: 2025-12-04
Actions Taken By The Senate/House
Date Received By The Senate: 2025-12-04",""
"HB06118","Principal Authored Bills","AN ACT ADOPTING THE USE OF REFILL, RECYCLE, AND RESTORE (3R) MACHINES FOR BUSINESS ENTERPRISES IN THE COUNTRY TO INCORPORATE IN THEIR DAILY OPERATIONS TO STRENGTHEN REPUBLIC ACT NO. 9003, OTHERWISE KNOWN AS THE ""ECOLOGICAL SOLID WASTE MANAGEMENT ACT OF 2000,"" AND REPUBLIC ACT NO. 11898, OR THE ""EXTENDED PRODUCER RESPONSIBILITY ACT OF 2022,"" AND FOR OTHER PURPOSES","2025-11-18","National","1. CHUA-TAI, KATRINA REIKO","2025-11-24","ECOLOGY","Pending with the Committee on ECOLOGY since 2025-11-24","https://docs.congress.hrep.online/legisdocs/basic_20/hb06118.pdf","https://www.congress.gov.ph/bill/history?billno=HB06118&congress=20","","Referral To The Committee On: ECOLOGY On 2025-11-24","","","",""
"HB06119","Principal Authored Bills","AN ACT UPGRADING THE LABUAN GENERAL HOSPITAL INTO A TERTIARY LEVEL HOSPITAL BY INCREASING THE BED CAPACITY FOR GENERAL CARE SERVICES TO TWO HUNDRED (200), APPROPRIATING FUNDS THEREFOR AND FOR OTHER PURPOSES","2025-11-18","Local","1. CHUA-TAI, KATRINA REIKO","2025-11-24","HEALTH","Pending with the Committee on HEALTH since 2025-11-24","https://docs.congress.hrep.online/legisdocs/basic_20/hb06119.pdf","https://www.congress.gov.ph/bill/history?billno=HB06119&congress=20","","Referral To The Committee On: HEALTH On 2025-11-24","","","",""
"HB06120","Principal Authored Bills","AN ACT ESTABLISHING A NATIONAL MATHEMATICS AND SCIENCE HIGH SCHOOL IN THE FIRST LEGISLATIVE DISTRICT OF ZAMBOANGA CITY TO BE KNOWN AS ""ZAMBOANGA CITY SCHOOL OF MATHEMATICS AND SCIENCE (ZCMAS)"", AND APPROPRIATING FUNDS THEREFOR","2025-11-18","Local","1. CHUA-TAI, KATRINA REIKO","2025-11-24","BASIC EDUCATION AND CULTURE","Pending with the Committee on BASIC EDUCATION AND CULTURE since 2025-11-24","https://docs.congress.hrep.online/legisdocs/basic_20/hb06120.pdf","https://www.congress.gov.ph/bill/history?billno=HB06120&congress=20","","Referral To The Committee On: BASIC EDUCATION AND CULTURE On 2025-11-24","","","",""
"HB06121","Principal Authored Bills","AN ACT ESTABLISHING A RESIDENTIAL NURSING CENTER FOR THE ELDERLY IN ZAMBOANGA CITY TO BE KNOWN AS THE ""ZAMBOANGA CITY GOLDEN OASIS FOR ELDERLY CARE (ZCGOLD)"", APPROPRIATING FUNDS THEREFOR, AND FOR OTHER PURPOSES","2025-11-18","Local","1. CHUA-TAI, KATRINA REIKO","2025-11-24","SENIOR CITIZENS","Referred to the Technical Working Group (TWG) on 2026-03-10","https://docs.congress.hrep.online/legisdocs/basic_20/hb06121.pdf","https://www.congress.gov.ph/bill/history?billno=HB06121&congress=20","","Referral To The Committee On: SENIOR CITIZENS On 2025-11-24","Committee Hearings/Actions:
1. Referred to the Technical Working Group (TWG) on 2026-03-10","","",""
"HB06122","Principal Authored Bills","AN ACT CREATING THE NATIONAL HEALTH CENTER FOR FOOD FACILITY AND SANITATION AS A HEALTH DEVELOPMENT PROGRAM UNDER THE DEPARTMENT OF HEALTH (DOH), STRENGTHENING FOOD SAFETY STANDARDS, AND FOR OTHER PURPOSES","2025-11-18","National","1. CHUA-TAI, KATRINA REIKO","2025-11-24","HEALTH","Pending with the Committee on HEALTH since 2025-11-24","https://docs.congress.hrep.online/legisdocs/basic_20/hb06122.pdf","https://www.congress.gov.ph/bill/history?billno=HB06122&congress=20","","Referral To The Committee On: HEALTH On 2025-11-24","","","",""
"HB06123","Principal Authored Bills","AN ACT PROVIDING FOR THE AUTOMATIC PROMOTION OF GOVERNMENT OFFICIALS AND EMPLOYEES UPON RETIREMENT FROM GOVERNMENT SERVICE AND FOR OTHER PURPOSES","2025-11-18","National","1. CHUA-TAI, KATRINA REIKO","2025-11-24","CIVIL SERVICE AND PROFESSIONAL REGULATION","Pending with the Committee on CIVIL SERVICE AND PROFESSIONAL REGULATION since 2025-11-24","https://docs.congress.hrep.online/legisdocs/basic_20/hb06123.pdf","https://www.congress.gov.ph/bill/history?billno=HB06123&congress=20","","Referral To The Committee On: CIVIL SERVICE AND PROFESSIONAL REGULATION On 2025-11-24","","","",""
"HB06276","Principal Authored Bills","AN ACT INSTITUTING A LOAN RESTRUCTURING AND CONDONATION PROGRAM FOR SOCIALIZED AND LOW-COST HOUSING","2025-11-24","National","1. ROMULO, ROMAN T. 2. ROBES, ARTURO B. 3. GUINTU, IVAN HOWARD A. 4. CO-PILAR, MA. VICTORIA 5. DE LIMA, LEILA M. 6. GATCHALIAN, KENNETH T. 7. PADIERNOS, JAN ""Atty. JP"" 8. TERENG, KENNETH PAOLO 9. OAMINAL, HENRY ""Indy"" JR F. 10. ORETA, ANTOLIN III A. 11. LABADLABAD, IRENE G. 12. GALANG, GERALD CLOYD ALEXIS V. 13. FERRER, ANTONIO A. 14. SAN FERNANDO, ELIJAH RUMBAOA 15. MERCADO-REVILLA, LANI 16. RIDON, TERRY L. 17. ODUCADO, NATHANIEL M. 18. GONZALES, ROY M. 19. LAGON, SONNY ""SL"" L. 20. SOLON, STEVE CHIONGBIAN 21. LOYOLA, ROY M.","2025-11-24","HOUSING AND URBAN DEVELOPMENT","Approved by the House on 2025-12-10, transmitted to the Senate on 2025-12-11 and received by the Senate on 2025-12-11","https://docs.congress.hrep.online/legisdocs/basic_20/hb06276.pdf","https://www.congress.gov.ph/bill/history?billno=HB06276&congress=20","1. Defensor (000 2025-12-03)
2. Marcos (000 2025-12-04)
3. Primicias-Agabas (000 2025-12-03)
4. Dionisio (000 2025-12-03)
5. Gutierrez (000 2025-12-03)
6. Ortega (000 2025-12-03)
7. Khonghun (000 2025-12-03)
8. Adiong (000 2025-12-03)
9. Garin (000 2025-12-03)
10. Santos (M.A.S.) (000 2025-12-03)
11. Remulla (000 2025-12-03)
12. Villafuerte (V. R. L. R.) (000 2025-12-03)
13. Teves (000 2025-12-03)
14. Yu (J.V.) (000 2025-12-03)
15. Veloso-Tuazon (000 2025-12-03)
16. Arbison (M. N. JR.) (000 2025-12-03)
17. Gullas (000 2025-12-03)
18. Lagon (D. A.) (000 2025-12-03)
19. Uy (R. JR.) (000 2025-12-03)
20. Tolentino (000 2025-12-03)
21. Benitez (J.M.) (000 2025-12-03)
22. Recto (R. S.) (000 2025-12-03)
23. Poe (000 2025-12-03)
24. Roman (000 2025-12-03)
25. Zamora (Y.M.) (000 2025-12-03)
26. Calixto (000 2025-12-02)
27. Chua (000 2026-03-19)
28. Tulfo (R. W. P.) (000 2026-07-29)
Author/s (Final/Third Reading)
1. Romulo
2. Robes
3. Guintu
4. Co-Pilar
5. De Lima
6. Gatchalian
7. Padiernos
8. Tereng
9. Oaminal (H. F.)
10. Oreta (A. A.)
11. Labadlabad
12. Galang
13. Ferrer (A. A.)
14. San Fernando
15. Mercado-Revilla
16. Ridon
17. Oducado
18. Gonzales (R.)
19. Lagon (S. L.)
20. Solon
21. Loyola
22. Rivera
23. Singson-Meehan
24. Chua-Tai
25. Calixto
26. Angeles
27. Defensor","Referral To The Committee On: RULES On 2025-11-24
Date Included In OB: 2025-11-24
Date Calendared: 2025-12-02","Committee Report No.: 00021
Submitted On: 2025-11-24
Submitted By: HOUSING AND URBAN DEVELOPMENT
Recommendations: Recommending its approval in substitution of House Bills Numbered 484, 1170, and 2111
Substituted Bills: HB00484, HB01170, HB02111","Period Of Sponsorship: 2025-12-03
Sponsored By: Co-Pilar
Period Of Individual Amendments: 2025-12-03
Amended By: Romulo, Defensor
Final List of Author
1. Romulo
2. Robes
3. Guintu
4. Co-Pilar
5. De Lima
6. Gatchalian
7. Padiernos
8. Tereng
9. Oaminal (H. F.)
10. Oreta (A. A.)
11. Labadlabad
12. Galang
13. Ferrer (A. A.)
14. San Fernando
15. Mercado-Revilla
16. Ridon
17. Oducado
18. Gonzales (R.)
19. Lagon (S. L.)
20. Solon
21. Loyola
22. Rivera
23. Singson-Meehan
24. Chua-Tai
25. Calixto
26. Angeles
27. Defensor
Date Approved On Second Reading: 2025-12-03","Date Copy Distributed To Members: 2025-12-04
Date Approved By The House On Third Reading: 2025-12-10
Third Reading Title: AN ACT INSTITUTING A LOAN RESTRUCTURING AND CONDONATION PROGRAM FOR SOCIALIZED AND LOW-COST HOUSING
House Votes: YEAS:231 NAYS:1 ABSTAIN:0
Voting Details Per Member
(Legend:Y-Yes N-No A-Abstain X-Did Not Vote B-Absent D-N/A)
1. Y---Abalos
2. X---Abante
3. Y---Acidre
4. D---Acop (P.C.)--(N/A)
5. X---Acop
6. Y---Acosta
7. Y---Adiong
8. Y---Advincula
9. Y---Agarao
10. Y---Agyao
11. X---Alano
12. Y---Alba
13. Y---Albano
14. Y---Almario (C.M.)
15. Y---Almario (D.)
16. X---Almonte
17. Y---Alvarez (J.)
18. X---Alvarez (M.)
19. Y---Amante
20. Y---Amatong
21. Y---Ang
22. Y---Angara
23. X---Angeles
24. Y---Aquino
25. Y---Aquino-Magsaysay
26. Y---Arbison (M. N. JR.)
27. Y---Arbison (M. M.)
28. X---Arenas
29. Y---Arrogancia
30. Y---Asistio
31. Y---Atayde
32. Y---Aumentado
33. Y---Ayon
34. Y---Bag-ao
35. Y---Balindong
36. Y---Bañas-Nograles
37. Y---Bancoro
38. X---Barba
39. Y---Barbers
40. Y---Baronda
41. D---Barzaga--(N/A)
42. Y---Bacsug
43. X---Bautista (C. P.)
44. Y---Bautista (J. M. G.)
45. X---Bautista-Lim
46. Y---Beltran
47. Y---Benitez (A.)
48. Y---Benitez (J.M.)
49. Y---Bernos (C.)
50. Y---Bernos (J.B.)
51. X---Biron
52. Y---Bocobo
53. Y---Bolilia
54. Y---Bondoc
55. Y---Briones
56. Y---Bulut-Begtang
57. Y---Cagas
58. Y---Calderon
59. Y---Calixto
60. Y---Caoagdan
61. X---Cari
62. Y---Castro
63. Y---Cayton
64. Y---Celeste
65. Y---Cendaña
66. Y---Ceniza
67. D---Chan (J.)--(N/A)
68. Y---Chan
69. Y---Chua
70. Y---Chua-Tai
71. Y---Chungalao
72. D---Co ( E. S.)--(N/A)
73. Y---Co (R. L. M.)
74. Y---Co-Pilar
75. Y---Cojuangco (J. E. M. D.)
76. N---Cojuangco ( M. O.)
77. X---Collantes
78. X---Corvera
79. Y---Cruz (A.)
80. Y---Cruz (R. JR.)
81. Y---Cruzado
82. X---Cua
83. Y---Dagooc
84. Y---Dalog
85. X---Dayanghirang
86. Y---Daza
87. Y---De Jesus
88. Y---De Lima
89. X---De Venecia
90. X---Defensor
91. Y---Degamo
92. Y---Del Mar
93. Y---Delos Santos
94. X---Dimacuha
95. Y---Dimaguila
96. Y---Dimaporo ( I. Q.)
97. X---Dimaporo ( S. A. Q.)
98. Y---Diokno
99. Y---Dionisio
100. X---Domingo
101. Y---Domogan
102. X---Duterte (H.J.)
103. X---Duterte (O.V.)
104. X---Duterte (P.)
105. Y---Dy (F.)
106. X---Dy (F.M.C.)
107. X---Dy (I.P.)
108. Y---Elago
109. Y---Emano
110. Y---Enverga
111. Y---Erice
112. X---Escudero
113. X---Espares
114. Y---Espina
115. Y---Estrella
116. Y---Ferrer (A. A.)
117. Y---Ferrer (J. )
118. Y---Flores
119. Y---Fortes
120. X---Frasco
121. Y---Fresnedi
122. Y---Fuentebella
123. Y---Galang
124. Y---Galeos
125. X---Garbin
126. Y---Garcia (A.)
127. Y---Garcia (D.)
128. Y---Garcia (J. A.)
129. Y---Garcia (K. H.)
130. X---Garcia (M. A.)
131. X---Gardiola
132. Y---Garin
133. Y---Gatchalian
134. Y---Gato
135. X---Glepa
136. Y---Go
137. X---Gomez
138. Y---Gonzales (A.)
139. Y---Gonzales (A. M.)
140. X---Gonzales (C. S.)
141. Y---Gonzales (R.)
142. X---Gorriceta
143. Y---Guico
144. Y---Guintu
145. Y---Gullas
146. Y---Gutierrez
147. Y---Hernandez (C. A.)
148. Y---Hernandez (D. L.)
149. X---Hernandez (F. L.)
150. Y---Hernandez (R. L.)
151. X---Hofer-Hasim
152. Y---Horibata
153. Y---Ismula
154. X---Iway
155. Y---Javier
156. Y---Kho
157. Y---Kho (E. T.)
158. Y---Kho (W. T.)
159. X---Khonghun
160. Y---Ko
161. X---Labadlabad
162. Y---Lacson
163. Y---Lagbas
164. Y---Lagdameo (J. M. F.)
165. Y---Lagdameo (M. Y. M. Q.)
166. Y---Lagman
167. Y---Lagon (D. A.)
168. Y---Lagon (S. L.)
169. Y---Lara
170. Y---Lazatin
171. Y---Ledesma
172. X---Legacion
173. Y---Legarda
174. Y---Legazpi
175. D---Legazpi(K.)--(N/A)
176. X---Leviste
177. Y---Libanan
178. Y---Lopez
179. Y---Loria
180. Y---Loyola
181. Y---Luistro
182. Y---Lumayag
183. X---Macapagal-Arroyo
184. Y---Macasaet
185. Y---Maceda
186. Y---Madrona
187. Y---Malapitan
188. Y---Mangudadatu
189. Y---Maniquiz
190. Y---Marañon
191. Y---Marcoleta
192. Y---Marcos
193. Y---Marquez
194. Y---Mastura
195. Y---Matibag
196. X---Matugas
197. Y---Mendoza
198. X---Mercado
199. X---Mercado-Revilla
200. Y---Miraflores
201. Y---Momo
202. Y---Montes
203. Y---Nava
204. Y---Nazal
205. Y---Nisay
206. Y---Nolasco
207. Y---Oaminal (H. F.)
208. X---Oaminal (S. F. F.)
209. Y---Oducado
210. Y---Olivarez
211. Y---Ongchuan
212. Y---Ordanes
213. Y---Oreta (A. A.)
214. Y---Ortega
215. Y---Ouano-Dizon
216. X---Padiernos
217. Y---Panaligan
218. Y---Pancho
219. Y---Panotes
220. Y---Pascual
221. X---Perez
222. X---Pimentel
223. Y---Plaza
224. Y---Pleyto
225. Y---Poe
226. Y---Primicias-Agabas
227. Y---Pumaren
228. X---Puno
229. Y---Quimbo
230. Y---Rama
231. Y---Recto (R. S.)
232. Y---Regencia
233. Y---Remulla
234. Y---Revilla ( B. B.)
235. X---Revilla (R. J.)
236. Y---Ridon
237. Y---Rivera
238. Y---Robes
239. Y---Rodriguez ( E. R.)
240. X---Rodriguez (M. B.)
241. Y---Rodriguez (R.B.)
242. Y---Roman
243. X---Romualdez (A.J.)
244. X---Romualdez (F.M.)
245. X---Romualdez (Y.M.)
246. Y---Romualdo
247. Y---Romulo
248. Y---Roque
249. X---Sagarbarria
250. Y---Sakaluran
251. Y---Salceda
252. X---Sali
253. Y---Salvacion
254. Y---Salvador
255. X---Salvame
256. Y---San Fernando
257. Y---Santos (M.A.S.)
258. Y---Santos (M.A.)
259. Y---Shimura
260. X---Singson ( R.)
261. X---Singson (R. V.)
262. Y---Singson-Meehan
263. X---Solon
264. D---Soriano--(N/A)
265. Y---Suan
266. X---Suansing (B. V. B.)
267. X---Suansing (M. A. B.)
268. Y---Suarez
269. Y---Suntay
270. Y---Tallado
271. X---Tan (A.)
272. Y---Tan (J. S.)
273. Y---Tan (K. M. D.L.)
274. X---Tan (R. M.T.)
275. X---Tan (S. A.)
276. X---Tan (S. J. T.)
277. Y---Tanchay
278. Y---Tanjuatco
279. Y---Tarriela
280. Y---Teodoro
281. Y---Tereng
282. Y---Teves
283. Y---Tiangco
284. X---Tieng
285. Y---Tinio
286. X---Tolentino
287. Y---Tuan
288. Y---Tulfo (J. P.)
289. Y---Tulfo (R. W. P.)
290. X---Tupas
291. Y---Tutor
292. Y---Ty
293. Y---Umali
294. X---Ungab
295. X---Uy, (D. C. L.)
296. Y---Uy (R. JR.)
297. Y---Valeriano
298. Y---Vargas
299. Y---Vargas-Alfonso
300. Y---Veloso
301. Y---Veloso-Tuazon
302. Y---Vergara
303. Y---Villa ( Z.)
304. Y---Villafuerte (M. L. R.)
305. Y---Villafuerte (V. R. L. R.)
306. X---Villanueva
307. Y---Villarica
308. X---Violago
309. Y---Yamsuan
310. Y---Yap (A.)
311. X---Yap (C.)
312. X---Yap (EDVIC)
313. X---Yap (ERIC)
314. Y---Yap ( G.)
315. X---Yatco
316. X---Ynares
317. X---Yu (J.V.)
318. Y---Yu (J.K.)
319. Y---Yulo
320. X---Zamora (M.C.)
321. Y---Zamora (Y.M.)
322. X---Zubiri
Date Transmitted To The Senate: 2025-12-11
Actions Taken By The Senate/House
Date Received By The Senate: 2025-12-11",""
"HB06428","Principal Authored Bills","AN ACT PROVIDING FOR THE INCLUSION OF THE REGULAR CAMPUSES OF THE CAPIZ STATE UNIVERSITY INTO ITS UNIVERSITY CHARTER","2025-11-26","Local","1. GUINTU, IVAN HOWARD A. 2. CASTRO, JANE T. 3. ACIDRE, JUDE A. 4. ROMUALDEZ, ANDREW JULIAN K. 5. SINGSON-MEEHAN, KRISTINE 6. PLEYTO, SALVADOR A. 7. LOPEZ, MA. CRISTINA TALAVERA 8. COJUANGCO, JAIME EDUARDO MARC D. 9. LARA, JOSEPH ""Jojo"" L. 10. GATO, CIRIACO JR. B., MD, FPSO-HNS 11. YNARES, REBECCA MARIA ALCANTARA 12. HERNANDEZ, FERDINAND L. 13. SOLON, STEVE CHIONGBIAN 14. TUAN, DIBU S. 15. CALDERON, PATRICIA C. 16. GATCHALIAN, KENNETH T. 17. VILLAFUERTE, MIGUEL LUIS R. 18. ALANO,USTADZ YUSOP T. 19. ROMULO, ROMAN T. 20. SUANSING, BELLA VANESSA B. 21. NAVA, JC RAHMAN A., MD. 22. FRESNEDI, JAIME R. 23. DAGOOC, SERGIO C. 24. GALANG, GERALD CLOYD ALEXIS V. 25. CAGAS, JOHN TRACY F. 26. DAYANGHIRANG, NELSON ""JR"" 27. CRUZADO, EDWIN L.,MD. 28. YATCO, FLORABEL C. 29. COLLANTES, KING 30. GALEOS, EDSEL A. 31. CRUZ, AGATHA ""Agay"" 32. LAGBAS, ATTY. JENNIFER ""Karen"" A. 33. ORETA, ANTOLIN III A. 34. DIMAGUILA, WALFREDO ""ARMAN"" R. JR. 35. OAMINAL, HENRY ""Indy"" JR F. 36. BAUTISTA, JOHANNE MONICH G. 37. ROMAN, ANTONINO III B. 38. DAZA, NIKO RAUL S.J. 39. BARONDA, JULIENNE ""Jam"" L. 40. SALVADOR, MARIO ""Kokoy"" O. 41. BOCOBO, JORGE DANIEL S. 42. CO, RENEE LOUISE M. 43. SALI, DIMSZAR M. 44. DEGAMO, JANICE 45. PIMENTEL, ALEXANDER TY 46. SAN FERNANDO, ELIJAH RUMBAOA 47. LUMAYAG, ISIDRO D. 48. ALVAREZ, MERCEDES K. 49. MARQUEZ, JESUS ""Jess"" R. 50. MOMO, ROMEO SR. S. 51. RODRIGUEZ, EULOGIO ""Leo"" R. 52. POE, BRIAN 53. PRIMICIAS-AGABAS, MARLYN L. 54. FLORES, JONATHAN KEITH T. 55. ADIONG,ZIAUR-RAHMAN ""Zia"" ALONTO 56. CHUA-TAI, KATRINA REIKO 57. DIOKNO, JOSE MANUEL TADEO ""Chel"" I. 58. ESPARES, FELIMON M. 59. AMANTE, LORETO S. 60. YU, JOSEPH KIM C. 61. YAP, JOHN GEESNELL ""Baba"" 62. YAMSUAN, BRIAN RAYMUND S. 63. YAP, CHRISTOPHERSON ""Coco"" M. 64. CO-PILAR, MA. VICTORIA","2025-12-01","HIGHER AND TECHNICAL EDUCATION","Approved by the House on 2025-12-16, transmitted to the Senate on 2025-12-17 and received by the Senate on 2025-12-17","https://docs.congress.hrep.online/legisdocs/basic_20/hb06428.pdf","https://www.congress.gov.ph/bill/history?billno=HB06428&congress=20","(Journal Entries)
1. Legacion (000 2025-12-17)
Author/s (Final/Third Reading)
1. Guintu
2. Castro
3. Acidre
4. Romualdez (A.J.)
5. Singson-Meehan
6. Pleyto
7. Lopez
8. Cojuangco (J. E. M. D.)
9. Lara
10. Gato
11. Ynares
12. Hernandez (F. L.)
13. Solon
14. Tuan
15. Calderon
16. Gatchalian
17. Villafuerte (M. L. R.)
18. Alano
19. Romulo
20. Suansing (B. V. B.)
21. Nava
22. Fresnedi
23. Dagooc
24. Galang
25. Cagas
26. Dayanghirang
27. Cruzado
28. Yatco
29. Collantes
30. Galeos
31. Cruz (A.)
32. Lagbas
33. Oreta (A. A.)
34. Dimaguila
35. Oaminal (H. F.)
36. Bautista (J. M. G.)
37. Roman
38. Daza
39. Baronda
40. Salvador
41. Bocobo
42. Co (R. L. M.)
43. Sali
44. Degamo
45. Pimentel
46. San Fernando
47. Lumayag
48. Alvarez (M.)
49. Marquez
50. Momo
51. Rodriguez ( E. R.)
52. Poe
53. Primicias-Agabas
54. Flores
55. Adiong
56. Chua-Tai
57. Diokno
58. Espares
59. Amante
60. Yu (J.K.)
61. Yap ( G.)
62. Yamsuan
63. Yap (C.)
64. Co-Pilar","Referral To The Committee On: RULES On 2025-12-01

Date Included In OB: 2025-12-01

Business For Thu/Fri On: 2025-12-09","Committee Report No.: 00026

Submitted On: 2025-11-26

Submitted By: HIGHER AND TECHNICAL EDUCATION

Recommendations: Recommending its approval in substitution of House Bills Numbered 971 and 1207

Substituted Bills: HB00971, HB01207","Period Of Sponsorship: 2025-12-09

Sponsored By: Acidre

Final List of Author
1. Guintu
2. Castro
3. Acidre
4. Romualdez (A.J.)
5. Singson-Meehan
6. Pleyto
7. Lopez
8. Cojuangco (J. E. M. D.)
9. Lara
10. Gato
11. Ynares
12. Hernandez (F. L.)
13. Solon
14. Tuan
15. Calderon
16. Gatchalian
17. Villafuerte (M. L. R.)
18. Alano
19. Romulo
20. Suansing (B. V. B.)
21. Nava
22. Fresnedi
23. Dagooc
24. Galang
25. Cagas
26. Dayanghirang
27. Cruzado
28. Yatco
29. Collantes
30. Galeos
31. Cruz (A.)
32. Lagbas
33. Oreta (A. A.)
34. Dimaguila
35. Oaminal (H. F.)
36. Bautista (J. M. G.)
37. Roman
38. Daza
39. Baronda
40. Salvador
41. Bocobo
42. Co (R. L. M.)
43. Sali
44. Degamo
45. Pimentel
46. San Fernando
47. Lumayag
48. Alvarez (M.)
49. Marquez
50. Momo
51. Rodriguez ( E. R.)
52. Poe
53. Primicias-Agabas
54. Flores
55. Adiong
56. Chua-Tai
57. Diokno
58. Espares
59. Amante
60. Yu (J.K.)
61. Yap ( G.)
62. Yamsuan
63. Yap (C.)
64. Co-Pilar

Date Approved On Second Reading: 2025-12-09","Date Copy Distributed To Members: 2025-12-11

Date Approved By The House On Third Reading: 2025-12-16

Third Reading Title: AN ACT PROVIDING FOR THE INCLUSION OF THE REGULAR CAMPUSES OF THE CAPIZ STATE UNIVERSITY INTO ITS UNIVERSITY CHARTER

House Votes: YEAS:271 NAYS:0 ABSTAIN:0

Voting Details Per Member
(Legend:Y-Yes N-No A-Abstain X-Did Not Vote B-Absent D-N/A)

1. Y---Abalos

2. Y---Abante

3. Y---Acidre

4. D---Acop (P.C.)--(N/A)

5. X---Acop

6. Y---Acosta

7. Y---Adiong

8. Y---Advincula

9. Y---Agarao

10. Y---Agyao

11. Y---Alano

12. Y---Alba

13. Y---Albano

14. Y---Almario (C.M.)

15. Y---Almario (D.)

16. Y---Almonte

17. Y---Alvarez (J.)

18. Y---Alvarez (M.)

19. Y---Amante

20. X---Amatong

21. Y---Ang

22. Y---Angara

23. Y---Angeles

24. Y---Aquino

25. Y---Aquino-Magsaysay

26. Y---Arbison (M. N. JR.)

27. Y---Arbison (M. M.)

28. X---Arenas

29. Y---Arrogancia

30. Y---Asistio

31. Y---Atayde

32. Y---Aumentado

33. Y---Ayon

34. Y---Bag-ao

35. Y---Balindong

36. Y---Bañas-Nograles

37. Y---Bancoro

38. Y---Barba

39. Y---Barbers

40. Y---Baronda

41. D---Barzaga--(N/A)

42. Y---Bacsug

43. Y---Bautista (C. P.)

44. Y---Bautista (J. M. G.)

45. Y---Bautista-Lim

46. Y---Beltran

47. Y---Benitez (A.)

48. Y---Benitez (J.M.)

49. Y---Bernos (C.)

50. Y---Bernos (J.B.)

51. Y---Biron

52. Y---Bocobo

53. Y---Bolilia

54. Y---Bondoc

55. Y---Briones

56. Y---Bulut-Begtang

57. Y---Cagas

58. Y---Calderon

59. Y---Calixto

60. Y---Caoagdan

61. Y---Cari

62. Y---Castro

63. Y---Cayton

64. Y---Celeste

65. Y---Cendaña

66. Y---Ceniza

67. D---Chan (J.)--(N/A)

68. Y---Chan

69. Y---Chua

70. Y---Chua-Tai

71. Y---Chungalao

72. D---Co ( E. S.)--(N/A)

73. Y---Co (R. L. M.)

74. Y---Co-Pilar

75. Y---Cojuangco (J. E. M. D.)

76. Y---Cojuangco ( M. O.)

77. X---Collantes

78. Y---Corvera

79. Y---Cruz (A.)

80. X---Cruz (R. JR.)

81. Y---Cruzado

82. Y---Cua

83. Y---Dagooc

84. Y---Dalog

85. X---Dayanghirang

86. Y---Daza

87. X---De Jesus

88. Y---De Lima

89. Y---De Venecia

90. Y---Defensor

91. Y---Degamo

92. Y---Del Mar

93. Y---Delos Santos

94. Y---Dimacuha

95. Y---Dimaguila

96. Y---Dimaporo ( I. Q.)

97. Y---Dimaporo ( S. A. Q.)

98. Y---Diokno

99. Y---Dionisio

100. Y---Domingo

101. Y---Domogan

102. X---Duterte (H.J.)

103. X---Duterte (O.V.)

104. X---Duterte (P.)

105. Y---Dy (F.)

106. Y---Dy (F.M.C.)

107. Y---Dy (I.P.)

108. Y---Elago

109. Y---Emano

110. Y---Enverga

111. Y---Erice

112. Y---Escudero

113. X---Espares

114. Y---Espina

115. Y---Estrella

116. Y---Ferrer (A. A.)

117. Y---Ferrer (J. )

118. X---Flores

119. Y---Fortes

120. Y---Frasco

121. Y---Fresnedi

122. X---Fuentebella

123. Y---Galang

124. Y---Galeos

125. X---Garbin

126. Y---Garcia (A.)

127. Y---Garcia (D.)

128. Y---Garcia (J. A.)

129. Y---Garcia (K. H.)

130. Y---Garcia (M. A.)

131. Y---Gardiola

132. X---Garin

133. Y---Gatchalian

134. Y---Gato

135. Y---Glepa

136. X---Go

137. X---Gomez

138. Y---Gonzales (A.)

139. Y---Gonzales (A. M.)

140. Y---Gonzales (C. S.)

141. Y---Gonzales (R.)

142. X---Gorriceta

143. Y---Guico

144. Y---Guintu

145. Y---Gullas

146. Y---Gutierrez

147. Y---Hernandez (C. A.)

148. Y---Hernandez (D. L.)

149. Y---Hernandez (F. L.)

150. Y---Hernandez (R. L.)

151. Y---Hofer-Hasim

152. Y---Horibata

153. Y---Ismula

154. X---Iway

155. Y---Javier

156. Y---Kho

157. Y---Kho (E. T.)

158. Y---Kho (W. T.)

159. Y---Khonghun

160. Y---Ko

161. Y---Labadlabad

162. Y---Lacson

163. Y---Lagbas

164. Y---Lagdameo (J. M. F.)

165. Y---Lagdameo (M. Y. M. Q.)

166. Y---Lagman

167. Y---Lagon (D. A.)

168. Y---Lagon (S. L.)

169. Y---Lara

170. Y---Lazatin

171. Y---Ledesma

172. Y---Legacion

173. Y---Legarda

174. X---Legazpi

175. D---Legazpi(K.)--(N/A)

176. X---Leviste

177. Y---Libanan

178. Y---Lopez

179. Y---Loria

180. Y---Loyola

181. Y---Luistro

182. Y---Lumayag

183. X---Macapagal-Arroyo

184. Y---Macasaet

185. Y---Maceda

186. Y---Madrona

187. Y---Malapitan

188. Y---Mangudadatu

189. Y---Maniquiz

190. Y---Marañon

191. Y---Marcoleta

192. Y---Marcos

193. Y---Marquez

194. Y---Mastura

195. Y---Matibag

196. Y---Matugas

197. Y---Mendoza

198. X---Mercado

199. Y---Mercado-Revilla

200. Y---Miraflores

201. Y---Momo

202. Y---Montes

203. Y---Nava

204. Y---Nazal

205. Y---Nisay

206. Y---Nolasco

207. X---Oaminal (H. F.)

208. X---Oaminal (S. F. F.)

209. Y---Oducado

210. Y---Olivarez

211. Y---Ongchuan

212. Y---Ordanes

213. Y---Oreta (A. A.)

214. Y---Ortega

215. Y---Ouano-Dizon

216. Y---Padiernos

217. Y---Panaligan

218. Y---Pancho

219. X---Panotes

220. Y---Pascual

221. Y---Perez

222. Y---Pimentel

223. Y---Plaza

224. Y---Pleyto

225. Y---Poe

226. Y---Primicias-Agabas

227. X---Pumaren

228. X---Puno

229. Y---Quimbo

230. Y---Rama

231. X---Recto (R. S.)

232. Y---Regencia

233. Y---Remulla

234. Y---Revilla ( B. B.)

235. X---Revilla (R. J.)

236. Y---Ridon

237. Y---Rivera

238. Y---Robes

239. Y---Rodriguez ( E. R.)

240. Y---Rodriguez (M. B.)

241. Y---Rodriguez (R.B.)

242. Y---Roman

243. Y---Romualdez (A.J.)

244. Y---Romualdez (F.M.)

245. Y---Romualdez (Y.M.)

246. Y---Romualdo

247. Y---Romulo

248. Y---Roque

249. Y---Sagarbarria

250. Y---Sakaluran

251. Y---Salceda

252. Y---Sali

253. Y---Salvacion

254. Y---Salvador

255. Y---Salvame

256. Y---San Fernando

257. Y---Santos (M.A.S.)

258. Y---Santos (M.A.)

259. Y---Shimura

260. Y---Singson ( R.)

261. Y---Singson (R. V.)

262. Y---Singson-Meehan

263. Y---Solon

264. D---Soriano--(N/A)

265. Y---Suan

266. Y---Suansing (B. V. B.)

267. Y---Suansing (M. A. B.)

268. X---Suarez

269. Y---Suntay

270. Y---Tallado

271. Y---Tan (A.)

272. Y---Tan (J. S.)

273. Y---Tan (K. M. D.L.)

274. X---Tan (R. M.T.)

275. X---Tan (S. A.)

276. X---Tan (S. J. T.)

277. Y---Tanchay

278. X---Tanjuatco

279. Y---Tarriela

280. Y---Teodoro

281. Y---Tereng

282. Y---Teves

283. Y---Tiangco

284. Y---Tieng

285. Y---Tinio

286. X---Tolentino

287. Y---Tuan

288. Y---Tulfo (J. P.)

289. Y---Tulfo (R. W. P.)

290. Y---Tupas

291. X---Tutor

292. X---Ty

293. Y---Umali

294. X---Ungab

295. Y---Uy, (D. C. L.)

296. Y---Uy (R. JR.)

297. Y---Valeriano

298. Y---Vargas

299. Y---Vargas-Alfonso

300. Y---Veloso

301. Y---Veloso-Tuazon

302. Y---Vergara

303. Y---Villa ( Z.)

304. X---Villafuerte (M. L. R.)

305. Y---Villafuerte (V. R. L. R.)

306. X---Villanueva

307. Y---Villarica

308. Y---Violago

309. Y---Yamsuan

310. Y---Yap (A.)

311. Y---Yap (C.)

312. X---Yap (EDVIC)

313. X---Yap (ERIC)

314. Y---Yap ( G.)

315. X---Yatco

316. Y---Ynares

317. X---Yu (J.V.)

318. Y---Yu (J.K.)

319. Y---Yulo

320. Y---Zamora (M.C.)

321. Y---Zamora (Y.M.)

322. Y---Zubiri

Date Transmitted To The Senate: 2025-12-17

Actions Taken By The Senate/House

Date Received By The Senate: 2025-12-17",""
"HB06670","Principal Authored Bills","AN ACT STRENGTHENING THE RIGHT OF THE GOVERNMENT TO EXPROPRIATE LANDS FOR SOCIALIZED HOUSING, AMENDING SECTIONS 3, 9, 10, 11, AND 41 OF REPUBLIC ACT NO. 7279 OTHERWISE KNOWN AS THE “URBAN DEVELOPMENT AND HOUSING ACT (UDHA) OF 1992” AND FOR OTHER PURPOSES","2025-12-09","National","1. CHUA-TAI, KATRINA REIKO","2025-12-10","HOUSING AND URBAN DEVELOPMENT","Substituted by HB09048","https://docs.congress.hrep.online/legisdocs/basic_20/hb06670.pdf","https://www.congress.gov.ph/bill/history?billno=HB06670&congress=20","","Referral To The Committee On: HOUSING AND URBAN DEVELOPMENT On 2025-12-10","Mother Bill: HB09048

Co-Substituted Bills: HB02567, HB06281","","",""
"HB09048","Principal Authored Bills","AN ACT STRENGTHENING THE RIGHT OF THE GOVERNMENT TO EXPROPRIATE LANDS FOR SOCIALIZED HOUSING, AMENDING SECTIONS 3, 9, 10, 11, AND 41 OF REPUBLIC ACT NO. 7279 OTHERWISE KNOWN AS THE “URBAN DEVELOPMENT AND HOUSING ACT (UDHA) OF 1992” AND FOR OTHER PURPOSES","2025-12-09","National","1. CHUA-TAI, KATRINA REIKO","2025-12-10","HOUSING AND URBAN DEVELOPMENT","Substituted by HB09048","https://docs.congress.hrep.online/legisdocs/basic_20/hb09048.pdf","https://www.congress.gov.ph/bill/history?billno=HB09048&congress=20","(Journal Entries)
1. Arenas (000 2026-05-26)
2. Primicias-Agabas (000 2026-06-01)
3. Dionisio (000 2026-06-01)
4. Gutierrez (000 2026-06-01)
5. Ortega (000 2026-06-01)
6. Khonghun (000 2026-06-01)
7. Adiong (000 2026-06-01)
8. Soriano (000 2026-06-02)
9. Yap (ERIC) (000 2026-06-02)
10. Padiernos (000 2026-06-02)
11. Emano (000 2026-06-02)
12. Legacion (000 2026-06-03)
13. Abante (000 2026-06-02)
14. Sakaluran (000 2026-07-29)
Author/s (Final/Third Reading)
1. Tulfo (R. W. P.)
2. Tulfo (J. P.)
3. Co-Pilar
4. Chua-Tai
5. Gatchalian
6. Dy (F.)
7. Marcos
8. De Lima
9. San Fernando
10. Santos (M.A.)
11. Aquino-Magsaysay
12. Guintu
13. Espares
14. Umali
15. Bolilia
16. Oaminal (H. F.)
17. Romulo
18. Legazpi
19. Yu (J.K.)
20. Pumaren
21. Arenas","Referral To The Committee On: RULES On 2026-05-05

Date Included In OB: 2026-05-05

Date Calendared: 2026-05-12","Committee Report No.: 00259

Submitted On: 2026-05-04

Submitted By: HOUSING AND URBAN DEVELOPMENT

Recommendations: Recommending its approval in substitution of House Bills Numbered 2567, 6281, and 6670

Substituted Bills: HB02567, HB06281, HB06670","Period Of Sponsorship: 2026-05-25

Sponsored By: Co-Pilar;Gatchalian

Period Of Interpellations: 2026-05-26

Interpellated By: Elago

Final List of Author
1. Tulfo (R. W. P.)
2. Tulfo (J. P.)
3. Co-Pilar
4. Chua-Tai
5. Gatchalian
6. Dy (F.)
7. Marcos
8. De Lima
9. San Fernando
10. Santos (M.A.)
11. Aquino-Magsaysay
12. Guintu
13. Espares
14. Umali
15. Bolilia
16. Oaminal (H. F.)
17. Romulo
18. Legazpi
19. Yu (J.K.)
20. Pumaren
21. Arenas

Date Approved On Second Reading: 2026-05-25","Date Copy Distributed To Members: 2026-05-28

Date Approved By The House On Third Reading: 2026-06-03

Third Reading Title: AN ACT STRENGTHENING THE RIGHT OF GOVERNMENT TO EXPROPRIATE LANDS FOR SOCIALIZED HOUSING, AMENDING FOR THE PURPOSE SECTIONS 9, 10, AND 11 OF REPUBLIC ACT NO. 7279, OTHERWISE KNOWN AS THE URBAN DEVELOPMENT AND HOUSING ACT OF 1992

House Votes: YEAS:292 NAYS:3 ABSTAIN:0

Date Transmitted To The Senate: 2026-06-08

Actions Taken By The Senate/House

Date Received By The Senate: 2026-06-08",""
"HB06717","Principal Authored Bills","AN ACT PROVIDING FOR STANDARDS FOR THE PRACTICE OF REHABILITATION MEDICINE AND FOR OTHER PURPOSES","2025-12-09","National","1. CHUA-TAI, KATRINA REIKO","2025-12-10","CIVIL SERVICE AND PROFESSIONAL REGULATION","Pending with the Committee on CIVIL SERVICE AND PROFESSIONAL REGULATION since 2025-12-10","https://docs.congress.hrep.online/legisdocs/basic_20/hb06717.pdf","https://www.congress.gov.ph/bill/history?billno=HB06717&congress=20","","Referral To The Committee On: CIVIL SERVICE AND PROFESSIONAL REGULATION On 2025-12-10","","","",""
"HB06718","Principal Authored Bills","AN ACT IMPOSING A LIMIT TO THE NUMBER OF HOURS AN EMPLOYEE CAN WORK AND BE MADE TO WORK OVERTIME MANDATORILY, AMENDING ARTICLE 87 OF PRESIDENTIAL DECREE NO. 442, AS AMENDED, OTHERWISE KNOWN AS THE “LABOR CODE OF THE PHILIPPINES”","2025-12-09","National","1. CHUA-TAI, KATRINA REIKO","2025-12-10","LABOR AND EMPLOYMENT","Pending with the Committee on LABOR AND EMPLOYMENT since 2025-12-10","https://docs.congress.hrep.online/legisdocs/basic_20/hb06718.pdf","https://www.congress.gov.ph/bill/history?billno=HB06718&congress=20","","Referral To The Committee On: LABOR AND EMPLOYMENT On 2025-12-10","","","",""
"HB06739","Principal Authored Bills","AN ACT CONVERTING THE DR. EVA MACARAEG-MACAPAGAL NATIONAL CENTER FOR GERIATRIC HEALTH UNDER THE JOSE R. REYES MEMORIAL MEDICAL CENTER AS THE DR. EVA MACARAEG-MACAPAGAL NATIONAL CENTER FOR GERIATRIC HEALTH AND RESEARCH INSTITUTE, DEFINING ITS POWERS AND FUNCTIONS, AND APPROPRIATING FUNDS THEREFOR","2025-12-09","National","1. GATO, CIRIACO JR. B., MD, FPSO-HNS 2. AQUINO-MAGSAYSAY, MILAGROS 3. ORDANES, RODOLFO ""Ompong"" M. 4. CO-PILAR, MA. VICTORIA 5. ROMUALDEZ, FERDINAND MARTIN G. 6. ROMUALDEZ, YEDDA MARIE K. 7. ROMUALDEZ, ANDREW JULIAN K. 8. ACIDRE, JUDE A. 9. ABANTE, BIENVENIDO JR. M. 10. VARGAS, PATRICK MICHAEL D. 11. PLEYTO, SALVADOR A. 12. FRESNEDI, JAIME R. 13. NISAY, JERNIE JETT V. 14. VELOSO, GIRLIE E. 15. SALVAME, ROSALIE A. 16. CRUZ, AGATHA ""Agay"" 17. REGENCIA, CELSO G. 18. TULFO, RALPH WENDEL P. 19. TULFO, JOCELYN P. 20. MONTES, IRIS MARIE DEMESA 21. YAP, ERIC GO 22. YAP, EDVIC G. 23. ARBISON, MUNIR JR. N. 24. YAP, CHRISTOPHERSON ""Coco"" M. 25. YAMSUAN, BRIAN RAYMUND S. 26. ORETA, ANTOLIN III A. 27. LARA, JOSEPH ""Jojo"" L. 28. GARCIA, DANTE S. 29. TERENG, KENNETH PAOLO 30. GONZALES, ROY M. 31. ZAMORA, YSABEL MARIA J. 32. DIMACUHA, BEVERLEY ROSE A. 33. MASTURA, BAI DIMPLE I. 34. RIVERA, NOEL ""Bong"" N. 35. PUNO, RONALDO V. 36. SINGSON-MEEHAN, KRISTINE 37. BULUT-BEGTANG, ELEANOR C. 38. CHUA-TAI, KATRINA REIKO 39. QUIMBO, ATTY. MIRO S. 40. MACAPAGAL-ARROYO, GLORIA 41. AMANTE, LORETO S. 42. MARQUEZ, JESUS ""Jess"" R. 43. DE JESUS, PRESLEY C. 44. ANGELES, MARIA CRISTINA C. 45. LEGARDA, ANTONIO JR. B. 46. SAN FERNANDO, ELIJAH RUMBAOA 47. BELTRAN, FERDINAND ""B1"" L. 48. NAZAL, ROBERTO 49. CHUA, JOEL R. 50. ROMAN, ANTONINO III B. 51. DIMAGUILA, WALFREDO ""ARMAN"" R. JR. 52. SUANSING, MIKAELA ANGELA B. 53. BARONDA, JULIENNE ""Jam"" L. 54. ACOSTA, GIL ""KabarangayJr"" 55. SINGSON, RONALD V. 56. TAN, KEITH MICAH ""Atty. Mike"" D.L. 57. SUANSING, BELLA VANESSA B. 58. NAVA, JC RAHMAN A., MD. 59. LAGDAMEO, MONIQUE YAZMIN MARIA Q. 60. ONGCHUAN, EDWIN 61. ALVAREZ, JOSE C. 62. CORVERA, DALE B. 63. OUANO-DIZON, EMMARIE ""Lolypop"" 64. DIMAPORO, IMELDA QUIBRANZA 65. PANCHO, AGUSTINA DOMINIQUE ""Ditse Tina"" C. 66. MERCADO, ROGER GAVIOLA 67. LOPEZ, MA. CRISTINA TALAVERA 68. ROQUE, LAARNI LAVIN 69. CENIZA, LEONEL ""Jhong"" D. 70. YAP, ARTHUR C. 71. DAZA, NIKO RAUL S.J. 72. GATCHALIAN, KENNETH T.","2025-12-10","HEALTH","House agreed on 2026-02-11 to the request for a conference made by the Senate on 2026-02-10","https://docs.congress.hrep.online/legisdocs/basic_20/hb06739.pdf","https://www.congress.gov.ph/bill/history?billno=HB06739&congress=20","1. Primicias-Agabas (000 2025-12-11)
2. Dionisio (000 2025-12-11)
3. Gutierrez (000 2025-12-11)
4. Ortega (000 2025-12-11)
5. Khonghun (000 2025-12-11)
6. Adiong (000 2025-12-11)
7. Beltran (000 2025-12-15)
8. Tan (K. M. D.L.) (000 2025-12-17)
9. Olivarez (000 2026-01-19)
10. Loyola (000 2026-01-19)
11. Legacion (000 2025-12-17)
12. Romualdo (000 2026-02-02)
13. Cari (000 2026-02-18)
14. Garin (000 2026-02-12)
15. Maceda (000 2026-06-03)
16. Galang (000 2026-06-15)
17. Villafuerte (V. R. L. R.) (000 2026-06-16)
18. Teodoro (000 2026-06-16)
Author/s (Final/Third Reading)
1. Gato
2. Aquino-Magsaysay
3. Ordanes
4. Co-Pilar
5. Romualdez (F.M.)
6. Romualdez (Y.M.)
7. Romualdez (A.J.)
8. Acidre
9. Abante
10. Vargas
11. Pleyto
12. Fresnedi
13. Nisay
14. Veloso
15. Salvame
16. Cruz (A.)
17. Regencia
18. Tulfo (R. W. P.)
19. Tulfo (J. P.)
20. Montes
21. Yap (ERIC)
22. Yap (EDVIC)
23. Arbison (M. N. JR.)
24. Yap (C.)
25. Yamsuan
26. Oreta (A. A.)
27. Lara
28. Garcia (D.)
29. Tereng
30. Dy (F.)
31. Marcos
32. Gonzales (R.)
33. Zamora (Y.M.)
34. Dimacuha
35. Mastura
36. Rivera
37. Puno
38. Singson-Meehan
39. Bulut-Begtang
40. Chua-Tai
41. Quimbo
42. Macapagal-Arroyo
43. Amante
44. Marquez
45. De Jesus
46. Angeles
47. Legarda
48. San Fernando
49. Beltran
50. Nazal
51. Chua
52. Roman
53. Dimaguila
54. Suansing (M. A. B.)
55. Baronda
56. Acosta
57. Singson (R. V.)
58. Tan (K. M. D.L.)
59. Suansing (B. V. B.)
60. Nava
61. Lagdameo (M. Y. M. Q.)
62. Ongchuan
63. Alvarez (J.)
64. Corvera
65. Ouano-Dizon
66. Dimaporo ( I. Q.)
67. Pancho
68. Mercado
69. Lopez
70. Roque
71. Ceniza
72. Yap (A.)
73. Daza
74. Gatchalian
75. Emano","Referral To The Committee On: RULES On 2025-12-10
Date Included In OB: 2025-12-10
Date Calendared: 2025-12-10","Committee Report No.: 00045
Submitted On: 2025-12-09
Submitted By: HEALTH, APPROPRIATIONS, WAYS AND MEANS
Recommendations: Recommending its approval in substitution of House Bills Numbered 183, 430, 2290, 2969, 3042, 3354, 3872, 3916, 4511, 4605, 4809, 5230, 5292, 5572, 5649, 5997, 6018, 6217, 6307, 6569, 6570, and 6620
Substituted Bills: HB00183, HB00430, HB02290, HB02969, HB03042, HB03354, HB03872, HB03916, HB04511, HB04605, HB04809, HB05230, HB05292, HB05572, HB05649, HB05997, HB06018, HB06217, HB06307, HB06569, HB06570, HB06620","Period Of Sponsorship: 2025-12-10
Sponsored By: Gato
Final List of Author
1. Gato
2. Aquino-Magsaysay
3. Ordanes
4. Co-Pilar
5. Romualdez (F.M.)
6. Romualdez (Y.M.)
7. Romualdez (A.J.)
8. Acidre
9. Abante
10. Vargas
11. Pleyto
12. Fresnedi
13. Nisay
14. Veloso
15. Salvame
16. Cruz (A.)
17. Regencia
18. Tulfo (R. W. P.)
19. Tulfo (J. P.)
20. Montes
21. Yap (ERIC)
22. Yap (EDVIC)
23. Arbison (M. N. JR.)
24. Yap (C.)
25. Yamsuan
26. Oreta (A. A.)
27. Lara
28. Garcia (D.)
29. Tereng
30. Dy (F.)
31. Marcos
32. Gonzales (R.)
33. Zamora (Y.M.)
34. Dimacuha
35. Mastura
36. Rivera
37. Puno
38. Singson-Meehan
39. Bulut-Begtang
40. Chua-Tai
41. Quimbo
42. Macapagal-Arroyo
43. Amante
44. Marquez
45. De Jesus
46. Angeles
47. Legarda
48. San Fernando
49. Beltran
50. Nazal
51. Chua
52. Roman
53. Dimaguila
54. Suansing (M. A. B.)
55. Baronda
56. Acosta
57. Singson (R. V.)
58. Tan (K. M. D.L.)
59. Suansing (B. V. B.)
60. Nava
61. Lagdameo (M. Y. M. Q.)
62. Ongchuan
63. Alvarez (J.)
64. Corvera
65. Ouano-Dizon
66. Dimaporo ( I. Q.)
67. Pancho
68. Mercado
69. Lopez
70. Roque
71. Ceniza
72. Yap (A.)
73. Daza
74. Gatchalian
75. Emano
Date Approved On Second Reading: 2025-12-10","Date Copy Distributed To Members: 2025-12-11
Date Approved By The House On Third Reading: 2025-12-16
Third Reading Title: AN ACT CONVERTING THE DR. EVA MACARAEG-MACAPAGAL NATIONAL CENTER FOR GERIATRIC HEALTH UNDER THE JOSE R. REYES MEMORIAL MEDICAL CENTER AS THE DR. EVA MACARAEG-MACAPAGAL NATIONAL CENTER FOR GERIATRIC HEALTH AND RESEARCH INSTITUTE, DEFINING ITS POWERS AND FUNCTIONS, AND APPROPRIATING FUNDS THEREFOR
House Votes: YEAS:279 NAYS:0 ABSTAIN:0
Voting Details Per Member
(Legend:Y-Yes N-No A-Abstain X-Did Not Vote B-Absent D-N/A)
1. Y---Abalos
2. Y---Abante
3. Y---Acidre
4. D---Acop (P.C.)--(N/A)
5. X---Acop
6. Y---Acosta
7. Y---Adiong
8. Y---Advincula
9. Y---Agarao
10. Y---Agyao
11. Y---Alano
12. Y---Alba
13. Y---Albano
14. Y---Almario (C.M.)
15. Y---Almario (D.)
16. Y---Almonte
17. Y---Alvarez (J.)
18. Y---Alvarez (M.)
19. Y---Amante
20. X---Amatong
21. Y---Ang
22. Y---Angara
23. Y---Angeles
24. Y---Aquino
25. Y---Aquino-Magsaysay
26. Y---Arbison (M. N. JR.)
27. Y---Arbison (M. M.)
28. Y---Arenas
29. Y---Arrogancia
30. Y---Asistio
31. Y---Atayde
32. Y---Aumentado
33. Y---Ayon
34. Y---Bag-ao
35. Y---Balindong
36. Y---Bañas-Nograles
37. Y---Bancoro
38. Y---Barba
39. Y---Barbers
40. Y---Baronda
41. D---Barzaga--(N/A)
42. Y---Bacsug
43. Y---Bautista (C. P.)
44. Y---Bautista (J. M. G.)
45. Y---Bautista-Lim
46. Y---Beltran
47. Y---Benitez (A.)
48. Y---Benitez (J.M.)
49. Y---Bernos (C.)
50. Y---Bernos (J.B.)
51. X---Biron
52. Y---Bocobo
53. Y---Bolilia
54. Y---Bondoc
55. Y---Briones
56. Y---Bulut-Begtang
57. Y---Cagas
58. Y---Calderon
59. Y---Calixto
60. Y---Caoagdan
61. Y---Cari
62. Y---Castro
63. Y---Cayton
64. Y---Celeste
65. Y---Cendaña
66. Y---Ceniza
67. D---Chan (J.)--(N/A)
68. Y---Chan
69. Y---Chua
70. Y---Chua-Tai
71. Y---Chungalao
72. D---Co ( E. S.)--(N/A)
73. Y---Co (R. L. M.)
74. Y---Co-Pilar
75. Y---Cojuangco (J. E. M. D.)
76. Y---Cojuangco ( M. O.)
77. X---Collantes
78. Y---Corvera
79. Y---Cruz (A.)
80. X---Cruz (R. JR.)
81. Y---Cruzado
82. Y---Cua
83. Y---Dagooc
84. Y---Dalog
85. X---Dayanghirang
86. Y---Daza
87. X---De Jesus
88. Y---De Lima
89. Y---De Venecia
90. Y---Defensor
91. Y---Degamo
92. Y---Del Mar
93. Y---Delos Santos
94. Y---Dimacuha
95. Y---Dimaguila
96. Y---Dimaporo ( I. Q.)
97. Y---Dimaporo ( S. A. Q.)
98. Y---Diokno
99. Y---Dionisio
100. Y---Domingo
101. Y---Domogan
102. X---Duterte (H.J.)
103. X---Duterte (O.V.)
104. X---Duterte (P.)
105. Y---Dy (F.)
106. Y---Dy (F.M.C.)
107. Y---Dy (I.P.)
108. Y---Elago
109. Y---Emano
110. Y---Enverga
111. Y---Erice
112. Y---Escudero
113. Y---Espares
114. Y---Espina
115. Y---Estrella
116. Y---Ferrer (A. A.)
117. Y---Ferrer (J. )
118. X---Flores
119. Y---Fortes
120. Y---Frasco
121. Y---Fresnedi
122. X---Fuentebella
123. Y---Galang
124. Y---Galeos
125. X---Garbin
126. Y---Garcia (A.)
127. Y---Garcia (D.)
128. Y---Garcia (J. A.)
129. Y---Garcia (K. H.)
130. Y---Garcia (M. A.)
131. Y---Gardiola
132. Y---Garin
133. Y---Gatchalian
134. Y---Gato
135. Y---Glepa
136. X---Go
137. X---Gomez
138. Y---Gonzales (A.)
139. Y---Gonzales (A. M.)
140. Y---Gonzales (C. S.)
141. Y---Gonzales (R.)
142. X---Gorriceta
143. Y---Guico
144. Y---Guintu
145. Y---Gullas
146. Y---Gutierrez
147. Y---Hernandez (C. A.)
148. Y---Hernandez (D. L.)
149. Y---Hernandez (F. L.)
150. Y---Hernandez (R. L.)
151. Y---Hofer-Hasim
152. Y---Horibata
153. Y---Ismula
154. X---Iway
155. Y---Javier
156. Y---Kho
157. Y---Kho (E. T.)
158. Y---Kho (W. T.)
159. Y---Khonghun
160. Y---Ko
161. Y---Labadlabad
162. Y---Lacson
163. Y---Lagbas
164. Y---Lagdameo (J. M. F.)
165. Y---Lagdameo (M. Y. M. Q.)
166. Y---Lagman
167. Y---Lagon (D. A.)
168. Y---Lagon (S. L.)
169. Y---Lara
170. Y---Lazatin
171. Y---Ledesma
172. Y---Legacion
173. Y---Legarda
174. X---Legazpi
175. D---Legazpi(K.)--(N/A)
176. X---Leviste
177. Y---Libanan
178. Y---Lopez
179. Y---Loria
180. Y---Loyola
181. Y---Luistro
182. Y---Lumayag
183. X---Macapagal-Arroyo
184. Y---Macasaet
185. Y---Maceda
186. Y---Madrona
187. Y---Malapitan
188. Y---Mangudadatu
189. Y---Maniquiz
190. Y---Marañon
191. Y---Marcoleta
192. Y---Marcos
193. Y---Marquez
194. Y---Mastura
195. Y---Matibag
196. Y---Matugas
197. Y---Mendoza
198. X---Mercado
199. Y---Mercado-Revilla
200. Y---Miraflores
201. Y---Momo
202. Y---Montes
203. Y---Nava
204. Y---Nazal
205. Y---Nisay
206. Y---Nolasco
207. Y---Oaminal (H. F.)
208. Y---Oaminal (S. F. F.)
209. Y---Oducado
210. Y---Olivarez
211. Y---Ongchuan
212. Y---Ordanes
213. Y---Oreta (A. A.)
214. Y---Ortega
215. Y---Ouano-Dizon
216. Y---Padiernos
217. Y---Panaligan
218. Y---Pancho
219. X---Panotes
220. Y---Pascual
221. Y---Perez
222. Y---Pimentel
223. Y---Plaza
224. Y---Pleyto
225. Y---Poe
226. Y---Primicias-Agabas
227. X---Pumaren
228. X---Puno
229. Y---Quimbo
230. Y---Rama
231. Y---Recto (R. S.)
232. Y---Regencia
233. Y---Remulla
234. Y---Revilla ( B. B.)
235. X---Revilla (R. J.)
236. Y---Ridon
237. Y---Rivera
238. Y---Robes
239. Y---Rodriguez ( E. R.)
240. Y---Rodriguez (M. B.)
241. Y---Rodriguez (R.B.)
242. Y---Roman
243. Y---Romualdez (A.J.)
244. Y---Romualdez (F.M.)
245. Y---Romualdez (Y.M.)
246. Y---Romualdo
247. Y---Romulo
248. Y---Roque
249. Y---Sagarbarria
250. Y---Sakaluran
251. Y---Salceda
252. Y---Sali
253. Y---Salvacion
254. Y---Salvador
255. Y---Salvame
256. Y---San Fernando
257. Y---Santos (M.A.S.)
258. Y---Santos (M.A.)
259. Y---Shimura
260. Y---Singson ( R.)
261. Y---Singson (R. V.)
262. Y---Singson-Meehan
263. Y---Solon
264. D---Soriano--(N/A)
265. Y---Suan
266. Y---Suansing (B. V. B.)
267. Y---Suansing (M. A. B.)
268. X---Suarez
269. Y---Suntay
270. Y---Tallado
271. Y---Tan (A.)
272. Y---Tan (J. S.)
273. Y---Tan (K. M. D.L.)
274. X---Tan (R. M.T.)
275. X---Tan (S. A.)
276. X---Tan (S. J. T.)
277. Y---Tanchay
278. X---Tanjuatco
279. Y---Tarriela
280. Y---Teodoro
281. Y---Tereng
282. Y---Teves
283. Y---Tiangco
284. Y---Tieng
285. Y---Tinio
286. X---Tolentino
287. Y---Tuan
288. Y---Tulfo (J. P.)
289. Y---Tulfo (R. W. P.)
290. Y---Tupas
291. Y---Tutor
292. Y---Ty
293. Y---Umali
294. X---Ungab
295. Y---Uy, (D. C. L.)
296. Y---Uy (R. JR.)
297. Y---Valeriano
298. Y---Vargas
299. Y---Vargas-Alfonso
300. Y---Veloso
301. Y---Veloso-Tuazon
302. Y---Vergara
303. Y---Villa ( Z.)
304. Y---Villafuerte (M. L. R.)
305. Y---Villafuerte (V. R. L. R.)
306. X---Villanueva
307. Y---Villarica
308. Y---Violago
309. Y---Yamsuan
310. Y---Yap (A.)
311. Y---Yap (C.)
312. X---Yap (EDVIC)
313. X---Yap (ERIC)
314. Y---Yap ( G.)
315. X---Yatco
316. Y---Ynares
317. X---Yu (J.V.)
318. Y---Yu (J.K.)
319. Y---Yulo
320. Y---Zamora (M.C.)
321. Y---Zamora (Y.M.)
322. Y---Zubiri
Date Transmitted To The Senate: 2025-12-17
Actions Taken By The Senate/House
Date Received By The Senate: 2025-12-17
Conference Committee Information
Date Requested To Form A Conference Committee: 2026-02-10
Conference Committee Requested By: SENATE
Date CC Request Received By The House: 2026-02-12
Date CC Request Received By The Senate: 2026-02-12
Date Agreed To Form A Conference Committee: 2026-02-11
Remarks: Printed copies were electronically distributed to members on December 11, 2025.
Concom Members (House): Gato, Veloso, Aquino-Magsaysay, Hofer-Hasim, Cruz (A.), Arbison (M. N. JR.), Zubiri
Concom Members (Senate): Hontiveros, Cayetano, Ejercito, Ejercito-Estrada, Padilla",""
"HB06789","Principal Authored Bills","AN ACT ESTABLISHING THE NATIONAL FRAMEWORK FOR WATER RESOURCE MANAGEMENT AND CREATING THE DEPARTMENT OF WATER RESOURCES AND THE WATER REGULATORY COMMISSION, DEFINING THEIR MANDATES, POWERS AND FUNCTIONS, AND APPROPRIATING FUNDS THEREFOR","2025-12-10","National","1. YAP, EDVIC G. 2. NAZAL, ROBERTO 3. FRESNEDI, JAIME R. 4. MERCADO-REVILLA, LANI 5. REVILLA, BRYAN B. 6. REVILLA, RAMON JOLO III B. 7. FLORES, JONATHAN KEITH T. 8. SUAN, LORDAN G. 9. BELTRAN, FERDINAND ""B1"" L. 10. MACAPAGAL-ARROYO, GLORIA 11. POE, BRIAN 12. KHONGHUN, JEFFERSON F. 13. TEODORO, MARCELINO ""Marcy"" R. 14. RODRIGUEZ, RUFUS B. 15. RODRIGUEZ, MAXIMO JR. B. 16. VILLAFUERTE, MIGUEL LUIS R. 17. VILLAFUERTE, VINCENZO RENATO LUIGI R. 18. HORIBATA, TSUYOSHI ANTHONY ""Hori"" G. 19. RIDON, TERRY L. 20. TAN, KEITH MICAH ""Atty. Mike"" D.L. 21. RECTO, RYAN S. 22. LAZATIN, CARMELO JR. G. 23. ZUBIRI, AUDREY KAY T. 24. COJUANGCO, JAIME EDUARDO MARC D. 25. VERGARA, JULIUS CESAR ""Jay"" V. 26. YAP, ERIC GO 27. TUPAS, BINKY APRIL M. 28. VILLARICA, LINABELLE RUTH R. 29. OLIVAREZ, ERIC L. 30. ROQUE, LAARNI LAVIN 31. PLEYTO, SALVADOR A. 32. SALCEDA, ADRIAN E. 33. PADIERNOS, JAN ""Atty. JP"" 34. VILLANUEVA, EDUARDO ""Bro. Eddie"" C. 35. MONTES, IRIS MARIE DEMESA 36. PRIMICIAS-AGABAS, MARLYN L. 37. ROMUALDEZ, FERDINAND MARTIN G. 38. ROMUALDEZ, YEDDA MARIE K. 39. ROMUALDEZ, ANDREW JULIAN K. 40. ACIDRE, JUDE A. 41. MARQUEZ, JESUS ""Jess"" R. 42. CRUZ, AGATHA ""Agay"" 43. YAP, CHRISTOPHERSON ""Coco"" M. 44. LARA, JOSEPH ""Jojo"" L. 45. TULFO, JOCELYN P. 46. TULFO, RALPH WENDEL P. 47. KHO, ELISA ""Olga"" T. 48. MOMO, ROMEO SR. S. 49. QUIMBO, ATTY. MIRO S. 50. SUANSING, MIKAELA ANGELA B. 51. GARCIA, KAREN HOPE F. 52. LOYOLA, ROY M. 53. RIVERA, NOEL ""Bong"" N. 54. BENITEZ, JAVIER MIGUEL LOPEZ 55. ANGELES, MARIA CRISTINA C. 56. REMULLA, CRISPIN DIEGO D. 57. ARENAS, MARIA RACHEL J. 58. YU, JEYZEL VICTORIA C. 59. YU, JOSEPH KIM C. 60. GLEPA, MARIA KRISTINA JIHAN B. 61. MERCADO, ROGER GAVIOLA 62. UY, DE CARLO L. 63. CRUZADO, EDWIN L.,MD. 64. GOMEZ, RICHARD I., DPA 65. LORIA, CARLOS ANDES 66. GARCIA, MARIA ANGELA S. 67. GARCIA, ALBERT S. 68. SALVADOR, MARIO ""Kokoy"" O. 69. BAÑAS-NOGRALES, SHIRLYN L. 70. CORVERA, DALE B. 71. UY, ROBERTO ""Pinpin"" JR. T. 72. DIMAPORO, SITTIE AMINAH Q. 73. ORETA, ANTOLIN III A. 74. DOMOGAN, MAURICIO G. 75. SALVACION, REYNALDO P. 76. GATCHALIAN, KENNETH T. 77. ACOSTA, GIL ""KabarangayJr"" 78. DE JESUS, PRESLEY C. 79. SUNTAY, JESUS ""Bong"" C. 80. LAGDAMEO, MONIQUE YAZMIN MARIA Q. 81. ALVAREZ, JOSE C. 82. HERNANDEZ, CHARISSE ANNE C. 83. LOPEZ, MA. CRISTINA TALAVERA 84. YAP, ARTHUR C. 85. LUISTRO, ATTY. GERVILE ""Jinky Bitrics"" R. 86. EMANO, YEVGENY VINCENTE B. 87. SINGSON-MEEHAN, KRISTINE 88. CHUA-TAI, KATRINA REIKO 89. LEGARDA, ANTONIO JR. B. 90. SAN FERNANDO, ELIJAH RUMBAOA 91. GATO, CIRIACO JR. B., MD, FPSO-HNS 92. CHUA, JOEL R. 93. ROMAN, ANTONINO III B. 94. DIMAGUILA, WALFREDO ""ARMAN"" R. JR. 95. AMANTE, LORETO S. 96. NAVA, JC RAHMAN A., MD. 97. SOLON, STEVE CHIONGBIAN 98. VELOSO-TUAZON, ANNA VICTORIA 99. LAGBAS, ATTY. JENNIFER ""Karen"" A. 100. SUANSING, BELLA VANESSA B. 101. DAZA, NIKO RAUL S.J. 102. VILLA, ZALDY S.","2025-12-10","PUBLIC WORKS AND HIGHWAYS","Approved by the House on 2025-12-22, transmitted to the Senate on 2025-12-22 and received by the Senate on 2025-12-22","https://docs.congress.hrep.online/legisdocs/basic_20/hb06789.pdf","https://www.congress.gov.ph/bill/history?billno=HB06789&congress=20","1. Guintu (000 2025-12-10)
2. Castro (000 2025-12-16)
3. Dy (F.) (000 2025-12-17)
4. Marcos (000 2025-12-17)
5. Mastura (000 2025-12-17)
6. Primicias-Agabas (000 2025-12-17)
7. Dionisio (000 2025-12-17)
8. Gutierrez (000 2025-12-17)
9. Ortega (000 2025-12-17)
10. Khonghun (000 2025-12-17)
11. Adiong (000 2025-12-17)
12. Veloso-Tuazon (000 2025-12-15)
13. De Lima (000 2025-12-16)
14. Legacion (000 2025-12-22)
15. Romualdo (000 2026-01-29)
16. Garin (000 2026-02-12)
17. Cagas (000 2026-02-25)
18. Olivarez (000 2026-05-04)
19. Javier (000 2026-05-11)
20. Maceda (000 2026-06-08)
21. Robes (000 2026-07-13)
Author/s (Final/Third Reading)
1. Yap (EDVIC)
2. Nazal
3. Fresnedi
4. Mercado-Revilla
5. Revilla ( B. B.)
6. Revilla (R. J.)
7. Flores
8. Suan
9. Beltran
10. Macapagal-Arroyo
11. Poe
12. Khonghun
13. Teodoro
14. Rodriguez (R.B.)
15. Rodriguez (M. B.)
16. Villafuerte (M. L. R.)
17. Villafuerte (V. R. L. R.)
18. Horibata
19. Ridon
20. Tan (K. M. D.L.)
21. Recto (R. S.)
22. Lazatin
23. Zubiri
24. Cojuangco (J. E. M. D.)
25. Vergara
26. Yap (ERIC)
27. Tupas
28. Villarica
29. Olivarez
30. Roque
31. Pleyto
32. Salceda
33. Padiernos
34. Villanueva
35. Montes
36. Primicias-Agabas
37. Romualdez (F.M.)
38. Romualdez (Y.M.)
39. Romualdez (A.J.)
40. Acidre
41. Marquez
42. Cruz (A.)
43. Yap (C.)
44. Lara
45. Tulfo (J. P.)
46. Tulfo (R. W. P.)
47. Kho (E. T.)
48. Momo
49. Dy (F.)
50. Marcos
51. Quimbo
52. Suansing (M. A. B.)
53. Garcia (K. H.)
54. Loyola
55. Rivera
56. Benitez (J.M.)
57. Angeles
58. Remulla
59. Arenas
60. Yu (J.V.)
61. Yu (J.K.)
62. Glepa
63. Mercado
64. Uy, (D. C. L.)
65. Cruzado
66. Gomez
67. Loria
68. Garcia (M. A.)
69. Garcia (A.)
70. Salvador
71. Bañas-Nograles
72. Corvera
73. Uy (R. JR.)
74. Dimaporo ( S. A. Q.)
75. Oreta (A. A.)
76. Domogan
77. Salvacion
78. Gatchalian
79. Acosta
80. De Jesus
81. Suntay
82. Lagdameo (M. Y. M. Q.)
83. Alvarez (J.)
84. Hernandez (C. A.)
85. Lopez
86. Yap (A.)
87. Luistro
88. Emano
89. Singson-Meehan
90. Chua-Tai
91. Legarda
92. San Fernando
93. Gato
94. Chua
95. Roman
96. Dimaguila
97. Amante
98. Nava
99. Solon
100. Veloso-Tuazon
101. Lagbas
102. Suansing (B. V. B.)
103. Daza
104. Villa ( Z.)
105. Calixto
106. Escudero
107. Garin
108. Puno
109. Guintu
110. Castro
Authorship Wihdrawals
110. Diokno (2025-12-11)
110. Co (R. L. M.) (2025-12-22)","Referral To The Committee On: RULES On 2025-12-10
Date Included In OB: 2025-12-10
Date Calendared: 2025-12-10","Committee Report No.: 00047
Submitted On: 2025-12-10
Submitted By: PUBLIC WORKS AND HIGHWAYS, GOVERNMENT REORGANIZATION, WAYS AND MEANS, APPROPRIATIONS
Recommendations: Recommending its approval in substitution of House Bills Numbered 194, 247, 589, 679, 722, 811, 1019, 1060, 1189, 1233, 1252, 1499, 1557, 1685, 2216, 2424, 2531, 2684, 2746, 2859, 3022, 3144, 3247, 3360, 3424, 3479, 4123, 4162, 4526, 4545, 4690, 4854, 5831, 6047, 6293, 6354, and 6479
Substituted Bills: HB00194, HB00247, HB00589, HB00679, HB00722, HB00811, HB01019, HB01060, HB01189, HB01233, HB01252, HB01499, HB01557, HB01685, HB02216, HB02424, HB02531, HB02684, HB02746, HB02859, HB03022, HB03144, HB03247, HB03360, HB03424, HB03479, HB04123, HB04162, HB04526, HB04545, HB04690, HB04854, HB05831, HB06047, HB06293, HB06354, HB06479","Period Of Sponsorship: 2025-12-15
Sponsored By: Momo;Pleyto
Period Of Interpellations: 2025-12-15
Interpellated By: Co (R. L. M.), De Lima, Elago
Final List of Author
1. Yap (EDVIC)
2. Nazal
3. Fresnedi
4. Mercado-Revilla
5. Revilla ( B. B.)
6. Revilla (R. J.)
7. Flores
8. Suan
9. Beltran
10. Macapagal-Arroyo
11. Poe
12. Khonghun
13. Teodoro
14. Rodriguez (R.B.)
15. Rodriguez (M. B.)
16. Villafuerte (M. L. R.)
17. Villafuerte (V. R. L. R.)
18. Horibata
19. Ridon
20. Tan (K. M. D.L.)
21. Recto (R. S.)
22. Lazatin
23. Zubiri
24. Cojuangco (J. E. M. D.)
25. Vergara
26. Yap (ERIC)
27. Tupas
28. Villarica
29. Olivarez
30. Roque
31. Pleyto
32. Salceda
33. Padiernos
34. Villanueva
35. Montes
36. Primicias-Agabas
37. Romualdez (F.M.)
38. Romualdez (Y.M.)
39. Romualdez (A.J.)
40. Acidre
41. Marquez
42. Cruz (A.)
43. Yap (C.)
44. Lara
45. Tulfo (J. P.)
46. Tulfo (R. W. P.)
47. Kho (E. T.)
48. Momo
49. Dy (F.)
50. Marcos
51. Quimbo
52. Suansing (M. A. B.)
53. Garcia (K. H.)
54. Loyola
55. Rivera
56. Benitez (J.M.)
57. Angeles
58. Remulla
59. Arenas
60. Yu (J.V.)
61. Yu (J.K.)
62. Glepa
63. Mercado
64. Uy, (D. C. L.)
65. Cruzado
66. Gomez
67. Loria
68. Garcia (M. A.)
69. Garcia (A.)
70. Salvador
71. Bañas-Nograles
72. Corvera
73. Uy (R. JR.)
74. Dimaporo ( S. A. Q.)
75. Oreta (A. A.)
76. Domogan
77. Salvacion
78. Gatchalian
79. Acosta
80. De Jesus
81. Suntay
82. Lagdameo (M. Y. M. Q.)
83. Alvarez (J.)
84. Hernandez (C. A.)
85. Lopez
86. Yap (A.)
87. Luistro
88. Emano
89. Singson-Meehan
90. Chua-Tai
91. Legarda
92. San Fernando
93. Gato
94. Chua
95. Roman
96. Dimaguila
97. Amante
98. Nava
99. Solon
100. Veloso-Tuazon
101. Lagbas
102. Suansing (B. V. B.)
103. Daza
104. Villa ( Z.)
105. Calixto
106. Escudero
107. Garin
108. Puno
109. Guintu
110. Castro
Date Approved On Second Reading: 2025-12-15","Date Copy Distributed To Members: 2025-12-18
Date Approved By The House On Third Reading: 2025-12-22
Third Reading Title: AN ACT ESTABLISHING THE NATIONAL FRAMEWORK FOR WATER RESOURCE MANAGEMENT AND CREATING THE DEPARTMENT OF WATER RESOURCES AND THE WATER REGULATORY COMMISSION, DEFINING THEIR MANDATES, POWERS AND FUNCTIONS, AND APPROPRIATING FUNDS THEREFOR
House Votes: YEAS:263 NAYS:7 ABSTAIN:0
Voting Details Per Member
(Legend:Y-Yes N-No A-Abstain X-Did Not Vote B-Absent D-N/A)
1. Y---Abalos
2. Y---Abante
3. Y---Acidre
4. D---Acop (P.C.)--(N/A)
5. D---Acop--(N/A)
6. Y---Acosta
7. Y---Adiong
8. Y---Advincula
9. Y---Agarao
10. Y---Agyao
11. Y---Alano
12. Y---Alba
13. Y---Albano
14. Y---Almario (C.M.)
15. Y---Almario (D.)
16. Y---Almonte
17. Y---Alvarez (J.)
18. Y---Alvarez (M.)
19. X---Amante
20. X---Amatong
21. X---Ang
22. X---Angara
23. X---Angeles
24. Y---Aquino
25. Y---Aquino-Magsaysay
26. Y---Arbison (M. N. JR.)
27. Y---Arbison (M. M.)
28. Y---Arenas
29. Y---Arrogancia
30. Y---Asistio
31. Y---Atayde
32. Y---Aumentado
33. Y---Ayon
34. N---Bag-ao
35. Y---Balindong
36. Y---Bañas-Nograles
37. Y---Bancoro
38. Y---Barba
39. Y---Barbers
40. Y---Baronda
41. D---Barzaga--(N/A)
42. Y---Bacsug
43. X---Bautista (C. P.)
44. Y---Bautista (J. M. G.)
45. Y---Bautista-Lim
46. X---Beltran
47. Y---Benitez (A.)
48. Y---Benitez (J.M.)
49. Y---Bernos (C.)
50. Y---Bernos (J.B.)
51. Y---Biron
52. Y---Bocobo
53. Y---Bolilia
54. X---Bondoc
55. Y---Briones
56. Y---Bulut-Begtang
57. Y---Cagas
58. Y---Calderon
59. Y---Calixto
60. Y---Caoagdan
61. Y---Cari
62. Y---Castro
63. Y---Cayton
64. Y---Celeste
65. N---Cendaña
66. X---Ceniza
67. D---Chan (J.)--(N/A)
68. Y---Chan
69. Y---Chua
70. Y---Chua-Tai
71. Y---Chungalao
72. D---Co ( E. S.)--(N/A)
73. N---Co (R. L. M.)
74. Y---Co-Pilar
75. X---Cojuangco (J. E. M. D.)
76. Y---Cojuangco ( M. O.)
77. Y---Collantes
78. X---Corvera
79. Y---Cruz (A.)
80. X---Cruz (R. JR.)
81. Y---Cruzado
82. Y---Cua
83. Y---Dagooc
84. Y---Dalog
85. X---Dayanghirang
86. Y---Daza
87. Y---De Jesus
88. Y---De Lima
89. Y---De Venecia
90. Y---Defensor
91. Y---Degamo
92. Y---Del Mar
93. Y---Delos Santos
94. Y---Dimacuha
95. Y---Dimaguila
96. Y---Dimaporo ( I. Q.)
97. X---Dimaporo ( S. A. Q.)
98. N---Diokno
99. Y---Dionisio
100. Y---Domingo
101. Y---Domogan
102. X---Duterte (H.J.)
103. X---Duterte (O.V.)
104. X---Duterte (P.)
105. Y---Dy (F.)
106. Y---Dy (F.M.C.)
107. Y---Dy (I.P.)
108. N---Elago
109. X---Emano
110. Y---Enverga
111. Y---Erice
112. Y---Escudero
113. Y---Espares
114. Y---Espina
115. Y---Estrella
116. Y---Ferrer (A. A.)
117. Y---Ferrer (J. )
118. Y---Flores
119. X---Fortes
120. X---Frasco
121. Y---Fresnedi
122. Y---Fuentebella
123. Y---Galang
124. Y---Galeos
125. Y---Garbin
126. Y---Garcia (A.)
127. Y---Garcia (D.)
128. Y---Garcia (J. A.)
129. Y---Garcia (K. H.)
130. Y---Garcia (M. A.)
131. Y---Gardiola
132. Y---Garin
133. Y---Gatchalian
134. Y---Gato
135. Y---Glepa
136. Y---Go
137. Y---Gomez
138. Y---Gonzales (A.)
139. Y---Gonzales (A. M.)
140. Y---Gonzales (C. S.)
141. X---Gonzales (R.)
142. X---Gorriceta
143. Y---Guico
144. Y---Guintu
145. X---Gullas
146. X---Gutierrez
147. Y---Hernandez (C. A.)
148. Y---Hernandez (D. L.)
149. Y---Hernandez (F. L.)
150. Y---Hernandez (R. L.)
151. Y---Hofer-Hasim
152. Y---Horibata
153. N---Ismula
154. Y---Iway
155. Y---Javier
156. Y---Kho
157. X---Kho (E. T.)
158. Y---Kho (W. T.)
159. Y---Khonghun
160. Y---Ko
161. Y---Labadlabad
162. X---Lacson
163. Y---Lagbas
164. Y---Lagdameo (J. M. F.)
165. Y---Lagdameo (M. Y. M. Q.)
166. Y---Lagman
167. Y---Lagon (D. A.)
168. Y---Lagon (S. L.)
169. Y---Lara
170. Y---Lazatin
171. X---Ledesma
172. Y---Legacion
173. Y---Legarda
174. Y---Legazpi
175. D---Legazpi(K.)--(N/A)
176. X---Leviste
177. Y---Libanan
178. Y---Lopez
179. Y---Loria
180. Y---Loyola
181. Y---Luistro
182. Y---Lumayag
183. Y---Macapagal-Arroyo
184. Y---Macasaet
185. Y---Maceda
186. Y---Madrona
187. Y---Malapitan
188. Y---Mangudadatu
189. Y---Maniquiz
190. Y---Marañon
191. Y---Marcoleta
192. Y---Marcos
193. Y---Marquez
194. Y---Mastura
195. Y---Matibag
196. Y---Matugas
197. Y---Mendoza
198. Y---Mercado
199. Y---Mercado-Revilla
200. Y---Miraflores
201. Y---Momo
202. Y---Montes
203. Y---Nava
204. Y---Nazal
205. Y---Nisay
206. Y---Nolasco
207. Y---Oaminal (H. F.)
208. Y---Oaminal (S. F. F.)
209. Y---Oducado
210. Y---Olivarez
211. Y---Ongchuan
212. Y---Ordanes
213. Y---Oreta (A. A.)
214. Y---Ortega
215. Y---Ouano-Dizon
216. Y---Padiernos
217. Y---Panaligan
218. Y---Pancho
219. Y---Panotes
220. Y---Pascual
221. Y---Perez
222. Y---Pimentel
223. Y---Plaza
224. Y---Pleyto
225. Y---Poe
226. Y---Primicias-Agabas
227. Y---Pumaren
228. X---Puno
229. Y---Quimbo
230. Y---Rama
231. Y---Recto (R. S.)
232. Y---Regencia
233. Y---Remulla
234. Y---Revilla ( B. B.)
235. Y---Revilla (R. J.)
236. Y---Ridon
237. Y---Rivera
238. Y---Robes
239. Y---Rodriguez ( E. R.)
240. Y---Rodriguez (M. B.)
241. Y---Rodriguez (R.B.)
242. Y---Roman
243. Y---Romualdez (A.J.)
244. Y---Romualdez (F.M.)
245. Y---Romualdez (Y.M.)
246. Y---Romualdo
247. Y---Romulo
248. Y---Roque
249. Y---Sagarbarria
250. Y---Sakaluran
251. Y---Salceda
252. Y---Sali
253. Y---Salvacion
254. Y---Salvador
255. Y---Salvame
256. Y---San Fernando
257. Y---Santos (M.A.S.)
258. Y---Santos (M.A.)
259. Y---Shimura
260. Y---Singson ( R.)
261. X---Singson (R. V.)
262. X---Singson-Meehan
263. Y---Solon
264. D---Soriano--(N/A)
265. Y---Suan
266. Y---Suansing (B. V. B.)
267. Y---Suansing (M. A. B.)
268. Y---Suarez
269. X---Suntay
270. X---Tallado
271. Y---Tan (A.)
272. Y---Tan (J. S.)
273. Y---Tan (K. M. D.L.)
274. X---Tan (R. M.T.)
275. X---Tan (S. A.)
276. Y---Tan (S. J. T.)
277. Y---Tanchay
278. Y---Tanjuatco
279. Y---Tarriela
280. Y---Teodoro
281. Y---Tereng
282. Y---Teves
283. X---Tiangco
284. Y---Tieng
285. N---Tinio
286. Y---Tolentino
287. Y---Tuan
288. X---Tulfo (J. P.)
289. X---Tulfo (R. W. P.)
290. Y---Tupas
291. X---Tutor
292. Y---Ty
293. Y---Umali
294. X---Ungab
295. Y---Uy, (D. C. L.)
296. Y---Uy (R. JR.)
297. Y---Valeriano
298. Y---Vargas
299. Y---Vargas-Alfonso
300. Y---Veloso
301. Y---Veloso-Tuazon
302. Y---Vergara
303. X---Villa ( Z.)
304. Y---Villafuerte (M. L. R.)
305. Y---Villafuerte (V. R. L. R.)
306. X---Villanueva
307. Y---Villarica
308. X---Violago
309. Y---Yamsuan
310. X---Yap (A.)
311. Y---Yap (C.)
312. Y---Yap (EDVIC)
313. Y---Yap (ERIC)
314. Y---Yap ( G.)
315. Y---Yatco
316. Y---Ynares
317. X---Yu (J.V.)
318. Y---Yu (J.K.)
319. Y---Yulo
320. Y---Zamora (M.C.)
321. Y---Zamora (Y.M.)
322. Y---Zubiri
Date Transmitted To The Senate: 2025-12-22
Actions Taken By The Senate/House
Date Received By The Senate: 2025-12-22",""
"HB07469","Principal Authored Bills","AN ACT FURTHER AMENDING REPUBLIC ACT NO. 7610, AS AMENDED BY REPUBLIC ACT NO. 9231, BY PROVIDING FOR THE PROTECTION OF THE EARNINGS OF CHILD PERFORMERS AND ATHLETES","2026-01-28","National","1. CHUA-TAI, KATRINA REIKO","2026-02-02","WELFARE OF CHILDREN","Pending with the Committee on WELFARE OF CHILDREN since 2026-02-02","https://docs.congress.hrep.online/legisdocs/basic_20/hb07469.pdf","https://www.congress.gov.ph/bill/history?billno=HB07469&congress=20","","Referral To The Committee On: WELFARE OF CHILDREN On 2026-02-02","","","",""
"HB07470","Principal Authored Bills","AN ACT ESTABLISHING THE CLASSROOM-BUILDING ACCELERATION PROGRAM (CAP), AUTHORIZING LOCAL GOVERNMENT UNITS AND PRIVATE SECTOR ENTITIES TO UNDERTAKE CLASSROOM CONSTRUCTION PROJECTS, AND APPROPRIATING FUNDS THEREFOR","2026-01-28","National","1. CHUA-TAI, KATRINA REIKO","2026-02-02","BASIC EDUCATION AND CULTURE","Pending with the Committee on BASIC EDUCATION AND CULTURE since 2026-02-02","https://docs.congress.hrep.online/legisdocs/basic_20/hb07470.pdf","https://www.congress.gov.ph/bill/history?billno=HB07470&congress=20","","Referral To The Committee On: BASIC EDUCATION AND CULTURE On 2026-02-02","","","",""
"HB07622","Principal Authored Bills","AN ACT PROVIDING FOR EXPANDED PATERNITY LEAVE BENEFITS, AMENDING REPUBLIC ACT NO. 8187, OTHERWISE KNOWN AS THE ""PATERNITY LEAVE ACT OF 1996""","2026-02-04","National","1. CHUA-TAI, KATRINA REIKO","2026-02-09","LABOR AND EMPLOYMENT","Pending with the Committee on LABOR AND EMPLOYMENT since 2026-02-09","https://docs.congress.hrep.online/legisdocs/basic_20/hb07622.pdf","https://www.congress.gov.ph/bill/history?billno=HB07622&congress=20","","Referral To The Committee On: LABOR AND EMPLOYMENT On 2026-02-09","","","",""
"HB07628","Principal Authored Bills","AN ACT MANDATING THE INCLUSION OF A PERSONAL FINANCIAL LITERACY COURSE IN THE TERTIARY EDUCATION CURRICULUM OF HIGHER EDUCATION INSTITUTIONS, TECHNICAL-VOCATIONAL INSTITUTIONS, AND TECHNICAL EDUCATION AND SKILLS DEVELOPMENT AUTHORITY TRAINING CENTERS","2026-02-04","National","1. MERCADO-REVILLA, LANI 2. REVILLA, BRYAN B. 3. REVILLA, RAMON JOLO III B. 4. ORETA, ANTOLIN III A. 5. MONTES, IRIS MARIE DEMESA 6. ALBA, JOSE MANUEL F. 7. ROMUALDEZ, YEDDA MARIE K. 8. ROMUALDEZ, ANDREW JULIAN K. 9. ACIDRE, JUDE A. 10. GUINTU, IVAN HOWARD A. 11. CASTRO, JANE T. 12. SINGSON-MEEHAN, KRISTINE 13. PLEYTO, SALVADOR A. 14. LOPEZ, MA. CRISTINA TALAVERA 15. COJUANGCO, JAIME EDUARDO MARC D. 16. LARA, JOSEPH ""Jojo"" L. 17. GATO, CIRIACO JR. B., MD, FPSO-HNS 18. YNARES, REBECCA MARIA ALCANTARA 19. HERNANDEZ, FERDINAND L. 20. SOLON, STEVE CHIONGBIAN 21. TUAN, DIBU S. 22. CALDERON, PATRICIA C. 23. GATCHALIAN, KENNETH T. 24. VILLAFUERTE, MIGUEL LUIS R. 25. ALANO,USTADZ YUSOP T. 26. ROMULO, ROMAN T. 27. SUANSING, BELLA VANESSA B. 28. NAVA, JC RAHMAN A., MD. 29. FRESNEDI, JAIME R. 30. DAGOOC, SERGIO C. 31. GALANG, GERALD CLOYD ALEXIS V. 32. CAGAS, JOHN TRACY F. 33. DAYANGHIRANG, NELSON ""JR"" 34. CRUZADO, EDWIN L.,MD. 35. YATCO, FLORABEL C. 36. COLLANTES, KING 37. GALEOS, EDSEL A. 38. CRUZ, AGATHA ""Agay"" 39. LAGBAS, ATTY. JENNIFER ""Karen"" A. 40. DIMAGUILA, WALFREDO ""ARMAN"" R. JR. 41. OAMINAL, HENRY ""Indy"" JR F. 42. BAUTISTA, JOHANNE MONICH G. 43. ROMAN, ANTONINO III B. 44. DAZA, NIKO RAUL S.J. 45. BARONDA, JULIENNE ""Jam"" L. 46. SALVADOR, MARIO ""Kokoy"" O. 47. BOCOBO, JORGE DANIEL S. 48. CO, RENEE LOUISE M. 49. SALI, DIMSZAR M. 50. DEGAMO, JANICE 51. PIMENTEL, ALEXANDER TY 52. SAN FERNANDO, ELIJAH RUMBAOA 53. LUMAYAG, ISIDRO D. 54. ALVAREZ, MERCEDES K. 55. MARQUEZ, JESUS ""Jess"" R. 56. MOMO, ROMEO SR. S. 57. RODRIGUEZ, EULOGIO ""Leo"" R. 58. POE, BRIAN 59. PRIMICIAS-AGABAS, MARLYN L. 60. FLORES, JONATHAN KEITH T. 61. ADIONG,ZIAUR-RAHMAN ""Zia"" ALONTO 62. CHUA-TAI, KATRINA REIKO 63. ESPARES, FELIMON M. 64. AMANTE, LORETO S. 65. YU, JOSEPH KIM C. 66. YAP, JOHN GEESNELL ""Baba"" 67. YAMSUAN, BRIAN RAYMUND S. 68. YAP, CHRISTOPHERSON ""Coco"" M. 69. CO-PILAR, MA. VICTORIA","2026-02-09","HIGHER AND TECHNICAL EDUCATION","Approved by the House on 2026-03-03, transmitted to the Senate on 2026-03-04 and received by the Senate on 2026-03-04","https://docs.congress.hrep.online/legisdocs/basic_20/hb07628.pdf","https://www.congress.gov.ph/bill/history?billno=HB07628&congress=20","1. Cagas (000 2026-02-25)
2. Marcos (000 2026-02-25)
3. Legacion (000 2026-03-04)
4. Tan (R. M.T.) (000 2026-07-07)
5. Tulfo (R. W. P.) (000 2026-08-24)","Referral To The Committee On: RULES On 2026-02-09
Date Included In OB: 2026-02-09
Date Calendared: 2026-02-23","Committee Report No.: 00105
Submitted On: 2026-02-04
Submitted By: HIGHER AND TECHNICAL EDUCATION
Recommendations: Recommending its approval in substitution of House Bills Numbered 256, 729, 1388, 2183, 4258 and 5313
Substituted Bills: HB00256, HB00729, HB01388, HB02183, HB04258, HB05313","Period Of Sponsorship: 2026-02-24
Sponsored By: Acidre
Date Approved On Second Reading: 2026-02-24","Date Copy Distributed To Members: 2026-02-26
Date Approved By The House On Third Reading: 2026-03-03
Third Reading Title: AN ACT MANDATING THE INCLUSION OF A PERSONAL FINANCIAL LITERACY COURSE IN THE TERTIARY EDUCATION CURRICULUM OF HIGHER EDUCATION INSTITUTIONS, TECHNICAL-VOCATIONAL INSTITUTIONS, AND TECHNICAL EDUCATION AND SKILLS DEVELOPMENT AUTHORITY TRAINING CENTERS
House Votes: YEAS:251 NAYS:0 ABSTAIN:0
Voting Details Per Member
(Legend:Y-Yes N-No A-Abstain X-Did Not Vote B-Absent D-N/A)
1. Y---Abalos
2. X---Abante
3. Y---Acidre
4. D---Acop (P.C.)--(N/A)
5. D---Acop--(N/A)
6. Y---Acosta
7. Y---Adiong
8. X---Advincula
9. Y---Agarao
10. Y---Agyao
11. Y---Alano
12. Y---Alba
13. Y---Albano
14. X---Almario (C.M.)
15. Y---Almario (D.)
16. X---Almonte
17. Y---Alvarez (J.)
18. X---Alvarez (M.)
19. Y---Amante
20. Y---Amatong
21. Y---Ang
22. Y---Angara
23. Y---Angeles
24. Y---Aquino
25. Y---Aquino-Magsaysay
26. Y---Arbison (M. N. JR.)
27. Y---Arbison (M. M.)
28. X---Arenas
29. Y---Arrogancia
30. Y---Asistio
31. Y---Atayde
32. X---Aumentado
33. Y---Ayon
34. Y---Bag-ao
35. Y---Balindong
36. Y---Bañas-Nograles
37. Y---Bancoro
38. Y---Barba
39. Y---Barbers
40. Y---Baronda
41. D---Barzaga--(N/A)
42. Y---Bacsug
43. X---Bautista (C. P.)
44. Y---Bautista (J. M. G.)
45. X---Bautista-Lim
46. X---Beltran
47. Y---Benitez (A.)
48. Y---Benitez (J.M.)
49. Y---Bernos (C.)
50. Y---Bernos (J.B.)
51. Y---Biron
52. Y---Bocobo
53. Y---Bolilia
54. X---Bondoc
55. Y---Briones
56. Y---Bulut-Begtang
57. Y---Cagas
58. Y---Calderon
59. Y---Calixto
60. Y---Caoagdan
61. Y---Cari
62. Y---Castro
63. Y---Cayton
64. Y---Celeste
65. Y---Cendaña
66. X---Ceniza
67. Y---Chan (J.)
68. Y---Chan
69. X---Chua
70. Y---Chua-Tai
71. Y---Chungalao
72. D---Co ( E. S.)--(N/A)
73. Y---Co (R. L. M.)
74. Y---Co-Pilar
75. Y---Cojuangco (J. E. M. D.)
76. Y---Cojuangco ( M. O.)
77. X---Collantes
78. Y---Corvera
79. Y---Cruz (A.)
80. Y---Cruz (R. JR.)
81. Y---Cruzado
82. Y---Cua
83. Y---Dagooc
84. Y---Dalog
85. X---Dayanghirang
86. X---Daza
87. X---De Jesus
88. Y---De Lima
89. Y---De Venecia
90. Y---Defensor
91. Y---Degamo
92. Y---Del Mar
93. X---Delos Santos
94. Y---Dimacuha
95. Y---Dimaguila
96. Y---Dimaporo ( I. Q.)
97. Y---Dimaporo ( S. A. Q.)
98. Y---Diokno
99. Y---Dionisio
100. Y---Domingo
101. Y---Domogan
102. X---Duterte (H.J.)
103. X---Duterte (O.V.)
104. X---Duterte (P.)
105. Y---Dy (F.)
106. Y---Dy (F.M.C.)
107. Y---Dy (I.P.)
108. Y---Elago
109. X---Emano
110. Y---Enverga
111. Y---Erice
112. Y---Escudero
113. Y---Espares
114. Y---Espina
115. Y---Estrella
116. Y---Ferrer (A. A.)
117. Y---Ferrer (J. )
118. X---Flores
119. Y---Fortes
120. X---Frasco
121. Y---Fresnedi
122. X---Fuentebella
123. Y---Galang
124. Y---Galeos
125. X---Garbin
126. X---Garcia (A.)
127. Y---Garcia (D.)
128. Y---Garcia (J. A.)
129. Y---Garcia (K. H.)
130. Y---Garcia (M. A.)
131. Y---Gardiola
132. Y---Garin
133. Y---Gatchalian
134. Y---Gato
135. Y---Glepa
136. Y---Go
137. X---Gomez
138. Y---Gonzales (A.)
139. Y---Gonzales (A. M.)
140. Y---Gonzales (C. S.)
141. Y---Gonzales (R.)
142. Y---Gorriceta
143. Y---Guico
144. Y---Guintu
145. X---Gullas
146. Y---Gutierrez
147. Y---Hernandez (C. A.)
148. Y---Hernandez (D. L.)
149. Y---Hernandez (F. L.)
150. Y---Hernandez (R. L.)
151. Y---Hofer-Hasim
152. X---Horibata
153. Y---Ismula
154. Y---Iway
155. Y---Javier
156. Y---Kho
157. Y---Kho (E. T.)
158. Y---Kho (W. T.)
159. Y---Khonghun
160. Y---Ko
161. Y---Labadlabad
162. Y---Lacson
163. Y---Lagbas
164. Y---Lagdameo (J. M. F.)
165. Y---Lagdameo (M. Y. M. Q.)
166. Y---Lagman
167. Y---Lagon (D. A.)
168. Y---Lagon (S. L.)
169. Y---Lara
170. Y---Lazatin
171. Y---Ledesma
172. Y---Legacion
173. Y---Legarda
174. Y---Legazpi
175. D---Legazpi(K.)--(N/A)
176. X---Leviste
177. Y---Libanan
178. Y---Lopez
179. Y---Loria
180. Y---Loyola
181. Y---Luistro
182. Y---Lumayag
183. X---Macapagal-Arroyo
184. Y---Macasaet
185. Y---Maceda
186. Y---Madrona
187. Y---Malapitan
188. Y---Mangudadatu
189. Y---Maniquiz
190. X---Marañon
191. Y---Marcoleta
192. Y---Marcos
193. X---Marquez
194. Y---Mastura
195. Y---Matibag
196. Y---Matugas
197. X---Mendoza
198. Y---Mercado
199. Y---Mercado-Revilla
200. Y---Miraflores
201. Y---Momo
202. Y---Montes
203. Y---Nava
204. Y---Nazal
205. Y---Nisay
206. Y---Nolasco
207. Y---Oaminal (H. F.)
208. X---Oaminal (S. F. F.)
209. Y---Oducado
210. Y---Olivarez
211. X---Ongchuan
212. Y---Ordanes
213. Y---Oreta (A. A.)
214. Y---Ortega
215. Y---Ouano-Dizon
216. Y---Padiernos
217. X---Panaligan
218. Y---Pancho
219. Y---Panotes
220. Y---Pascual
221. Y---Perez
222. X---Pimentel
223. Y---Plaza
224. Y---Pleyto
225. Y---Poe
226. Y---Primicias-Agabas
227. Y---Pumaren
228. X---Puno
229. Y---Quimbo
230. Y---Rama
231. Y---Recto (R. S.)
232. X---Regencia
233. Y---Remulla
234. X---Revilla ( B. B.)
235. Y---Revilla (R. J.)
236. Y---Ridon
237. Y---Rivera
238. Y---Robes
239. Y---Rodriguez ( E. R.)
240. Y---Rodriguez (M. B.)
241. Y---Rodriguez (R.B.)
242. Y---Roman
243. X---Romualdez (A.J.)
244. X---Romualdez (F.M.)
245. X---Romualdez (Y.M.)
246. Y---Romualdo
247. Y---Romulo
248. X---Roque
249. Y---Sagarbarria
250. Y---Sakaluran
251. Y---Salceda
252. Y---Sali
253. Y---Salvacion
254. Y---Salvador
255. Y---Salvame
256. Y---San Fernando
257. Y---Santos (M.A.S.)
258. Y---Santos (M.A.)
259. Y---Shimura
260. Y---Singson ( R.)
261. Y---Singson (R. V.)
262. X---Singson-Meehan
263. Y---Solon
264. D---Soriano--(N/A)
265. Y---Suan
266. X---Suansing (B. V. B.)
267. X---Suansing (M. A. B.)
268. X---Suarez
269. Y---Suntay
270. Y---Tallado
271. X---Tan (A.)
272. Y---Tan (J. S.)
273. Y---Tan (K. M. D.L.)
274. X---Tan (R. M.T.)
275. Y---Tan (S. A.)
276. X---Tan (S. J. T.)
277. Y---Tanchay
278. Y---Tanjuatco
279. Y---Tarriela
280. Y---Teodoro
281. Y---Tereng
282. Y---Teves
283. Y---Tiangco
284. X---Tieng
285. Y---Tinio
286. Y---Tolentino
287. Y---Tuan
288. Y---Tulfo (J. P.)
289. Y---Tulfo (R. W. P.)
290. Y---Tupas
291. X---Tutor
292. X---Ty
293. Y---Umali
294. X---Ungab
295. X---Uy, (D. C. L.)
296. Y---Uy (R. JR.)
297. Y---Valeriano
298. Y---Vargas
299. Y---Vargas-Alfonso
300. Y---Veloso
301. Y---Veloso-Tuazon
302. Y---Vergara
303. Y---Villa ( Z.)
304. Y---Villafuerte (M. L. R.)
305. Y---Villafuerte (V. R. L. R.)
306. X---Villanueva
307. Y---Villarica
308. X---Violago
309. Y---Yamsuan
310. Y---Yap (A.)
311. X---Yap (C.)
312. D---Yap (EDVIC)--(N/A)
313. X---Yap (ERIC)
314. Y---Yap ( G.)
315. Y---Yatco
316. Y---Ynares
317. X---Yu (J.V.)
318. Y---Yu (J.K.)
319. Y---Yulo
320. X---Zamora (M.C.)
321. Y---Zamora (Y.M.)
322. Y---Zubiri
Date Transmitted To The Senate: 2026-03-04
Actions Taken By The Senate/House
Date Received By The Senate: 2026-03-04",""
"HB07629","Principal Authored Bills","AN ACT ALIGNING THE CHARTER OF THE PALOMPON POLYTECHNIC STATE UNIVERSITY WITH REPUBLIC ACT NO. 8292, OTHERWISE KNOWN AS THE “HIGHER EDUCATION MODERNIZATION ACT OF 1997”, AMENDING FOR THE PURPOSE SECTIONS 6 AND 9 OF REPUBLIC ACT NO. 10599, ENTITLED “AN ACT CONVERTING THE PALOMPON INSTITUTE OF TECHNOLOGY IN THE MUNICIPALITY OF PALOMPON, PROVINCE OF LEYTE INTO A STATE UNIVERSITY TO BE KNOWN AS THE PALOMPON POLYTECHNIC STATE UNIVERSITY, INTEGRATING THEREWITH THE MARCELINO R. VELOSO NATIONAL POLYTECHNIC COLLEGE IN THE MUNICIPALITY OF TABANGO, PROVINCE OF LEYTE AND APPROPRIATING FUNDS THEREFOR”, AS AMENDED BY REPUBLIC ACT NO. 11309","2026-02-05","Local","1. GOMEZ, RICHARD I., DPA 2. ACIDRE, JUDE A. 3. ROMUALDEZ, ANDREW JULIAN K. 4. SINGSON-MEEHAN, KRISTINE 5. PLEYTO, SALVADOR A. 6. LOPEZ, MA. CRISTINA TALAVERA 7. COJUANGCO, JAIME EDUARDO MARC D. 8. LARA, JOSEPH ""Jojo"" L. 9. GATO, CIRIACO JR. B., MD, FPSO-HNS 10. YNARES, REBECCA MARIA ALCANTARA 11. HERNANDEZ, FERDINAND L. 12. SOLON, STEVE CHIONGBIAN 13. TUAN, DIBU S. 14. CALDERON, PATRICIA C. 15. GUINTU, IVAN HOWARD A. 16. CASTRO, JANE T. 17. GATCHALIAN, KENNETH T. 18. VILLAFUERTE, MIGUEL LUIS R. 19. ALANO,USTADZ YUSOP T. 20. ROMULO, ROMAN T. 21. SUANSING, BELLA VANESSA B. 22. NAVA, JC RAHMAN A., MD. 23. FRESNEDI, JAIME R. 24. DAGOOC, SERGIO C. 25. GALANG, GERALD CLOYD ALEXIS V. 26. CAGAS, JOHN TRACY F. 27. DAYANGHIRANG, NELSON ""JR"" 28. CRUZADO, EDWIN L.,MD. 29. YATCO, FLORABEL C. 30. COLLANTES, KING 31. GALEOS, EDSEL A. 32. CRUZ, AGATHA ""Agay"" 33. LAGBAS, ATTY. JENNIFER ""Karen"" A. 34. ORETA, ANTOLIN III A. 35. DIMAGUILA, WALFREDO ""ARMAN"" R. JR. 36. OAMINAL, HENRY ""Indy"" JR F. 37. BAUTISTA, JOHANNE MONICH G. 38. ROMAN, ANTONINO III B. 39. DAZA, NIKO RAUL S.J. 40. BARONDA, JULIENNE ""Jam"" L. 41. SALVADOR, MARIO ""Kokoy"" O. 42. BOCOBO, JORGE DANIEL S. 43. CO, RENEE LOUISE M. 44. SALI, DIMSZAR M. 45. DEGAMO, JANICE 46. PIMENTEL, ALEXANDER TY 47. SAN FERNANDO, ELIJAH RUMBAOA 48. LUMAYAG, ISIDRO D. 49. ALVAREZ, MERCEDES K. 50. MARQUEZ, JESUS ""Jess"" R. 51. MOMO, ROMEO SR. S. 52. RODRIGUEZ, EULOGIO ""Leo"" R. 53. POE, BRIAN 54. PRIMICIAS-AGABAS, MARLYN L. 55. FLORES, JONATHAN KEITH T. 56. ADIONG,ZIAUR-RAHMAN ""Zia"" ALONTO 57. CHUA-TAI, KATRINA REIKO 58. DIOKNO, JOSE MANUEL TADEO ""Chel"" I. 59. ESPARES, FELIMON M. 60. AMANTE, LORETO S. 61. YU, JOSEPH KIM C. 62. YAP, JOHN GEESNELL ""Baba"" 63. YAMSUAN, BRIAN RAYMUND S. 64. YAP, CHRISTOPHERSON ""Coco"" M. 65. CO-PILAR, MA. VICTORIA","2026-02-09","HIGHER AND TECHNICAL EDUCATION","Approved by the House on 2026-03-03, transmitted to the Senate on 2026-03-04 and received by the Senate on 2026-03-04","https://docs.congress.hrep.online/legisdocs/basic_20/hb07629.pdf","https://www.congress.gov.ph/bill/history?billno=HB07629&congress=20","","Referral To The Committee On: RULES On 2026-02-09
Date Included In OB: 2026-02-09
Business For Thu/Fri On: 2026-02-23","Committee Report No.: 00106
Submitted On: 2026-02-05
Submitted By: HIGHER AND TECHNICAL EDUCATION
Recommendations: Recommending its approval in substitution of House Bill No. 3728
Substituted Bills: HB03728","Period Of Sponsorship: 2026-02-24
Sponsored By: Acidre
Period Of Individual Amendments: 2026-02-24
Amended By: Escudero
Date Approved On Second Reading: 2026-02-24","Date Copy Distributed To Members: 2026-02-26
Date Approved By The House On Third Reading: 2026-03-03
Third Reading Title: AN ACT ALIGNING THE CHARTER OF THE PALOMPON POLYTECHNIC STATE UNIVERSITY WITH REPUBLIC ACT NO. 8292, OTHERWISE KNOWN AS THE “HIGHER EDUCATION MODERNIZATION ACT OF 1997,” AMENDING FOR THE PURPOSE SECTIONS 6 AND 9 OF REPUBLIC ACT NO. 10599, ENTITLED ""AN ACT CONVERTING THE PALOMPON INSTITUTE OF TECHNOLOGY IN THE MUNICIPALITY OF PALOMPON, PROVINCE OF LEYTE INTO A STATE UNIVERSITY TO BE KNOWN AS THE PALOMPON POLYTECHNIC STATE UNIVERSITY, INTEGRATING THEREWITH THE MARCELINO R. VELOSO NATIONAL POLYTECHNIC COLLEGE IN THE MUNICIPALITY OF TABANGO, PROVINCE OF LEYTE AND APPROPRIATING FUNDS THEREFOR,"" AS AMENDED BY REPUBLIC ACT NO. 1130
House Votes: YEAS:253 NAYS:0 ABSTAIN:0
Voting Details Per Member
(Legend:Y-Yes N-No A-Abstain X-Did Not Vote B-Absent D-N/A)
1. Y---Abalos
2. X---Abante
3. Y---Acidre
4. D---Acop (P.C.)--(N/A)
5. D---Acop--(N/A)
6. Y---Acosta
7. Y---Adiong
8. X---Advincula
9. Y---Agarao
10. Y---Agyao
11. Y---Alano
12. Y---Alba
13. Y---Albano
14. X---Almario (C.M.)
15. Y---Almario (D.)
16. X---Almonte
17. Y---Alvarez (J.)
18. X---Alvarez (M.)
19. Y---Amante
20. Y---Amatong
21. Y---Ang
22. Y---Angara
23. Y---Angeles
24. Y---Aquino
25. Y---Aquino-Magsaysay
26. Y---Arbison (M. N. JR.)
27. Y---Arbison (M. M.)
28. X---Arenas
29. Y---Arrogancia
30. Y---Asistio
31. Y---Atayde
32. X---Aumentado
33. Y---Ayon
34. Y---Bag-ao
35. Y---Balindong
36. Y---Bañas-Nograles
37. Y---Bancoro
38. Y---Barba
39. Y---Barbers
40. Y---Baronda
41. D---Barzaga--(N/A)
42. Y---Bacsug
43. X---Bautista (C. P.)
44. Y---Bautista (J. M. G.)
45. X---Bautista-Lim
46. X---Beltran
47. Y---Benitez (A.)
48. Y---Benitez (J.M.)
49. Y---Bernos (C.)
50. Y---Bernos (J.B.)
51. Y---Biron
52. Y---Bocobo
53. Y---Bolilia
54. X---Bondoc
55. Y---Briones
56. Y---Bulut-Begtang
57. Y---Cagas
58. Y---Calderon
59. Y---Calixto
60. Y---Caoagdan
61. Y---Cari
62. Y---Castro
63. Y---Cayton
64. Y---Celeste
65. Y---Cendaña
66. X---Ceniza
67. Y---Chan (J.)
68. Y---Chan
69. X---Chua
70. Y---Chua-Tai
71. Y---Chungalao
72. D---Co ( E. S.)--(N/A)
73. Y---Co (R. L. M.)
74. Y---Co-Pilar
75. Y---Cojuangco (J. E. M. D.)
76. Y---Cojuangco ( M. O.)
77. X---Collantes
78. Y---Corvera
79. Y---Cruz (A.)
80. Y---Cruz (R. JR.)
81. Y---Cruzado
82. Y---Cua
83. Y---Dagooc
84. Y---Dalog
85. X---Dayanghirang
86. X---Daza
87. X---De Jesus
88. Y---De Lima
89. Y---De Venecia
90. Y---Defensor
91. Y---Degamo
92. Y---Del Mar
93. X---Delos Santos
94. Y---Dimacuha
95. Y---Dimaguila
96. Y---Dimaporo ( I. Q.)
97. Y---Dimaporo ( S. A. Q.)
98. Y---Diokno
99. Y---Dionisio
100. Y---Domingo
101. Y---Domogan
102. X---Duterte (H.J.)
103. X---Duterte (O.V.)
104. X---Duterte (P.)
105. Y---Dy (F.)
106. Y---Dy (F.M.C.)
107. Y---Dy (I.P.)
108. Y---Elago
109. X---Emano
110. Y---Enverga
111. Y---Erice
112. Y---Escudero
113. Y---Espares
114. Y---Espina
115. Y---Estrella
116. Y---Ferrer (A. A.)
117. Y---Ferrer (J. )
118. X---Flores
119. Y---Fortes
120. X---Frasco
121. Y---Fresnedi
122. X---Fuentebella
123. Y---Galang
124. Y---Galeos
125. X---Garbin
126. X---Garcia (A.)
127. Y---Garcia (D.)
128. Y---Garcia (J. A.)
129. Y---Garcia (K. H.)
130. Y---Garcia (M. A.)
131. Y---Gardiola
132. Y---Garin
133. Y---Gatchalian
134. Y---Gato
135. Y---Glepa
136. Y---Go
137. X---Gomez
138. Y---Gonzales (A.)
139. Y---Gonzales (A. M.)
140. Y---Gonzales (C. S.)
141. Y---Gonzales (R.)
142. Y---Gorriceta
143. Y---Guico
144. Y---Guintu
145. X---Gullas
146. Y---Gutierrez
147. Y---Hernandez (C. A.)
148. Y---Hernandez (D. L.)
149. Y---Hernandez (F. L.)
150. Y---Hernandez (R. L.)
151. Y---Hofer-Hasim
152. X---Horibata
153. Y---Ismula
154. Y---Iway
155. Y---Javier
156. Y---Kho
157. Y---Kho (E. T.)
158. Y---Kho (W. T.)
159. Y---Khonghun
160. Y---Ko
161. Y---Labadlabad
162. Y---Lacson
163. Y---Lagbas
164. Y---Lagdameo (J. M. F.)
165. Y---Lagdameo (M. Y. M. Q.)
166. Y---Lagman
167. Y---Lagon (D. A.)
168. Y---Lagon (S. L.)
169. Y---Lara
170. Y---Lazatin
171. Y---Ledesma
172. Y---Legacion
173. Y---Legarda
174. Y---Legazpi
175. D---Legazpi(K.)--(N/A)
176. X---Leviste
177. Y---Libanan
178. Y---Lopez
179. Y---Loria
180. Y---Loyola
181. Y---Luistro
182. Y---Lumayag
183. X---Macapagal-Arroyo
184. Y---Macasaet
185. Y---Maceda
186. Y---Madrona
187. Y---Malapitan
188. Y---Mangudadatu
189. Y---Maniquiz
190. X---Marañon
191. Y---Marcoleta
192. Y---Marcos
193. X---Marquez
194. Y---Mastura
195. Y---Matibag
196. Y---Matugas
197. X---Mendoza
198. Y---Mercado
199. Y---Mercado-Revilla
200. Y---Miraflores
201. Y---Momo
202. Y---Montes
203. Y---Nava
204. Y---Nazal
205. Y---Nisay
206. Y---Nolasco
207. Y---Oaminal (H. F.)
208. X---Oaminal (S. F. F.)
209. Y---Oducado
210. Y---Olivarez
211. X---Ongchuan
212. Y---Ordanes
213. Y---Oreta (A. A.)
214. Y---Ortega
215. Y---Ouano-Dizon
216. Y---Padiernos
217. X---Panaligan
218. Y---Pancho
219. Y---Panotes
220. Y---Pascual
221. Y---Perez
222. X---Pimentel
223. Y---Plaza
224. Y---Pleyto
225. Y---Poe
226. Y---Primicias-Agabas
227. Y---Pumaren
228. X---Puno
229. Y---Quimbo
230. Y---Rama
231. Y---Recto (R. S.)
232. X---Regencia
233. Y---Remulla
234. Y---Revilla ( B. B.)
235. Y---Revilla (R. J.)
236. Y---Ridon
237. Y---Rivera
238. Y---Robes
239. Y---Rodriguez ( E. R.)
240. Y---Rodriguez (M. B.)
241. Y---Rodriguez (R.B.)
242. Y---Roman
243. X---Romualdez (A.J.)
244. X---Romualdez (F.M.)
245. X---Romualdez (Y.M.)
246. Y---Romualdo
247. Y---Romulo
248. X---Roque
249. Y---Sagarbarria
250. Y---Sakaluran
251. Y---Salceda
252. Y---Sali
253. Y---Salvacion
254. Y---Salvador
255. Y---Salvame
256. Y---San Fernando
257. Y---Santos (M.A.S.)
258. Y---Santos (M.A.)
259. Y---Shimura
260. Y---Singson ( R.)
261. Y---Singson (R. V.)
262. X---Singson-Meehan
263. Y---Solon
264. D---Soriano--(N/A)
265. Y---Suan
266. X---Suansing (B. V. B.)
267. X---Suansing (M. A. B.)
268. X---Suarez
269. Y---Suntay
270. Y---Tallado
271. X---Tan (A.)
272. Y---Tan (J. S.)
273. Y---Tan (K. M. D.L.)
274. X---Tan (R. M.T.)
275. Y---Tan (S. A.)
276. X---Tan (S. J. T.)
277. Y---Tanchay
278. Y---Tanjuatco
279. Y---Tarriela
280. Y---Teodoro
281. Y---Tereng
282. Y---Teves
283. Y---Tiangco
284. X---Tieng
285. Y---Tinio
286. Y---Tolentino
287. Y---Tuan
288. Y---Tulfo (J. P.)
289. Y---Tulfo (R. W. P.)
290. Y---Tupas
291. X---Tutor
292. Y---Ty
293. Y---Umali
294. X---Ungab
295. X---Uy, (D. C. L.)
296. Y---Uy (R. JR.)
297. Y---Valeriano
298. Y---Vargas
299. Y---Vargas-Alfonso
300. Y---Veloso
301. Y---Veloso-Tuazon
302. Y---Vergara
303. Y---Villa ( Z.)
304. Y---Villafuerte (M. L. R.)
305. Y---Villafuerte (V. R. L. R.)
306. X---Villanueva
307. Y---Villarica
308. X---Violago
309. Y---Yamsuan
310. Y---Yap (A.)
311. X---Yap (C.)
312. D---Yap (EDVIC)--(N/A)
313. X---Yap (ERIC)
314. Y---Yap ( G.)
315. Y---Yatco
316. Y---Ynares
317. X---Yu (J.V.)
318. Y---Yu (J.K.)
319. Y---Yulo
320. X---Zamora (M.C.)
321. Y---Zamora (Y.M.)
322. Y---Zubiri
Date Transmitted To The Senate: 2026-03-04
Actions Taken By The Senate/House
Date Received By The Senate: 2026-03-04",""
"HB07740","Principal Authored Bills","AN ACT MANDATING THE ESTABLISHMENT OF A COMPREHENSIVE DRUG ABUSE TREATMENT AND REHABILITATION CENTER IN ZAMBOANGA CITY, PROVIDING FOR ITS FUNCTIONS, APPROPRIATING FUNDS THEREFOR, AND FOR OTHER PURPOSES","2026-02-11","Local","1. CHUA-TAI, KATRINA REIKO","2026-02-18","DANGEROUS DRUGS","Pending with the Committee on DANGEROUS DRUGS since 2026-02-18","https://docs.congress.hrep.online/legisdocs/basic_20/hb07740.pdf","https://www.congress.gov.ph/bill/history?billno=HB07740&congress=20","","Referral To The Committee On: DANGEROUS DRUGS On 2026-02-18","","","",""
"HB07741","Principal Authored Bills","AN ACT ESTABLISHING THE NATIONAL MUSEUM OF FILIPINO WOMEN, ALIGNING IT WITH NATIONAL GENDER MAINSTREAMING AND CULTURAL HERITAGE POLICIES, DEFINING ITS POWERS AND FUNCTIONS, ENSURING ACCOUNTABILITY AND OVERSIGHT, AND FOR OTHER PURPOSES","2026-02-11","National","1. CHUA-TAI, KATRINA REIKO","2026-02-18","BASIC EDUCATION AND CULTURE","Pending with the Committee on BASIC EDUCATION AND CULTURE since 2026-02-18","https://docs.congress.hrep.online/legisdocs/basic_20/hb07741.pdf","https://www.congress.gov.ph/bill/history?billno=HB07741&congress=20","","Referral To The Committee On: BASIC EDUCATION AND CULTURE On 2026-02-18","","","",""
"HB07747","Principal Authored Bills","AN ACT ESTABLISHING A COMPREHENSIVE NATIONAL POLICY FOR THE PREVENTION OF ADOLESCENT PREGNANCY, PROTECTING THE RIGHTS AND WELFARE OF ADOLESCENTS, INSTITUTIONALIZING COORDINATED GOVERNMENT ACTION, AND FOR OTHER PURPOSES","2026-02-11","National","1. CHUA-TAI, KATRINA REIKO","2026-02-18","YOUTH AND SPORTS DEVELOPMENT","Deliberated upon by the Mother Committee on 2026-03-17","https://docs.congress.hrep.online/legisdocs/basic_20/hb07747.pdf","https://www.congress.gov.ph/bill/history?billno=HB07747&congress=20","","Referral To The Committee On: YOUTH AND SPORTS DEVELOPMENT On 2026-02-18","Committee Hearings/Actions:
1. Deliberated upon by the Mother Committee on 2026-03-17
-For further Committee deliberation, and adopted House Bill No. 2500 as the working draft.
-Deliberation on House Bills Seeking to Provide for a National Policy in Preventing Adolescent Pregnancies (House Bills Numbered 654, 1212, 1301, 2238, 2500, 3988, 4115, 4783, 5410,5692, 6102, 6157, 6356, 7215, 7376, 7418, 7747, and Privilege Speech No. 48)","","",""
"HB07808","Principal Authored Bills","AN ACT INTEGRATING A COMPREHENSIVE STUDY OF PHILIPPINE HISTORY DURING WORLD WAR II INTO THE HIGHER EDUCATION CURRICULUM","2026-02-16","National","1. ROMULO, ROMAN T. 2. ADIONG,ZIAUR-RAHMAN ""Zia"" ALONTO 3. CO-PILAR, MA. VICTORIA 4. ROMUALDEZ, FERDINAND MARTIN G. 5. ROMUALDEZ, YEDDA MARIE K. 6. ROMUALDEZ, ANDREW JULIAN K. 7. ACIDRE, JUDE A. 8. SINGSON-MEEHAN, KRISTINE 9. PLEYTO, SALVADOR A. 10. LOPEZ, MA. CRISTINA TALAVERA 11. COJUANGCO, JAIME EDUARDO MARC D. 12. LARA, JOSEPH ""Jojo"" L. 13. GATO, CIRIACO JR. B., MD, FPSO-HNS 14. YNARES, REBECCA MARIA ALCANTARA 15. HERNANDEZ, FERDINAND L. 16. SOLON, STEVE CHIONGBIAN 17. TUAN, DIBU S. 18. CALDERON, PATRICIA C. 19. GATCHALIAN, KENNETH T. 20. VILLAFUERTE, MIGUEL LUIS R. 21. ALANO,USTADZ YUSOP T. 22. SUANSING, BELLA VANESSA B. 23. NAVA, JC RAHMAN A., MD. 24. FRESNEDI, JAIME R. 25. DAGOOC, SERGIO C. 26. GALANG, GERALD CLOYD ALEXIS V. 27. CAGAS, JOHN TRACY F. 28. DAYANGHIRANG, NELSON ""JR"" 29. CRUZADO, EDWIN L.,MD. 30. YATCO, FLORABEL C. 31. COLLANTES, KING 32. GALEOS, EDSEL A. 33. CRUZ, AGATHA ""Agay"" 34. LAGBAS, ATTY. JENNIFER ""Karen"" A. 35. ORETA, ANTOLIN III A. 36. DIMAGUILA, WALFREDO ""ARMAN"" R. JR. 37. OAMINAL, HENRY ""Indy"" JR F. 38. BAUTISTA, JOHANNE MONICH G. 39. ROMAN, ANTONINO III B. 40. DAZA, NIKO RAUL S.J. 41. BARONDA, JULIENNE ""Jam"" L. 42. SALVADOR, MARIO ""Kokoy"" O. 43. BOCOBO, JORGE DANIEL S. 44. CO, RENEE LOUISE M. 45. SALI, DIMSZAR M. 46. DEGAMO, JANICE 47. PIMENTEL, ALEXANDER TY 48. SAN FERNANDO, ELIJAH RUMBAOA 49. LUMAYAG, ISIDRO D. 50. ALVAREZ, MERCEDES K. 51. MARQUEZ, JESUS ""Jess"" R. 52. MOMO, ROMEO SR. S. 53. RODRIGUEZ, EULOGIO ""Leo"" R. 54. POE, BRIAN 55. PRIMICIAS-AGABAS, MARLYN L. 56. FLORES, JONATHAN KEITH T. 57. CHUA-TAI, KATRINA REIKO 58. DIOKNO, JOSE MANUEL TADEO ""Chel"" I. 59. ESPARES, FELIMON M. 60. AMANTE, LORETO S. 61. YU, JOSEPH KIM C. 62. YAP, JOHN GEESNELL ""Baba"" 63. YAMSUAN, BRIAN RAYMUND S. 64. GUINTU, IVAN HOWARD A. 65. CASTRO, JANE T. 66. YAP, CHRISTOPHERSON ""Coco"" M.","2026-02-18","HIGHER AND TECHNICAL EDUCATION","Approved on Third Reading on 2026-03-03","https://docs.congress.hrep.online/legisdocs/basic_20/hb07808.pdf","https://www.congress.gov.ph/bill/history?billno=HB07808&congress=20","1. Cagas (000 2026-02-25)
2. Marcos (000 2026-02-25)
3. Legacion (000 2026-03-04)
4. Emano (000 2026-03-12)","Referral To The Committee On: RULES On 2026-02-18
Date Included In OB: 2026-02-18
Date Calendared: 2026-02-23","Committee Report No.: 00119
Submitted On: 2026-02-16
Submitted By: HIGHER AND TECHNICAL EDUCATION
Recommendations: Recommending its approval in substitution of House Bills Numbered 480, 1096, 2311, and 7234
Substituted Bills: HB00480, HB01096, HB02311, HB07234","Period Of Sponsorship: 2026-02-24
Sponsored By: Acidre
Date Approved On Second Reading: 2026-02-24","Date Copy Distributed To Members: 2026-02-26
Date Approved By The House On Third Reading: 2026-03-03
Third Reading Title: AN ACT INTEGRATING A COMPREHENSIVE STUDY OF PHILIPPINE HISTORY DURING WORLD WAR II INTO THE HIGHER EDUCATION CURRICULUM
House Votes: YEAS:250 NAYS:0 ABSTAIN:0
Voting Details Per Member
(Legend:Y-Yes N-No A-Abstain X-Did Not Vote B-Absent D-N/A)
1. Y---Abalos
2. X---Abante
3. Y---Acidre
4. D---Acop (P.C.)--(N/A)
5. D---Acop--(N/A)
6. Y---Acosta
7. Y---Adiong
8. X---Advincula
9. Y---Agarao
10. Y---Agyao
11. Y---Alano
12. Y---Alba
13. Y---Albano
14. X---Almario (C.M.)
15. Y---Almario (D.)
16. X---Almonte
17. Y---Alvarez (J.)
18. X---Alvarez (M.)
19. Y---Amante
20. Y---Amatong
21. Y---Ang
22. Y---Angara
23. Y---Angeles
24. Y---Aquino
25. Y---Aquino-Magsaysay
26. Y---Arbison (M. N. JR.)
27. Y---Arbison (M. M.)
28. X---Arenas
29. Y---Arrogancia
30. Y---Asistio
31. Y---Atayde
32. X---Aumentado
33. Y---Ayon
34. Y---Bag-ao
35. Y---Balindong
36. Y---Bañas-Nograles
37. Y---Bancoro
38. Y---Barba
39. Y---Barbers
40. Y---Baronda
41. D---Barzaga--(N/A)
42. Y---Bacsug
43. X---Bautista (C. P.)
44. Y---Bautista (J. M. G.)
45. X---Bautista-Lim
46. X---Beltran
47. Y---Benitez (A.)
48. Y---Benitez (J.M.)
49. Y---Bernos (C.)
50. Y---Bernos (J.B.)
51. Y---Biron
52. Y---Bocobo
53. Y---Bolilia
54. X---Bondoc
55. Y---Briones
56. Y---Bulut-Begtang
57. Y---Cagas
58. Y---Calderon
59. Y---Calixto
60. Y---Caoagdan
61. Y---Cari
62. Y---Castro
63. Y---Cayton
64. Y---Celeste
65. Y---Cendaña
66. X---Ceniza
67. Y---Chan (J.)
68. Y---Chan
69. X---Chua
70. Y---Chua-Tai
71. Y---Chungalao
72. D---Co ( E. S.)--(N/A)
73. Y---Co (R. L. M.)
74. Y---Co-Pilar
75. Y---Cojuangco (J. E. M. D.)
76. Y---Cojuangco ( M. O.)
77. X---Collantes
78. Y---Corvera
79. Y---Cruz (A.)
80. Y---Cruz (R. JR.)
81. Y---Cruzado
82. Y---Cua
83. Y---Dagooc
84. Y---Dalog
85. X---Dayanghirang
86. X---Daza
87. X---De Jesus
88. Y---De Lima
89. Y---De Venecia
90. Y---Defensor
91. Y---Degamo
92. Y---Del Mar
93. X---Delos Santos
94. Y---Dimacuha
95. Y---Dimaguila
96. Y---Dimaporo ( I. Q.)
97. Y---Dimaporo ( S. A. Q.)
98. Y---Diokno
99. Y---Dionisio
100. Y---Domingo
101. Y---Domogan
102. X---Duterte (H.J.)
103. X---Duterte (O.V.)
104. X---Duterte (P.)
105. Y---Dy (F.)
106. Y---Dy (F.M.C.)
107. Y---Dy (I.P.)
108. Y---Elago
109. X---Emano
110. Y---Enverga
111. Y---Erice
112. Y---Escudero
113. Y---Espares
114. Y---Espina
115. Y---Estrella
116. Y---Ferrer (A. A.)
117. Y---Ferrer (J. )
118. X---Flores
119. Y---Fortes
120. X---Frasco
121. Y---Fresnedi
122. X---Fuentebella
123. Y---Galang
124. Y---Galeos
125. X---Garbin
126. X---Garcia (A.)
127. Y---Garcia (D.)
128. Y---Garcia (J. A.)
129. Y---Garcia (K. H.)
130. Y---Garcia (M. A.)
131. Y---Gardiola
132. Y---Garin
133. Y---Gatchalian
134. Y---Gato
135. Y---Glepa
136. Y---Go
137. X---Gomez
138. Y---Gonzales (A.)
139. Y---Gonzales (A. M.)
140. Y---Gonzales (C. S.)
141. Y---Gonzales (R.)
142. Y---Gorriceta
143. Y---Guico
144. Y---Guintu
145. X---Gullas
146. Y---Gutierrez
147. Y---Hernandez (C. A.)
148. Y---Hernandez (D. L.)
149. Y---Hernandez (F. L.)
150. Y---Hernandez (R. L.)
151. Y---Hofer-Hasim
152. X---Horibata
153. Y---Ismula
154. Y---Iway
155. Y---Javier
156. Y---Kho
157. Y---Kho (E. T.)
158. Y---Kho (W. T.)
159. Y---Khonghun
160. Y---Ko
161. Y---Labadlabad
162. Y---Lacson
163. Y---Lagbas
164. Y---Lagdameo (J. M. F.)
165. Y---Lagdameo (M. Y. M. Q.)
166. Y---Lagman
167. Y---Lagon (D. A.)
168. Y---Lagon (S. L.)
169. Y---Lara
170. Y---Lazatin
171. Y---Ledesma
172. Y---Legacion
173. Y---Legarda
174. Y---Legazpi
175. D---Legazpi(K.)--(N/A)
176. X---Leviste
177. Y---Libanan
178. Y---Lopez
179. Y---Loria
180. Y---Loyola
181. Y---Luistro
182. Y---Lumayag
183. X---Macapagal-Arroyo
184. Y---Macasaet
185. Y---Maceda
186. Y---Madrona
187. Y---Malapitan
188. Y---Mangudadatu
189. Y---Maniquiz
190. X---Marañon
191. Y---Marcoleta
192. Y---Marcos
193. X---Marquez
194. Y---Mastura
195. Y---Matibag
196. Y---Matugas
197. X---Mendoza
198. Y---Mercado
199. Y---Mercado-Revilla
200. Y---Miraflores
201. Y---Momo
202. Y---Montes
203. Y---Nava
204. Y---Nazal
205. Y---Nisay
206. Y---Nolasco
207. Y---Oaminal (H. F.)
208. X---Oaminal (S. F. F.)
209. Y---Oducado
210. Y---Olivarez
211. X---Ongchuan
212. Y---Ordanes
213. Y---Oreta (A. A.)
214. Y---Ortega
215. Y---Ouano-Dizon
216. X---Padiernos
217. X---Panaligan
218. Y---Pancho
219. Y---Panotes
220. Y---Pascual
221. Y---Perez
222. X---Pimentel
223. Y---Plaza
224. Y---Pleyto
225. Y---Poe
226. Y---Primicias-Agabas
227. Y---Pumaren
228. X---Puno
229. Y---Quimbo
230. Y---Rama
231. Y---Recto (R. S.)
232. X---Regencia
233. Y---Remulla
234. X---Revilla ( B. B.)
235. Y---Revilla (R. J.)
236. Y---Ridon
237. Y---Rivera
238. Y---Robes
239. Y---Rodriguez ( E. R.)
240. Y---Rodriguez (M. B.)
241. Y---Rodriguez (R.B.)
242. Y---Roman
243. X---Romualdez (A.J.)
244. X---Romualdez (F.M.)
245. X---Romualdez (Y.M.)
246. Y---Romualdo
247. Y---Romulo
248. X---Roque
249. Y---Sagarbarria
250. Y---Sakaluran
251. Y---Salceda
252. Y---Sali
253. Y---Salvacion
254. Y---Salvador
255. Y---Salvame
256. Y---San Fernando
257. Y---Santos (M.A.S.)
258. Y---Santos (M.A.)
259. Y---Shimura
260. Y---Singson ( R.)
261. Y---Singson (R. V.)
262. X---Singson-Meehan
263. Y---Solon
264. D---Soriano--(N/A)
265. Y---Suan
266. X---Suansing (B. V. B.)
267. X---Suansing (M. A. B.)
268. X---Suarez
269. Y---Suntay
270. Y---Tallado
271. X---Tan (A.)
272. Y---Tan (J. S.)
273. Y---Tan (K. M. D.L.)
274. X---Tan (R. M.T.)
275. Y---Tan (S. A.)
276. X---Tan (S. J. T.)
277. Y---Tanchay
278. Y---Tanjuatco
279. Y---Tarriela
280. Y---Teodoro
281. Y---Tereng
282. Y---Teves
283. Y---Tiangco
284. X---Tieng
285. Y---Tinio
286. Y---Tolentino
287. Y---Tuan
288. Y---Tulfo (J. P.)
289. Y---Tulfo (R. W. P.)
290. Y---Tupas
291. X---Tutor
292. X---Ty
293. Y---Umali
294. X---Ungab
295. X---Uy, (D. C. L.)
296. Y---Uy (R. JR.)
297. Y---Valeriano
298. Y---Vargas
299. Y---Vargas-Alfonso
300. Y---Veloso
301. Y---Veloso-Tuazon
302. Y---Vergara
303. Y---Villa ( Z.)
304. Y---Villafuerte (M. L. R.)
305. Y---Villafuerte (V. R. L. R.)
306. X---Villanueva
307. Y---Villarica
308. X---Violago
309. Y---Yamsuan
310. Y---Yap (A.)
311. X---Yap (C.)
312. D---Yap (EDVIC)--(N/A)
313. X---Yap (ERIC)
314. Y---Yap ( G.)
315. Y---Yatco
316. Y---Ynares
317. X---Yu (J.V.)
318. Y---Yu (J.K.)
319. Y---Yulo
320. X---Zamora (M.C.)
321. Y---Zamora (Y.M.)
322. Y---Zubiri",""
"HB07830","Principal Authored Bills","AN ACT RENAMING THE TARLAC AGRICULTURAL UNIVERSITY TO TARLAC SCIENCE, TECHNOLOGY, AND AGRICULTURAL UNIVERSITY, ENHANCING ITS CURRICULAR OFFERINGS, AND STRENGTHENING ITS GOVERNING BOARD, AMENDING FOR THE PURPOSE REPUBLIC ACT NO. 10800, ENTITLED “AN ACT CONVERTING THE TARLAC COLLEGE OF AGRICULTURE (TCA) IN THE MUNICIPALITY OF CAMILING, PROVINCE OF TARLAC INTO A STATE UNIVERSITY TO BE KNOWN AS THE TARLAC AGRICULTURAL UNIVERSITY AND APPROPRIATING FUNDS THEREFOR”","2026-02-18","Local","1. COJUANGCO, JAIME EDUARDO MARC D. 2. ACIDRE, JUDE A. 3. ROMUALDEZ, ANDREW JULIAN K. 4. SINGSON-MEEHAN, KRISTINE 5. PLEYTO, SALVADOR A. 6. LOPEZ, MA. CRISTINA TALAVERA 7. LARA, JOSEPH ""Jojo"" L. 8. GATO, CIRIACO JR. B., MD, FPSO-HNS 9. YNARES, REBECCA MARIA ALCANTARA 10. HERNANDEZ, FERDINAND L. 11. SOLON, STEVE CHIONGBIAN 12. TUAN, DIBU S. 13. CALDERON, PATRICIA C. 14. GUINTU, IVAN HOWARD A. 15. CASTRO, JANE T. 16. GATCHALIAN, KENNETH T. 17. VILLAFUERTE, MIGUEL LUIS R. 18. ALANO,USTADZ YUSOP T. 19. ROMULO, ROMAN T. 20. SUANSING, BELLA VANESSA B. 21. NAVA, JC RAHMAN A., MD. 22. FRESNEDI, JAIME R. 23. DAGOOC, SERGIO C. 24. GALANG, GERALD CLOYD ALEXIS V. 25. CAGAS, JOHN TRACY F. 26. DAYANGHIRANG, NELSON ""JR"" 27. CRUZADO, EDWIN L.,MD. 28. YATCO, FLORABEL C. 29. COLLANTES, KING 30. GALEOS, EDSEL A. 31. CRUZ, AGATHA ""Agay"" 32. LAGBAS, ATTY. JENNIFER ""Karen"" A. 33. ORETA, ANTOLIN III A. 34. DIMAGUILA, WALFREDO ""ARMAN"" R. JR. 35. OAMINAL, HENRY ""Indy"" JR F. 36. BAUTISTA, JOHANNE MONICH G. 37. ROMAN, ANTONINO III B. 38. DAZA, NIKO RAUL S.J. 39. BARONDA, JULIENNE ""Jam"" L. 40. SALVADOR, MARIO ""Kokoy"" O. 41. BOCOBO, JORGE DANIEL S. 42. CO, RENEE LOUISE M. 43. SALI, DIMSZAR M. 44. DEGAMO, JANICE 45. PIMENTEL, ALEXANDER TY 46. SAN FERNANDO, ELIJAH RUMBAOA 47. LUMAYAG, ISIDRO D. 48. ALVAREZ, MERCEDES K. 49. MARQUEZ, JESUS ""Jess"" R. 50. MOMO, ROMEO SR. S. 51. RODRIGUEZ, EULOGIO ""Leo"" R. 52. POE, BRIAN 53. PRIMICIAS-AGABAS, MARLYN L. 54. FLORES, JONATHAN KEITH T. 55. ADIONG,ZIAUR-RAHMAN ""Zia"" ALONTO 56. CHUA-TAI, KATRINA REIKO 57. DIOKNO, JOSE MANUEL TADEO ""Chel"" I. 58. ESPARES, FELIMON M. 59. AMANTE, LORETO S. 60. YU, JOSEPH KIM C. 61. YAP, JOHN GEESNELL ""Baba"" 62. YAMSUAN, BRIAN RAYMUND S. 63. YAP, CHRISTOPHERSON ""Coco"" M. 64. CO-PILAR, MA. VICTORIA","2026-02-18","HIGHER AND TECHNICAL EDUCATION","Approved by the House on 2026-03-03, transmitted to the Senate on 2026-03-04 and received by the Senate on 2026-03-04","https://docs.congress.hrep.online/legisdocs/basic_20/hb07830.pdf","https://www.congress.gov.ph/bill/history?billno=HB07830&congress=20","","Referral To The Committee On: RULES On 2026-02-18
Date Included In OB: 2026-02-18
Business For Thu/Fri On: 2026-02-23","Committee Report No.: 00120
Submitted On: 2026-02-18
Submitted By: HIGHER AND TECHNICAL EDUCATION
Recommendations: Recommending its approval in substitution of House Bill No. 2690
Substituted Bills: HB02690","Period Of Sponsorship: 2026-02-25
Sponsored By: Cojuangco (J. E. M. D.)
Date Approved On Second Reading: 2026-02-25","Date Copy Distributed To Members: 2026-02-26
Date Approved By The House On Third Reading: 2026-03-03
Third Reading Title: AN ACT RENAMING THE TARLAC AGRICULTURAL UNIVERSITY TO TARLAC SCIENCE, TECHNOLOGY, AND AGRICULTURAL UNIVERSITY, ENHANCING ITS CURRICULAR OFFERINGS, AND STRENGTHENING ITS GOVERNING BOARD, AMENDING FOR THE PURPOSE REPUBLIC ACT NO. 10800, ENTITLED ""AN ACT CONVERTING THE TARLAC COLLEGE OF AGRICULTURE (TCA) IN THE MUNICIPALITY OF CAMILING, PROVINCE OF TARLAC INTO A STATE UNIVERSITY TO BE KNOWN AS THE TARLAC AGRICULTURAL UNIVERSITY AND APPROPRIATING FUNDS THEREFOR""
House Votes: YEAS:253 NAYS:0 ABSTAIN:0
Voting Details Per Member
(Legend:Y-Yes N-No A-Abstain X-Did Not Vote B-Absent D-N/A)
1. Y---Abalos
2. X---Abante
3. Y---Acidre
4. D---Acop (P.C.)--(N/A)
5. D---Acop--(N/A)
6. Y---Acosta
7. Y---Adiong
8. X---Advincula
9. Y---Agarao
10. Y---Agyao
11. Y---Alano
12. Y---Alba
13. Y---Albano
14. X---Almario (C.M.)
15. Y---Almario (D.)
16. X---Almonte
17. Y---Alvarez (J.)
18. X---Alvarez (M.)
19. Y---Amante
20. Y---Amatong
21. Y---Ang
22. Y---Angara
23. Y---Angeles
24. Y---Aquino
25. Y---Aquino-Magsaysay
26. Y---Arbison (M. N. JR.)
27. Y---Arbison (M. M.)
28. X---Arenas
29. Y---Arrogancia
30. Y---Asistio
31. Y---Atayde
32. X---Aumentado
33. Y---Ayon
34. Y---Bag-ao
35. Y---Balindong
36. Y---Bañas-Nograles
37. Y---Bancoro
38. Y---Barba
39. Y---Barbers
40. Y---Baronda
41. D---Barzaga--(N/A)
42. Y---Bacsug
43. X---Bautista (C. P.)
44. Y---Bautista (J. M. G.)
45. X---Bautista-Lim
46. X---Beltran
47. Y---Benitez (A.)
48. Y---Benitez (J.M.)
49. Y---Bernos (C.)
50. Y---Bernos (J.B.)
51. Y---Biron
52. Y---Bocobo
53. Y---Bolilia
54. X---Bondoc
55. Y---Briones
56. Y---Bulut-Begtang
57. Y---Cagas
58. Y---Calderon
59. Y---Calixto
60. Y---Caoagdan
61. Y---Cari
62. Y---Castro
63. Y---Cayton
64. Y---Celeste
65. Y---Cendaña
66. X---Ceniza
67. Y---Chan (J.)
68. Y---Chan
69. X---Chua
70. Y---Chua-Tai
71. Y---Chungalao
72. D---Co ( E. S.)--(N/A)
73. Y---Co (R. L. M.)
74. Y---Co-Pilar
75. Y---Cojuangco (J. E. M. D.)
76. Y---Cojuangco ( M. O.)
77. X---Collantes
78. Y---Corvera
79. Y---Cruz (A.)
80. Y---Cruz (R. JR.)
81. Y---Cruzado
82. Y---Cua
83. Y---Dagooc
84. Y---Dalog
85. X---Dayanghirang
86. X---Daza
87. X---De Jesus
88. Y---De Lima
89. Y---De Venecia
90. Y---Defensor
91. Y---Degamo
92. Y---Del Mar
93. X---Delos Santos
94. Y---Dimacuha
95. Y---Dimaguila
96. Y---Dimaporo ( I. Q.)
97. Y---Dimaporo ( S. A. Q.)
98. Y---Diokno
99. Y---Dionisio
100. Y---Domingo
101. Y---Domogan
102. X---Duterte (H.J.)
103. X---Duterte (O.V.)
104. X---Duterte (P.)
105. Y---Dy (F.)
106. Y---Dy (F.M.C.)
107. Y---Dy (I.P.)
108. Y---Elago
109. X---Emano
110. Y---Enverga
111. Y---Erice
112. Y---Escudero
113. Y---Espares
114. Y---Espina
115. Y---Estrella
116. Y---Ferrer (A. A.)
117. Y---Ferrer (J. )
118. X---Flores
119. Y---Fortes
120. X---Frasco
121. Y---Fresnedi
122. X---Fuentebella
123. Y---Galang
124. Y---Galeos
125. X---Garbin
126. X---Garcia (A.)
127. Y---Garcia (D.)
128. Y---Garcia (J. A.)
129. Y---Garcia (K. H.)
130. Y---Garcia (M. A.)
131. Y---Gardiola
132. Y---Garin
133. Y---Gatchalian
134. Y---Gato
135. Y---Glepa
136. Y---Go
137. X---Gomez
138. Y---Gonzales (A.)
139. Y---Gonzales (A. M.)
140. Y---Gonzales (C. S.)
141. Y---Gonzales (R.)
142. Y---Gorriceta
143. Y---Guico
144. Y---Guintu
145. X---Gullas
146. Y---Gutierrez
147. Y---Hernandez (C. A.)
148. Y---Hernandez (D. L.)
149. Y---Hernandez (F. L.)
150. Y---Hernandez (R. L.)
151. Y---Hofer-Hasim
152. X---Horibata
153. Y---Ismula
154. Y---Iway
155. Y---Javier
156. Y---Kho
157. Y---Kho (E. T.)
158. Y---Kho (W. T.)
159. Y---Khonghun
160. Y---Ko
161. Y---Labadlabad
162. Y---Lacson
163. Y---Lagbas
164. Y---Lagdameo (J. M. F.)
165. Y---Lagdameo (M. Y. M. Q.)
166. Y---Lagman
167. Y---Lagon (D. A.)
168. Y---Lagon (S. L.)
169. Y---Lara
170. Y---Lazatin
171. Y---Ledesma
172. Y---Legacion
173. Y---Legarda
174. Y---Legazpi
175. D---Legazpi(K.)--(N/A)
176. X---Leviste
177. Y---Libanan
178. Y---Lopez
179. Y---Loria
180. Y---Loyola
181. Y---Luistro
182. Y---Lumayag
183. X---Macapagal-Arroyo
184. Y---Macasaet
185. Y---Maceda
186. Y---Madrona
187. Y---Malapitan
188. Y---Mangudadatu
189. Y---Maniquiz
190. X---Marañon
191. Y---Marcoleta
192. Y---Marcos
193. X---Marquez
194. Y---Mastura
195. Y---Matibag
196. Y---Matugas
197. X---Mendoza
198. Y---Mercado
199. Y---Mercado-Revilla
200. Y---Miraflores
201. Y---Momo
202. Y---Montes
203. Y---Nava
204. Y---Nazal
205. Y---Nisay
206. Y---Nolasco
207. Y---Oaminal (H. F.)
208. X---Oaminal (S. F. F.)
209. Y---Oducado
210. Y---Olivarez
211. X---Ongchuan
212. Y---Ordanes
213. Y---Oreta (A. A.)
214. Y---Ortega
215. Y---Ouano-Dizon
216. Y---Padiernos
217. X---Panaligan
218. Y---Pancho
219. Y---Panotes
220. Y---Pascual
221. Y---Perez
222. X---Pimentel
223. Y---Plaza
224. Y---Pleyto
225. Y---Poe
226. Y---Primicias-Agabas
227. Y---Pumaren
228. X---Puno
229. Y---Quimbo
230. Y---Rama
231. Y---Recto (R. S.)
232. X---Regencia
233. Y---Remulla
234. Y---Revilla ( B. B.)
235. Y---Revilla (R. J.)
236. Y---Ridon
237. Y---Rivera
238. Y---Robes
239. Y---Rodriguez ( E. R.)
240. Y---Rodriguez (M. B.)
241. Y---Rodriguez (R.B.)
242. Y---Roman
243. X---Romualdez (A.J.)
244. X---Romualdez (F.M.)
245. X---Romualdez (Y.M.)
246. Y---Romualdo
247. Y---Romulo
248. X---Roque
249. Y---Sagarbarria
250. Y---Sakaluran
251. Y---Salceda
252. Y---Sali
253. Y---Salvacion
254. Y---Salvador
255. Y---Salvame
256. Y---San Fernando
257. Y---Santos (M.A.S.)
258. Y---Santos (M.A.)
259. Y---Shimura
260. Y---Singson ( R.)
261. Y---Singson (R. V.)
262. X---Singson-Meehan
263. Y---Solon
264. D---Soriano--(N/A)
265. Y---Suan
266. X---Suansing (B. V. B.)
267. X---Suansing (M. A. B.)
268. X---Suarez
269. Y---Suntay
270. Y---Tallado
271. X---Tan (A.)
272. Y---Tan (J. S.)
273. Y---Tan (K. M. D.L.)
274. X---Tan (R. M.T.)
275. Y---Tan (S. A.)
276. X---Tan (S. J. T.)
277. Y---Tanchay
278. Y---Tanjuatco
279. Y---Tarriela
280. Y---Teodoro
281. Y---Tereng
282. Y---Teves
283. Y---Tiangco
284. X---Tieng
285. Y---Tinio
286. Y---Tolentino
287. Y---Tuan
288. Y---Tulfo (J. P.)
289. Y---Tulfo (R. W. P.)
290. Y---Tupas
291. X---Tutor
292. Y---Ty
293. Y---Umali
294. X---Ungab
295. X---Uy, (D. C. L.)
296. Y---Uy (R. JR.)
297. Y---Valeriano
298. Y---Vargas
299. Y---Vargas-Alfonso
300. Y---Veloso
301. Y---Veloso-Tuazon
302. Y---Vergara
303. Y---Villa ( Z.)
304. Y---Villafuerte (M. L. R.)
305. Y---Villafuerte (V. R. L. R.)
306. X---Villanueva
307. Y---Villarica
308. X---Violago
309. Y---Yamsuan
310. Y---Yap (A.)
311. X---Yap (C.)
312. D---Yap (EDVIC)--(N/A)
313. X---Yap (ERIC)
314. Y---Yap ( G.)
315. Y---Yatco
316. Y---Ynares
317. X---Yu (J.V.)
318. Y---Yu (J.K.)
319. Y---Yulo
320. X---Zamora (M.C.)
321. Y---Zamora (Y.M.)
322. Y---Zubiri
Date Transmitted To The Senate: 2026-03-04
Actions Taken By The Senate/House
Date Received By The Senate: 2026-03-04",""
"HB08043","Principal Authored Bills","AN ACT REDUCING FOOD SURPLUS THROUGH FOOD DONATIONS AND FOOD WASTE RECYCLING","2026-02-24","National","1. SUNTAY, JESUS ""Bong"" C. 2. PRIMICIAS-AGABAS, MARLYN L. 3. POE, BRIAN 4. DEGAMO, JANICE 5. SALCEDA, ADRIAN E. 6. RODRIGUEZ, RUFUS B. 7. RODRIGUEZ, MAXIMO JR. B. 8. CRUZ, AGATHA ""Agay"" 9. ZUBIRI, AUDREY KAY T. 10. PLEYTO, SALVADOR A. 11. LAGDAMEO, JOSE MANUEL ""JM"" F. 12. CAYTON, TIMOTHY JOSEPH E. 13. GATO, CIRIACO JR. B., MD, FPSO-HNS 14. YNARES, REBECCA MARIA ALCANTARA 15. LAGBAS, ATTY. JENNIFER ""Karen"" A. 16. MERCADO-REVILLA, LANI 17. RODRIGUEZ, EULOGIO ""Leo"" R. 18. AYON, ARLYN P. 19. NAZAL, ROBERTO 20. ELAGO, SARAH JANE I.","2026-02-25","FOOD SECURITY","Approved by the House on 2026-03-10, transmitted to the Senate on 2026-03-11 and received by the Senate on 2026-03-11","https://docs.congress.hrep.online/legisdocs/basic_20/hb08043.pdf","https://www.congress.gov.ph/bill/history?billno=HB08043&congress=20","1. Cagas (000 2026-02-25)
2. Primicias-Agabas (000 2026-03-05)
3. Dionisio (000 2026-03-05)
4. Gutierrez (000 2026-03-05)
5. Ortega (000 2026-03-05)
6. Khonghun (000 2026-03-05)
7. Adiong (000 2026-03-05)
8. Marquez (000 2026-03-11)
9. Emano (000 2026-03-12)
10. Veloso-Tuazon (000 2026-03-10)
Author/s (Final/Third Reading)
1. Suntay
2. Primicias-Agabas
3. Poe
4. Degamo
5. Salceda
6. Rodriguez (R.B.)
7. Rodriguez (M. B.)
8. Cruz (A.)
9. Zubiri
10. Pleyto
11. Lagdameo (J. M. F.)
12. Cayton
13. Gato
14. Ynares
15. Lagbas
16. Mercado-Revilla
17. Rodriguez ( E. R.)
18. Ayon
19. Nazal
20. Elago
21. Rivera
22. Montes
23. Cagas
24. Chua-Tai","Referral To The Committee On: RULES On 2026-02-25
Date Included In OB: 2026-02-25
Date Calendared: 2026-03-03","Committee Report No.: 00129
Submitted On: 2026-02-24
Submitted By: FOOD SECURITY
Recommendations: Recommending its approval in substitution of House Bills Numbered 849, 1313, 2196, 2556, 4405, 4725, 4937, 5118 and 5893
Substituted Bills: HB00849, HB01313, HB02196, HB02556, HB04405, HB04725, HB04937, HB05118, HB05893","Period Of Sponsorship: 2026-03-04
Sponsored By: Panaligan
Final List of Author
1. Suntay
2. Primicias-Agabas
3. Poe
4. Degamo
5. Salceda
6. Rodriguez (R.B.)
7. Rodriguez (M. B.)
8. Cruz (A.)
9. Zubiri
10. Pleyto
11. Lagdameo (J. M. F.)
12. Cayton
13. Gato
14. Ynares
15. Lagbas
16. Mercado-Revilla
17. Rodriguez ( E. R.)
18. Ayon
19. Nazal
20. Elago
21. Rivera
22. Montes
23. Cagas
24. Chua-Tai
Date Approved On Second Reading: 2026-03-04","Date Copy Distributed To Members: 2026-03-05
Date Approved By The House On Third Reading: 2026-03-10
Third Reading Title: AN ACT REDUCING FOOD SURPLUS THROUGH FOOD DONATIONS AND FOOD WASTE RECYCLING
House Votes: YEAS:247 NAYS:0 ABSTAIN:1
Voting Details Per Member
(Legend:Y-Yes N-No A-Abstain X-Did Not Vote B-Absent D-N/A)
1. Y---Abalos
2. Y---Abante
3. Y---Acidre
4. D---Acop (P.C.)--(N/A)
5. D---Acop--(N/A)
6. Y---Acosta
7. Y---Adiong
8. Y---Advincula
9. Y---Agarao
10. Y---Agyao
11. Y---Alano
12. Y---Alba
13. Y---Albano
14. X---Almario (C.M.)
15. Y---Almario (D.)
16. X---Almonte
17. Y---Alvarez (J.)
18. X---Alvarez (M.)
19. Y---Amante
20. X---Amatong
21. Y---Ang
22. Y---Angara
23. Y---Angeles
24. Y---Aquino
25. Y---Aquino-Magsaysay
26. Y---Arbison (M. N. JR.)
27. X---Arbison (M. M.)
28. Y---Arenas
29. Y---Arrogancia
30. Y---Asistio
31. Y---Atayde
32. Y---Aumentado
33. Y---Ayon
34. Y---Bag-ao
35. Y---Balindong
36. Y---Bañas-Nograles
37. Y---Bancoro
38. Y---Barba
39. Y---Barbers
40. Y---Baronda
41. D---Barzaga--(N/A)
42. X---Bacsug
43. X---Bautista (C. P.)
44. Y---Bautista (J. M. G.)
45. X---Bautista-Lim
46. Y---Beltran
47. Y---Benitez (A.)
48. Y---Benitez (J.M.)
49. Y---Bernos (C.)
50. Y---Bernos (J.B.)
51. X---Biron
52. Y---Bocobo
53. Y---Bolilia
54. Y---Bondoc
55. Y---Briones
56. Y---Bulut-Begtang
57. Y---Cagas
58. Y---Calderon
59. Y---Calixto
60. Y---Caoagdan
61. X---Cari
62. Y---Castro
63. Y---Cayton
64. Y---Celeste
65. Y---Cendaña
66. Y---Ceniza
67. Y---Chan (J.)
68. Y---Chan
69. X---Chua
70. Y---Chua-Tai
71. Y---Chungalao
72. D---Co ( E. S.)--(N/A)
73. Y---Co (R. L. M.)
74. Y---Co-Pilar
75. Y---Cojuangco (J. E. M. D.)
76. Y---Cojuangco ( M. O.)
77. X---Collantes
78. Y---Corvera
79. Y---Cruz (A.)
80. X---Cruz (R. JR.)
81. Y---Cruzado
82. X---Cua
83. Y---Dagooc
84. Y---Dalog
85. X---Dayanghirang
86. Y---Daza
87. Y---De Jesus
88. Y---De Lima
89. Y---De Venecia
90. Y---Defensor
91. Y---Degamo
92. Y---Del Mar
93. X---Delos Santos
94. Y---Dimacuha
95. Y---Dimaguila
96. Y---Dimaporo ( I. Q.)
97. X---Dimaporo ( S. A. Q.)
98. Y---Diokno
99. Y---Dionisio
100. Y---Domingo
101. Y---Domogan
102. X---Duterte (H.J.)
103. A---Duterte (O.V.)
104. X---Duterte (P.)
105. Y---Dy (F.)
106. Y---Dy (F.M.C.)
107. Y---Dy (I.P.)
108. Y---Elago
109. Y---Emano
110. X---Enverga
111. Y---Erice
112. Y---Escudero
113. X---Espares
114. Y---Espina
115. Y---Estrella
116. Y---Ferrer (A. A.)
117. Y---Ferrer (J. )
118. X---Flores
119. Y---Fortes
120. Y---Frasco
121. Y---Fresnedi
122. Y---Fuentebella
123. Y---Galang
124. Y---Galeos
125. Y---Garbin
126. Y---Garcia (A.)
127. Y---Garcia (D.)
128. Y---Garcia (J. A.)
129. Y---Garcia (K. H.)
130. X---Garcia (M. A.)
131. Y---Gardiola
132. Y---Garin
133. Y---Gatchalian
134. Y---Gato
135. Y---Glepa
136. Y---Go
137. Y---Gomez
138. Y---Gonzales (A.)
139. Y---Gonzales (A. M.)
140. X---Gonzales (C. S.)
141. Y---Gonzales (R.)
142. Y---Gorriceta
143. Y---Guico
144. Y---Guintu
145. X---Gullas
146. Y---Gutierrez
147. Y---Hernandez (C. A.)
148. Y---Hernandez (D. L.)
149. Y---Hernandez (F. L.)
150. Y---Hernandez (R. L.)
151. Y---Hofer-Hasim
152. Y---Horibata
153. Y---Ismula
154. X---Iway
155. Y---Javier
156. Y---Kho
157. Y---Kho (E. T.)
158. Y---Kho (W. T.)
159. Y---Khonghun
160. Y---Ko
161. Y---Labadlabad
162. X---Lacson
163. Y---Lagbas
164. Y---Lagdameo (J. M. F.)
165. Y---Lagdameo (M. Y. M. Q.)
166. X---Lagman
167. Y---Lagon (D. A.)
168. Y---Lagon (S. L.)
169. Y---Lara
170. Y---Lazatin
171. Y---Ledesma
172. Y---Legacion
173. Y---Legarda
174. X---Legazpi
175. D---Legazpi(K.)--(N/A)
176. X---Leviste
177. Y---Libanan
178. Y---Lopez
179. Y---Loria
180. Y---Loyola
181. Y---Luistro
182. X---Lumayag
183. X---Macapagal-Arroyo
184. Y---Macasaet
185. Y---Maceda
186. Y---Madrona
187. Y---Malapitan
188. Y---Mangudadatu
189. Y---Maniquiz
190. Y---Marañon
191. Y---Marcoleta
192. Y---Marcos
193. X---Marquez
194. Y---Mastura
195. X---Matibag
196. Y---Matugas
197. Y---Mendoza
198. Y---Mercado
199. Y---Mercado-Revilla
200. Y---Miraflores
201. Y---Momo
202. Y---Montes
203. Y---Nava
204. Y---Nazal
205. X---Nisay
206. Y---Nolasco
207. Y---Oaminal (H. F.)
208. X---Oaminal (S. F. F.)
209. Y---Oducado
210. Y---Olivarez
211. Y---Ongchuan
212. Y---Ordanes
213. Y---Oreta (A. A.)
214. X---Ortega
215. Y---Ouano-Dizon
216. X---Padiernos
217. Y---Panaligan
218. Y---Pancho
219. Y---Panotes
220. X---Pascual
221. Y---Perez
222. X---Pimentel
223. X---Plaza
224. Y---Pleyto
225. Y---Poe
226. Y---Primicias-Agabas
227. Y---Pumaren
228. X---Puno
229. Y---Quimbo
230. Y---Rama
231. Y---Recto (R. S.)
232. X---Regencia
233. Y---Remulla
234. Y---Revilla ( B. B.)
235. X---Revilla (R. J.)
236. Y---Ridon
237. Y---Rivera
238. Y---Robes
239. Y---Rodriguez ( E. R.)
240. Y---Rodriguez (M. B.)
241. Y---Rodriguez (R.B.)
242. Y---Roman
243. Y---Romualdez (A.J.)
244. Y---Romualdez (F.M.)
245. Y---Romualdez (Y.M.)
246. Y---Romualdo
247. Y---Romulo
248. Y---Roque
249. Y---Sagarbarria
250. Y---Sakaluran
251. Y---Salceda
252. X---Sali
253. Y---Salvacion
254. Y---Salvador
255. Y---Salvame
256. Y---San Fernando
257. Y---Santos (M.A.S.)
258. Y---Santos (M.A.)
259. Y---Shimura
260. Y---Singson ( R.)
261. X---Singson (R. V.)
262. X---Singson-Meehan
263. Y---Solon
264. D---Soriano--(N/A)
265. Y---Suan
266. X---Suansing (B. V. B.)
267. X---Suansing (M. A. B.)
268. X---Suarez
269. X---Suntay
270. Y---Tallado
271. X---Tan (A.)
272. Y---Tan (J. S.)
273. Y---Tan (K. M. D.L.)
274. X---Tan (R. M.T.)
275. X---Tan (S. A.)
276. X---Tan (S. J. T.)
277. Y---Tanchay
278. X---Tanjuatco
279. X---Tarriela
280. Y---Teodoro
281. Y---Tereng
282. Y---Teves
283. Y---Tiangco
284. Y---Tieng
285. Y---Tinio
286. Y---Tolentino
287. X---Tuan
288. Y---Tulfo (J. P.)
289. Y---Tulfo (R. W. P.)
290. Y---Tupas
291. X---Tutor
292. X---Ty
293. Y---Umali
294. X---Ungab
295. Y---Uy, (D. C. L.)
296. Y---Uy (R. JR.)
297. Y---Valeriano
298. Y---Vargas
299. Y---Vargas-Alfonso
300. Y---Veloso
301. Y---Veloso-Tuazon
302. Y---Vergara
303. Y---Villa ( Z.)
304. Y---Villafuerte (M. L. R.)
305. Y---Villafuerte (V. R. L. R.)
306. X---Villanueva
307. Y---Villarica
308. X---Violago
309. Y---Yamsuan
310. Y---Yap (A.)
311. X---Yap (C.)
312. D---Yap (EDVIC)--(N/A)
313. X---Yap (ERIC)
314. Y---Yap ( G.)
315. Y---Yatco
316. Y---Ynares
317. X---Yu (J.V.)
318. Y---Yu (J.K.)
319. Y---Yulo
320. Y---Zamora (M.C.)
321. X---Zamora (Y.M.)
322. Y---Zubiri
Date Transmitted To The Senate: 2026-03-11
Actions Taken By The Senate/House
Date Received By The Senate: 2026-03-11",""
"HB08053","Principal Authored Bills","AN ACT ESTABLISHING THE STUDENT SUPPORT PROGRAM IN PUBLIC SCHOOLS, STRENGTHENING THE ROLE OF GUIDANCE COUNSELORS, AND PROVIDING FOR A SYSTEM OF MONITORING, INTERVENTION, AND ACCOUNTABILITY FOR THE PSYCHOLOGICAL, BEHAVIORAL, AND ACADEMIC WELL-BEING OF STUDENTS IN ALL BASIC EDUCATION LEVELS","2026-02-24","National","1. CHUA-TAI, KATRINA REIKO","2026-03-02","BASIC EDUCATION AND CULTURE","Pending with the Committee on BASIC EDUCATION AND CULTURE since 2026-03-02","https://docs.congress.hrep.online/legisdocs/basic_20/hb08053.pdf","https://www.congress.gov.ph/bill/history?billno=HB08053&congress=20","1. Mercado-Revilla (000 2026-08-04)","Referral To The Committee On: BASIC EDUCATION AND CULTURE On 2026-03-02","","","",""
"HB08054","Principal Authored Bills","AN ACT CONVERTING MUTI ELEMENTARY SCHOOL IN BARANGAY MUTI, ZAMBOANGA CITY INTO AN INTEGRATED SCHOOL TO BE KNOWN AS THE MUTI INTEGRATED SCHOOL, AND APPROPRIATING FUNDS THEREFOR","2026-02-24","Local","1. PEREZ, JERRY EVANGELISTA 2. CHUA-TAI, KATRINA REIKO","2026-03-02","BASIC EDUCATION AND CULTURE","Pending with the Committee on BASIC EDUCATION AND CULTURE since 2026-03-02","https://docs.congress.hrep.online/legisdocs/basic_20/hb08054.pdf","https://www.congress.gov.ph/bill/history?billno=HB08054&congress=20","","Referral To The Committee On: BASIC EDUCATION AND CULTURE On 2026-03-02","","","",""
"HB08055","Principal Authored Bills","AN ACT CONVERTING LUMBANGAN ELEMENTARY SCHOOL - MARIA CLARA L. LOBREGAT NATIONAL HIGH SCHOOL (MCLLNHS) EXTENSION IN BARANGAY LUMBANGAN, ZAMBOANGA CITY INTO AN INTEGRATED SCHOOL TO BE KNOWN AS THE LUMBANGAN INTEGRATED SCHOOL - MCLLNHS EXTENSION, AND APPROPRIATING FUNDS THEREFOR","2026-02-24","Local","1. PEREZ, JERRY EVANGELISTA 2. CHUA-TAI, KATRINA REIKO","2026-03-02","BASIC EDUCATION AND CULTURE","Pending with the Committee on BASIC EDUCATION AND CULTURE since 2026-03-02","https://docs.congress.hrep.online/legisdocs/basic_20/hb08055.pdf","https://www.congress.gov.ph/bill/history?billno=HB08055&congress=20","","Referral To The Committee On: BASIC EDUCATION AND CULTURE On 2026-03-02","","","",""
"HB08056","Principal Authored Bills","AN ACT CONVERTING DULIAN ELEMENTARY SCHOOL IN BARANGAY DULIAN WITHIN THE GEOGRAPHICAL DISTRICT OF MANICAHAN, ZAMBOANGA CITY INTO AN INTEGRATED SCHOOL TO BE KNOWN AS THE DULIAN INTEGRATED SCHOOL, AND APPROPRIATING FUNDS THEREFOR","2026-02-24","Local","1. PEREZ, JERRY EVANGELISTA 2. CHUA-TAI, KATRINA REIKO","2026-03-02","BASIC EDUCATION AND CULTURE","Pending with the Committee on BASIC EDUCATION AND CULTURE since 2026-03-02","https://docs.congress.hrep.online/legisdocs/basic_20/hb08056.pdf","https://www.congress.gov.ph/bill/history?billno=HB08056&congress=20","","Referral To The Committee On: BASIC EDUCATION AND CULTURE On 2026-03-02","","","",""
"HB08057","Principal Authored Bills","AN ACT CONVERTING PASILMANTA ELEMENTARY SCHOOL IN BARANGAY PASILMANTA IN SACOL ISLAND, ZAMBOANGA CITY INTO AN INTEGRATED SCHOOL TO BE KNOWN AS THE PASILMANTA INTEGRATED SCHOOL, AND APPROPRIATING FUNDS THEREFOR","2026-02-24","Local","1. PEREZ, JERRY EVANGELISTA 2. CHUA-TAI, KATRINA REIKO","2026-03-02","BASIC EDUCATION AND CULTURE","Pending with the Committee on BASIC EDUCATION AND CULTURE since 2026-03-02","https://docs.congress.hrep.online/legisdocs/basic_20/hb08057.pdf","https://www.congress.gov.ph/bill/history?billno=HB08057&congress=20","","Referral To The Committee On: BASIC EDUCATION AND CULTURE On 2026-03-02","","","",""
"HB08058","Principal Authored Bills","AN ACT CONVERTING VICTORIA ELEMENTARY SCHOOL IN BARANGAY VICTORIA, ZAMBOANGA CITY INTO AN INTEGRATED SCHOOL TO BE KNOWN AS THE VICTORIA INTEGRATED SCHOOL, AND APPROPRIATING FUNDS THEREFOR","2026-02-24","Local","1. PEREZ, JERRY EVANGELISTA 2. CHUA-TAI, KATRINA REIKO","2026-03-02","BASIC EDUCATION AND CULTURE","Pending with the Committee on BASIC EDUCATION AND CULTURE since 2026-03-02","https://docs.congress.hrep.online/legisdocs/basic_20/hb08058.pdf","https://www.congress.gov.ph/bill/history?billno=HB08058&congress=20","","Referral To The Committee On: BASIC EDUCATION AND CULTURE On 2026-03-02","","","",""
"HB08097","Principal Authored Bills","AN ACT STRENGTHENING MENTAL HEALTH SUPPORT FOR PUBLIC SCHOOL STUDENTS BY MANDATING THE ESTABLISHMENT OF SCHOOL-LINKED MENTAL WELLNESS FACILITIES IN BARANGAY HEALTH UNITS AND DOH-ACCREDITED PRIVATE HOSPITALS, IN COORDINATION WITH THE DEPARTMENT OF EDUCATION AND THE DEPARTMENT OF HEALTH, PROVIDING FISCAL INCENTIVES, AND INSTITUTING PERIODIC REVIEW MECHANISMS","2026-02-25","National","1. CHUA-TAI, KATRINA REIKO","2026-03-03","BASIC EDUCATION AND CULTURE","Pending with the Committee on BASIC EDUCATION AND CULTURE since 2026-03-03","https://docs.congress.hrep.online/legisdocs/basic_20/hb08097.pdf","https://www.congress.gov.ph/bill/history?billno=HB08097&congress=20","1. Galeos (000 2026-05-12)","Referral To The Committee On: BASIC EDUCATION AND CULTURE On 2026-03-03","","","",""
"HB08220","Principal Authored Bills","AN ACT PROVIDING FOR THE DATE OF THE FIRST REGULAR PARLIAMENTARY ELECTIONS IN THE BANGSAMORO AUTONOMOUS REGION IN MUSLIM MINDANAO, FURTHER AMENDING FOR THE PURPOSE SECTION 13, ARTICLE XVI OF REPUBLIC ACT NO. 11054, AS AMENDED, OTHERWISE KNOWN AS THE “ORGANIC LAW FOR THE BANGSAMORO AUTONOMOUS REGION IN MUSLIM MINDANAO”","2026-03-02","National","1. ADIONG,ZIAUR-RAHMAN ""Zia"" ALONTO 2. BALINDONG, YASSER ALONTO 3. MATUGAS, FRANCISCO ""Lalo"" T. 4. DALOG, MAXIMO JR. Y. 5. CO-PILAR, MA. VICTORIA 6. MATIBAG, ANN 7. ARBISON, MUNIR M. 8. HERNANDEZ, CHARISSE ANNE C. 9. QUIMBO, ATTY. MIRO S. 10. MANGUDADATU, ESMAEL G. 11. HERNANDEZ, FERDINAND L. 12. GARBIN, ALFREDO JR. A. 13. EMANO, YEVGENY VINCENTE B. 14. SUANSING, MIKAELA ANGELA B. 15. DIONISIO, ERNESTO JR. M. 16. ACOSTA, GIL ""KabarangayJr"" 17. TEVES, JOSE ""Bong"" JR. J. 18. DAGOOC, SERGIO C. 19. ANGARA, ROMMEL RICO T. 20. SUANSING, BELLA VANESSA B. 21. NAVA, JC RAHMAN A., MD. 22. MOMO, ROMEO SR. S. 23. TAN, JOSEPH S. 24. AMANTE, LORETO S. 25. CORVERA, DALE B. 26. PANCHO, AGUSTINA DOMINIQUE ""Ditse Tina"" C. 27. BAUTISTA, JOHANNE MONICH G. 28. SAGARBARRIA, MA. ISABEL L. 29. ORDANES, RODOLFO ""Ompong"" M. 30. POE, BRIAN 31. ARROGANCIA, REYNANTE U. 32. BRIONES, NICANOR M. 33. GARCIA, DANTE S. 34. LOPEZ, MA. CRISTINA TALAVERA 35. AQUINO-MAGSAYSAY, MILAGROS 36. CHUA-TAI, KATRINA REIKO 37. LACSON, MA. NINA FRANCESCA P. 38. ODUCADO, NATHANIEL M. 39. LABADLABAD, IRENE G. 40. YAP, ARTHUR C. 41. DAZA, NIKO RAUL S.J. 42. DIOKNO, JOSE MANUEL TADEO ""Chel"" I. 43. MARCOLETA, PAOLO HENRY M. 44. LEGAZPI, FRANZ VINCENT F. 45. RIDON, TERRY L.","2026-03-02","SUFFRAGE AND ELECTORAL REFORMS","Republic Act RA12317 enacted on 2026-03-25","https://docs.congress.hrep.online/legisdocs/basic_20/hb08220.pdf","https://www.congress.gov.ph/bill/history?billno=HB08220&congress=20","1. Dy (F.) (000 2026-03-05)
2. Marcos (000 2026-03-05)
3. Garin (000 2026-03-05)
4. Primicias-Agabas (000 2026-03-05)
5. Dionisio (000 2026-03-05)
6. Gutierrez (000 2026-03-05)
7. Ortega (000 2026-03-05)
8. Khonghun (000 2026-03-05)
9. Adiong (000 2026-03-05)
10. De Lima (000 2026-03-09)
11. Emano (000 2026-03-12)
12. Poe (000 2026-08-04)
Author/s (Final/Third Reading)
1. Adiong
2. Balindong
3. Dy (F.)
4. Marcos
5. Matugas
6. Dalog
7. Co-Pilar
8. Matibag
9. Arbison (M. M.)
10. Hernandez (C. A.)
11. Quimbo
12. Mangudadatu
13. Hernandez (F. L.)
14. Garbin
15. Emano
16. Suansing (M. A. B.)
17. Dionisio
18. Acosta
19. Teves
20. Dagooc
21. Angara
22. Suansing (B. V. B.)
23. Nava
24. Momo
25. Tan (J. S.)
26. Amante
27. Corvera
28. Pancho
29. Bautista (J. M. G.)
30. Sagarbarria
31. Ordanes
32. Poe
33. Arrogancia
34. Briones
35. Garcia (D.)
36. Lopez
37. Aquino-Magsaysay
38. Chua-Tai
39. Lacson
40. Oducado
41. Labadlabad
42. Yap (A.)
43. Daza
44. Diokno
45. Marcoleta
46. Legazpi
47. Ridon
48. Fortes","Referral To The Committee On: RULES On 2026-03-02
Date Included In OB: 2026-03-02
Date Calendared: 2026-03-03","Committee Report No.: 00136
Submitted On: 2026-03-02
Submitted By: SUFFRAGE AND ELECTORAL REFORMS, APPROPRIATIONS
Recommendations: Recommending its approval in substitution of House Bill No. 7236
Substituted Bills: HB07236","Period Of Sponsorship: 2026-03-03
Sponsored By: Adiong
Period Of Individual Amendments: 2026-03-03
Amended By: Dionisio
Final List of Author
1. Adiong
2. Balindong
3. Dy (F.)
4. Marcos
5. Matugas
6. Dalog
7. Co-Pilar
8. Matibag
9. Arbison (M. M.)
10. Hernandez (C. A.)
11. Quimbo
12. Mangudadatu
13. Hernandez (F. L.)
14. Garbin
15. Emano
16. Suansing (M. A. B.)
17. Dionisio
18. Acosta
19. Teves
20. Dagooc
21. Angara
22. Suansing (B. V. B.)
23. Nava
24. Momo
25. Tan (J. S.)
26. Amante
27. Corvera
28. Pancho
29. Bautista (J. M. G.)
30. Sagarbarria
31. Ordanes
32. Poe
33. Arrogancia
34. Briones
35. Garcia (D.)
36. Lopez
37. Aquino-Magsaysay
38. Chua-Tai
39. Lacson
40. Oducado
41. Labadlabad
42. Yap (A.)
43. Daza
44. Diokno
45. Marcoleta
46. Legazpi
47. Ridon
48. Fortes
Date Approved On Second Reading: 2026-03-03","Date Copy Distributed To Members: 2026-03-05
Date Approved By The House On Third Reading: 2026-03-10
Third Reading Title: AN ACT PROVIDING FOR THE DATE OF THE FIRST REGULAR PARLIAMENTARY ELECTIONS IN THE BANGSAMORO AUTONOMOUS REGION IN MUSLIM MINDANAO, FURTHER AMENDING FOR THE PURPOSE SECTION 13, ARTICLE XVI OF REPUBLIC ACT NO. 11054, AS AMENDED, OTHERWISE KNOWN AS THE ""ORGANIC LAW FOR THE BANGSAMORO AUTONOMOUS REGION IN MUSLIM MINDANAO""
House Votes: YEAS:247 NAYS:0 ABSTAIN:2
Voting Details Per Member
(Legend:Y-Yes N-No A-Abstain X-Did Not Vote B-Absent D-N/A)
1. Y---Abalos
2. Y---Abante
3. Y---Acidre
4. D---Acop (P.C.)--(N/A)
5. D---Acop--(N/A)
6. Y---Acosta
7. Y---Adiong
8. Y---Advincula
9. Y---Agarao
10. Y---Agyao
11. Y---Alano
12. Y---Alba
13. Y---Albano
14. X---Almario (C.M.)
15. Y---Almario (D.)
16. X---Almonte
17. Y---Alvarez (J.)
18. X---Alvarez (M.)
19. Y---Amante
20. X---Amatong
21. Y---Ang
22. Y---Angara
23. Y---Angeles
24. Y---Aquino
25. Y---Aquino-Magsaysay
26. Y---Arbison (M. N. JR.)
27. X---Arbison (M. M.)
28. Y---Arenas
29. Y---Arrogancia
30. Y---Asistio
31. Y---Atayde
32. Y---Aumentado
33. Y---Ayon
34. Y---Bag-ao
35. X---Balindong
36. Y---Bañas-Nograles
37. Y---Bancoro
38. Y---Barba
39. Y---Barbers
40. Y---Baronda
41. D---Barzaga--(N/A)
42. X---Bacsug
43. X---Bautista (C. P.)
44. Y---Bautista (J. M. G.)
45. X---Bautista-Lim
46. Y---Beltran
47. Y---Benitez (A.)
48. Y---Benitez (J.M.)
49. Y---Bernos (C.)
50. Y---Bernos (J.B.)
51. X---Biron
52. Y---Bocobo
53. Y---Bolilia
54. Y---Bondoc
55. Y---Briones
56. Y---Bulut-Begtang
57. Y---Cagas
58. Y---Calderon
59. Y---Calixto
60. Y---Caoagdan
61. X---Cari
62. Y---Castro
63. Y---Cayton
64. Y---Celeste
65. Y---Cendaña
66. Y---Ceniza
67. Y---Chan (J.)
68. Y---Chan
69. X---Chua
70. Y---Chua-Tai
71. Y---Chungalao
72. D---Co ( E. S.)--(N/A)
73. Y---Co (R. L. M.)
74. Y---Co-Pilar
75. Y---Cojuangco (J. E. M. D.)
76. Y---Cojuangco ( M. O.)
77. X---Collantes
78. Y---Corvera
79. Y---Cruz (A.)
80. X---Cruz (R. JR.)
81. Y---Cruzado
82. X---Cua
83. Y---Dagooc
84. Y---Dalog
85. X---Dayanghirang
86. Y---Daza
87. Y---De Jesus
88. Y---De Lima
89. Y---De Venecia
90. Y---Defensor
91. Y---Degamo
92. Y---Del Mar
93. X---Delos Santos
94. Y---Dimacuha
95. Y---Dimaguila
96. Y---Dimaporo ( I. Q.)
97. Y---Dimaporo ( S. A. Q.)
98. Y---Diokno
99. Y---Dionisio
100. Y---Domingo
101. Y---Domogan
102. X---Duterte (H.J.)
103. A---Duterte (O.V.)
104. X---Duterte (P.)
105. Y---Dy (F.)
106. Y---Dy (F.M.C.)
107. Y---Dy (I.P.)
108. Y---Elago
109. Y---Emano
110. X---Enverga
111. Y---Erice
112. Y---Escudero
113. X---Espares
114. Y---Espina
115. Y---Estrella
116. Y---Ferrer (A. A.)
117. Y---Ferrer (J. )
118. X---Flores
119. Y---Fortes
120. Y---Frasco
121. Y---Fresnedi
122. Y---Fuentebella
123. Y---Galang
124. Y---Galeos
125. Y---Garbin
126. Y---Garcia (A.)
127. Y---Garcia (D.)
128. Y---Garcia (J. A.)
129. Y---Garcia (K. H.)
130. X---Garcia (M. A.)
131. Y---Gardiola
132. Y---Garin
133. Y---Gatchalian
134. Y---Gato
135. Y---Glepa
136. Y---Go
137. Y---Gomez
138. Y---Gonzales (A.)
139. Y---Gonzales (A. M.)
140. X---Gonzales (C. S.)
141. Y---Gonzales (R.)
142. Y---Gorriceta
143. Y---Guico
144. Y---Guintu
145. X---Gullas
146. Y---Gutierrez
147. Y---Hernandez (C. A.)
148. Y---Hernandez (D. L.)
149. Y---Hernandez (F. L.)
150. Y---Hernandez (R. L.)
151. Y---Hofer-Hasim
152. Y---Horibata
153. Y---Ismula
154. X---Iway
155. Y---Javier
156. Y---Kho
157. Y---Kho (E. T.)
158. Y---Kho (W. T.)
159. Y---Khonghun
160. Y---Ko
161. Y---Labadlabad
162. X---Lacson
163. Y---Lagbas
164. Y---Lagdameo (J. M. F.)
165. Y---Lagdameo (M. Y. M. Q.)
166. X---Lagman
167. Y---Lagon (D. A.)
168. Y---Lagon (S. L.)
169. Y---Lara
170. Y---Lazatin
171. Y---Ledesma
172. Y---Legacion
173. Y---Legarda
174. X---Legazpi
175. D---Legazpi(K.)--(N/A)
176. X---Leviste
177. Y---Libanan
178. Y---Lopez
179. Y---Loria
180. Y---Loyola
181. Y---Luistro
182. X---Lumayag
183. X---Macapagal-Arroyo
184. Y---Macasaet
185. Y---Maceda
186. Y---Madrona
187. Y---Malapitan
188. Y---Mangudadatu
189. Y---Maniquiz
190. Y---Marañon
191. Y---Marcoleta
192. Y---Marcos
193. X---Marquez
194. Y---Mastura
195. X---Matibag
196. Y---Matugas
197. Y---Mendoza
198. Y---Mercado
199. Y---Mercado-Revilla
200. Y---Miraflores
201. Y---Momo
202. Y---Montes
203. Y---Nava
204. Y---Nazal
205. X---Nisay
206. Y---Nolasco
207. Y---Oaminal (H. F.)
208. X---Oaminal (S. F. F.)
209. Y---Oducado
210. Y---Olivarez
211. Y---Ongchuan
212. Y---Ordanes
213. Y---Oreta (A. A.)
214. X---Ortega
215. Y---Ouano-Dizon
216. X---Padiernos
217. Y---Panaligan
218. Y---Pancho
219. Y---Panotes
220. X---Pascual
221. Y---Perez
222. X---Pimentel
223. X---Plaza
224. Y---Pleyto
225. Y---Poe
226. Y---Primicias-Agabas
227. Y---Pumaren
228. X---Puno
229. Y---Quimbo
230. Y---Rama
231. Y---Recto (R. S.)
232. X---Regencia
233. Y---Remulla
234. Y---Revilla ( B. B.)
235. X---Revilla (R. J.)
236. Y---Ridon
237. Y---Rivera
238. Y---Robes
239. Y---Rodriguez ( E. R.)
240. Y---Rodriguez (M. B.)
241. Y---Rodriguez (R.B.)
242. Y---Roman
243. Y---Romualdez (A.J.)
244. Y---Romualdez (F.M.)
245. Y---Romualdez (Y.M.)
246. Y---Romualdo
247. Y---Romulo
248. Y---Roque
249. Y---Sagarbarria
250. Y---Sakaluran
251. Y---Salceda
252. X---Sali
253. Y---Salvacion
254. Y---Salvador
255. Y---Salvame
256. A---San Fernando
257. Y---Santos (M.A.S.)
258. Y---Santos (M.A.)
259. Y---Shimura
260. Y---Singson ( R.)
261. X---Singson (R. V.)
262. Y---Singson-Meehan
263. Y---Solon
264. D---Soriano--(N/A)
265. Y---Suan
266. X---Suansing (B. V. B.)
267. X---Suansing (M. A. B.)
268. X---Suarez
269. X---Suntay
270. Y---Tallado
271. X---Tan (A.)
272. Y---Tan (J. S.)
273. Y---Tan (K. M. D.L.)
274. X---Tan (R. M.T.)
275. X---Tan (S. A.)
276. X---Tan (S. J. T.)
277. Y---Tanchay
278. X---Tanjuatco
279. X---Tarriela
280. Y---Teodoro
281. Y---Tereng
282. Y---Teves
283. Y---Tiangco
284. Y---Tieng
285. Y---Tinio
286. Y---Tolentino
287. X---Tuan
288. Y---Tulfo (J. P.)
289. Y---Tulfo (R. W. P.)
290. Y---Tupas
291. X---Tutor
292. X---Ty
293. Y---Umali
294. X---Ungab
295. Y---Uy, (D. C. L.)
296. Y---Uy (R. JR.)
297. Y---Valeriano
298. Y---Vargas
299. Y---Vargas-Alfonso
300. Y---Veloso
301. Y---Veloso-Tuazon
302. Y---Vergara
303. Y---Villa ( Z.)
304. Y---Villafuerte (M. L. R.)
305. Y---Villafuerte (V. R. L. R.)
306. X---Villanueva
307. Y---Villarica
308. X---Violago
309. Y---Yamsuan
310. Y---Yap (A.)
311. X---Yap (C.)
312. D---Yap (EDVIC)--(N/A)
313. X---Yap (ERIC)
314. Y---Yap ( G.)
315. Y---Yatco
316. Y---Ynares
317. X---Yu (J.V.)
318. Y---Yu (J.K.)
319. Y---Yulo
320. Y---Zamora (M.C.)
321. X---Zamora (Y.M.)
322. Y---Zubiri
Date Transmitted To The Senate: 2026-03-11
Actions Taken By The Senate/House
Date Received By The Senate: 2026-03-11
Conference Committee Information
Date Requested To Form A Conference Committee: 2026-03-10
Conference Committee Requested By: HOUSE
Date CC Request Received By The House: 2026-03-16
Date CC Request Received By The Senate: 2026-03-11
Date Agreed To Form A Conference Committee: 2026-03-11
Remarks: Printed copies were electronically distributed to Members on March 5, 2026.
Concom Members (House): Adiong, Balindong, Suan, Mangudadatu, Mastura, Abalos
Concom Members (Senate): Zubiri, Ejercito, Ejercito-Estrada
Date House Agreed On Concom Report: 2026-03-17
Date CC Message Received By The Senate: 2026-03-18
Date Senate Agreed On Concom Report: 2026-03-17
Date CC Message Received By The House: 2026-03-18
Date Signed Copies Of Enrolled Bill Received By The Senate: 2026-03-24
Actions Taken By The President
Date Transmitted To The President: 2026-03-24
Date Acted Upon By The President: 2026-03-25","Republic Act No.: RA12317
Origin: SENATE
Republic Act Title AN ACT RESETTING THE FIRST REGULAR ELECTIONS IN THE BANGSAMORO AUTONOMOUS REGION IN MUSLIM MINDANAO, AMENDING FOR THE PURPOSE SECTION 13, ARTICLE XVI OF REPUBLIC ACT NO. 11054, AS AMENDED, OTHERWISE KNOWN AS THE “ORGANIC LAW FOR THE BANGSAMORO AUTONOMOUS REGION IN MUSLIM MINDANAO”"
"HB08420","Principal Authored Bills","AN ACT DEFINING TECHNOLOGY-FACILITATED VIOLENCE AGAINST WOMEN AND THEIR CHILDREN, PROVIDING PROTECTIVE MEASURES, AND PRESCRIBING PENALTIES FOR VIOLATIONS THEREOF, AMENDING FOR THE PURPOSE REPUBLIC ACT NO. 9262, OTHERWISE KNOWN AS THE “ANTI-VIOLENCE AGAINST WOMEN AND THEIR CHILDREN ACT OF 2004”","2026-03-10","National","1. CO, RENEE LOUISE M. 2. TINIO, ANTONIO L. 3. MONTES, IRIS MARIE DEMESA 4. MATIBAG, ANN 5. ZAMORA, YSABEL MARIA J. 6. MACEDA, GISELLE MARY L. 7. ELAGO, SARAH JANE I. 8. CRUZ, AGATHA ""Agay"" 9. MERCADO-REVILLA, LANI 10. REVILLA, BRYAN B. 11. REVILLA, RAMON JOLO III B. 12. SALVAME, ROSALIE A. 13. BENITEZ, JAVIER MIGUEL LOPEZ 14. GORRICETA, KATHRYN JOYCE F. MD 15. ANGELES, MARIA CRISTINA C. 16. BULUT-BEGTANG, ELEANOR C. 17. YNARES, REBECCA MARIA ALCANTARA 18. AGYAO, CAROLINE B. MD 19. BAG-AO, KAKA J. 20. CASTRO, JANE T. 21. CENDAÑA, PERCIVAL ""Perci"" 22. REMULLA, CRISPIN DIEGO D. 23. TAN, KEITH MICAH ""Atty. Mike"" D.L. 24. ROBES, ARTURO B. 25. CAGAS, JOHN TRACY F. 26. VILLARICA, LINABELLE RUTH R. 27. DIOKNO, JOSE MANUEL TADEO ""Chel"" I. 28. YATCO, FLORABEL C. 29. LAGMAN, CIELO KRISEL 30. RAMA, EDUARDO JR R. 31. ZUBIRI, AUDREY KAY T. 32. GONZALES, ALEXANDRIA ""Queenie"" 33. DIMAPORO, SITTIE AMINAH Q. 34. CHUA-TAI, KATRINA REIKO 35. DEGAMO, JANICE 36. VELOSO, GIRLIE E. 37. ISMULA, DADAH KIRAM","2026-03-11","WOMEN AND GENDER EQUALITY","Approved by the House on 2026-05-20, transmitted to the Senate on 2026-05-25 and received by the Senate on 2026-05-25","https://docs.congress.hrep.online/legisdocs/basic_20/hb08420.pdf","https://www.congress.gov.ph/bill/history?billno=HB08420&congress=20","1. Vergara (000 2026-03-11)
2. Oreta (A. A.) (000 2026-03-17)
3. Sakaluran (000 2026-05-06)
4. Salceda (000 2026-05-13)
5. Primicias-Agabas (000 2026-05-18)
6. Dionisio (000 2026-05-18)
7. Gutierrez (000 2026-05-18)
8. Ortega (000 2026-05-18)
9. Khonghun (000 2026-05-18)
10. Adiong (000 2026-05-18)
11. Bautista-Lim (000 2026-05-11)
12. Emano (000 2026-05-12)
13. De Lima (000 2026-05-12)
14. Guintu (000 2026-05-18)
15. Aquino-Magsaysay (000 2026-05-18)
16. Hernandez (R. L.) (000 2026-05-25)
17. Co-Pilar (000 2026-05-25)
18. Yu (J.V.) (000 2026-05-18)
19. Arbison (M. N. JR.) (000 2026-05-18)
20. Veloso-Tuazon (000 2026-05-18)
21. Santos (M.A.S.) (000 2026-05-18)
22. Legacion (000 2026-06-01)
Author/s (Final/Third Reading)
1. Co (R. L. M.)
2. Tinio
3. Montes
4. Matibag
5. Zamora (Y.M.)
6. Maceda
7. Elago
8. Cruz (A.)
9. Mercado-Revilla
10. Revilla ( B. B.)
11. Revilla (R. J.)
12. Salvame
13. Benitez (J.M.)
14. Gorriceta
15. Angeles
16. Bulut-Begtang
17. Ynares
18. Agyao
19. Bag-ao
20. Castro
21. Cendaña
22. Remulla
23. Tan (K. M. D.L.)
24. Robes
25. Cagas
26. Villarica
27. Diokno
28. Yatco
29. Lagman
30. Rama
31. Zubiri
32. Gonzales (A.)
33. Dimaporo ( S. A. Q.)
34. Chua-Tai
35. Degamo
36. Veloso
37. Ismula
38. Oreta (A. A.)
39. Vergara
40. Sakaluran","Referral To The Committee On: RULES On 2026-03-11
Date Included In OB: 2026-03-11
Date Calendared: 2026-05-06","Committee Report No.: 00148
Submitted On: 2026-03-10
Submitted By: WOMEN AND GENDER EQUALITY
Recommendations: Recommending its approval in substitution of House Bills Numbered 217, 1394, 2013, 2420, 4071, 4779, 5228, 5642, 6083, and 6812
Substituted Bills: HB00217, HB01394, HB02013, HB02420, HB04071, HB04779, HB05228, HB05642, HB06083, HB06812","Period Of Sponsorship: 2026-05-12
Sponsored By: Matibag;Bag-ao;Co (R. L. M.);Elago
Final List of Author
1. Co (R. L. M.)
2. Tinio
3. Montes
4. Matibag
5. Zamora (Y.M.)
6. Maceda
7. Elago
8. Cruz (A.)
9. Mercado-Revilla
10. Revilla ( B. B.)
11. Revilla (R. J.)
12. Salvame
13. Benitez (J.M.)
14. Gorriceta
15. Angeles
16. Bulut-Begtang
17. Ynares
18. Agyao
19. Bag-ao
20. Castro
21. Cendaña
22. Remulla
23. Tan (K. M. D.L.)
24. Robes
25. Cagas
26. Villarica
27. Diokno
28. Yatco
29. Lagman
30. Rama
31. Zubiri
32. Gonzales (A.)
33. Dimaporo ( S. A. Q.)
34. Chua-Tai
35. Degamo
36. Veloso
37. Ismula
38. Oreta (A. A.)
39. Vergara
40. Sakaluran
Date Approved On Second Reading: 2026-05-12
Remarks: Manifestation of Rep. De Lima on May 12, 2026","Date Copy Distributed To Members: 2026-05-14
Date Approved By The House On Third Reading: 2026-05-20
Third Reading Title: AN ACT DEFINING TECHNOLOGY-FACILITATED VIOLENCE AGAINST WOMEN AND THEIR CHILDREN, PROVIDING PROTECTIVE MEASURES, AND PRESCRIBING PENALTIES FOR VIOLATIONS THEREOF, AMENDING FOR THE PURPOSE REPUBLIC ACT NO. 9262, OTHERWISE KNOWN AS THE “ ANTI-VIOLENCE AGAINST WOMEN AND THEIR CHILDREN ACT OF 2004 ”
House Votes: YEAS:265 NAYS:0 ABSTAIN:1
Voting Details Per Member
(Legend:Y-Yes N-No A-Abstain X-Did Not Vote B-Absent D-N/A)
1. Y---Abalos
2. Y---Abante
3. X---Acidre
4. Y---Acop (P.C.)
5. D---Acop--(N/A)
6. Y---Acosta
7. Y---Adiong
8. Y---Advincula
9. Y---Agarao
10. Y---Agyao
11. Y---Alano
12. Y---Alba
13. Y---Albano
14. X---Almario (C.M.)
15. Y---Almario (D.)
16. Y---Almonte
17. Y---Alvarez (J.)
18. Y---Alvarez (M.)
19. Y---Amante
20. Y---Amatong
21. Y---Ang
22. X---Angara
23. Y---Angeles
24. Y---Aquino
25. Y---Aquino-Magsaysay
26. Y---Arbison (M. N. JR.)
27. X---Arbison (M. M.)
28. Y---Arenas
29. Y---Arrogancia
30. Y---Asistio
31. Y---Atayde
32. X---Aumentado
33. Y---Ayon
34. X---Bag-ao
35. Y---Balindong
36. Y---Bañas-Nograles
37. Y---Bancoro
38. Y---Barba
39. X---Barbers
40. Y---Baronda
41. A---Barzaga
42. Y---Bacsug
43. X---Bautista (C. P.)
44. Y---Bautista (J. M. G.)
45. Y---Bautista-Lim
46. Y---Beltran
47. Y---Benitez (A.)
48. Y---Benitez (J.M.)
49. Y---Bernos (C.)
50. Y---Bernos (J.B.)
51. Y---Biron
52. Y---Bocobo
53. Y---Bolilia
54. X---Bondoc
55. Y---Briones
56. Y---Bulut-Begtang
57. Y---Cagas
58. Y---Calderon
59. Y---Calixto
60. Y---Caoagdan
61. Y---Cari
62. Y---Castro
63. D---Catulpos--(N/A)
64. Y---Cayton
65. Y---Celeste
66. Y---Cendaña
67. Y---Ceniza
68. Y---Chan (J.)
69. Y---Chan
70. X---Chua
71. Y---Chua-Tai
72. Y---Chungalao
73. D---Co ( E. S.)--(N/A)
74. Y---Co (R. L. M.)
75. Y---Co-Pilar
76. X---Cojuangco (J. E. M. D.)
77. Y---Cojuangco ( M. O.)
78. Y---Collantes
79. Y---Corvera
80. Y---Cruz (A.)
81. Y---Cruz (R. JR.)
82. Y---Cruzado
83. X---Cua
84. Y---Dagooc
85. Y---Dalog
86. X---Dayanghirang
87. Y---Daza
88. Y---De Jesus
89. Y---De Lima
90. Y---De Venecia
91. Y---Defensor
92. Y---Degamo
93. Y---Del Mar
94. X---Delos Santos
95. Y---Dimacuha
96. Y---Dimaguila
97. Y---Dimaporo ( I. Q.)
98. Y---Dimaporo ( S. A. Q.)
99. Y---Diokno
100. Y---Dionisio
101. Y---Domingo
102. Y---Domogan
103. Y---Duterte (H.J.)
104. X---Duterte (O.V.)
105. Y---Duterte (P.)
106. Y---Dy (F.)
107. Y---Dy (F.M.C.)
108. X---Dy (I.P.)
109. Y---Elago
110. X---Emano
111. Y---Enverga
112. Y---Erice
113. Y---Escudero
114. Y---Espares
115. Y---Espina
116. X---Estrella
117. Y---Ferrer (A. A.)
118. Y---Ferrer (J. )
119. Y---Flores
120. Y---Fortes
121. Y---Frasco
122. Y---Fresnedi
123. Y---Fuentebella
124. Y---Galang
125. Y---Galeos
126. Y---Garbin
127. Y---Garcia (A.)
128. Y---Garcia (D.)
129. Y---Garcia (J. A.)
130. X---Garcia (K. H.)
131. Y---Garcia (M. A.)
132. Y---Gardiola
133. Y---Garin
134. Y---Gatchalian
135. Y---Gato
136. Y---Glepa
137. X---Go
138. X---Gomez
139. Y---Gonzales (A.)
140. Y---Gonzales (A. M.)
141. Y---Gonzales (C. S.)
142. Y---Gonzales (R.)
143. X---Gorriceta
144. Y---Guico
145. X---Guintu
146. Y---Gullas
147. Y---Gutierrez
148. X---Hernandez (C. A.)
149. X---Hernandez (D. L.)
150. Y---Hernandez (F. L.)
151. Y---Hernandez (R. L.)
152. Y---Hofer-Hasim
153. Y---Horibata
154. Y---Ismula
155. X---Iway
156. Y---Javier
157. Y---Kho
158. Y---Kho (E. T.)
159. Y---Kho (W. T.)
160. Y---Khonghun
161. Y---Ko
162. Y---Labadlabad
163. X---Lacson
164. Y---Lagbas
165. Y---Lagdameo (J. M. F.)
166. Y---Lagdameo (M. Y. M. Q.)
167. Y---Lagman
168. Y---Lagon (D. A.)
169. Y---Lagon (S. L.)
170. Y---Lara
171. Y---Lazatin
172. Y---Ledesma
173. Y---Legacion
174. Y---Legarda
175. D---Legazpi--(N/A)
176. Y---Legazpi(K.)
177. X---Leviste
178. Y---Libanan
179. Y---Lopez
180. Y---Loria
181. Y---Loyola
182. Y---Luistro
183. X---Lumayag
184. Y---Macapagal-Arroyo
185. Y---Macasaet
186. Y---Maceda
187. Y---Madrona
188. Y---Malapitan
189. Y---Mangudadatu
190. Y---Maniquiz
191. X---Marañon
192. X---Marcoleta
193. Y---Marcos
194. Y---Marquez
195. Y---Mastura
196. Y---Matibag
197. Y---Matugas
198. Y---Mendoza
199. X---Mercado
200. Y---Mercado-Revilla
201. Y---Miraflores
202. Y---Momo
203. Y---Montes
204. X---Nava
205. Y---Nazal
206. Y---Nisay
207. Y---Nolasco
208. Y---Oaminal (H. F.)
209. Y---Oaminal (S. F. F.)
210. D---Oducado--(N/A)
211. Y---Olivarez
212. Y---Ongchuan
213. Y---Ordanes
214. Y---Oreta (A. A.)
215. X---Ortega
216. Y---Ouano-Dizon
217. Y---Padiernos
218. Y---Panaligan
219. Y---Pancho
220. X---Panotes
221. Y---Pascual
222. Y---Perez
223. Y---Pimentel
224. X---Plaza
225. Y---Pleyto
226. Y---Poe
227. Y---Primicias-Agabas
228. Y---Pumaren
229. X---Puno
230. Y---Quimbo
231. Y---Rama
232. Y---Recto (R. S.)
233. Y---Regencia
234. Y---Remulla
235. Y---Revilla ( B. B.)
236. X---Revilla (R. J.)
237. Y---Ridon
238. Y---Rivera
239. Y---Robes
240. Y---Rodriguez ( E. R.)
241. X---Rodriguez (M. B.)
242. Y---Rodriguez (R.B.)
243. Y---Roman
244. X---Romualdez (A.J.)
245. X---Romualdez (F.M.)
246. X---Romualdez (Y.M.)
247. Y---Romualdo
248. Y---Romulo
249. Y---Roque
250. Y---Sagarbarria
251. Y---Sakaluran
252. Y---Salceda
253. X---Sali
254. Y---Salvacion
255. Y---Salvador
256. Y---Salvame
257. Y---San Fernando
258. Y---Santos (M.A.S.)
259. Y---Santos (M.A.)
260. Y---Shimura
261. Y---Singson ( R.)
262. Y---Singson (R. V.)
263. Y---Singson-Meehan
264. Y---Solon
265. Y---Soriano
266. Y---Suan
267. Y---Suansing (B. V. B.)
268. Y---Suansing (M. A. B.)
269. Y---Suarez
270. Y---Suntay
271. Y---Tallado
272. Y---Tan (A.)
273. Y---Tan (J. S.)
274. Y---Tan (K. M. D.L.)
275. X---Tan (R. M.T.)
276. Y---Tan (S. A.)
277. Y---Tan (S. J. T.)
278. Y---Tanchay
279. Y---Tanjuatco
280. Y---Tarriela
281. Y---Teodoro
282. Y---Tereng
283. Y---Teves
284. Y---Tiangco
285. Y---Tieng
286. Y---Tinio
287. Y---Tolentino
288. Y---Tuan
289. Y---Tulfo (J. P.)
290. Y---Tulfo (R. W. P.)
291. Y---Tupas
292. X---Tutor
293. Y---Ty
294. Y---Umali
295. X---Ungab
296. Y---Uy, (D. C. L.)
297. Y---Uy (R. JR.)
298. Y---Valeriano
299. Y---Vargas
300. Y---Vargas-Alfonso
301. Y---Veloso
302. Y---Veloso-Tuazon
303. Y---Vergara
304. Y---Villa ( Z.)
305. X---Villafuerte (M. L. R.)
306. Y---Villafuerte (V. R. L. R.)
307. Y---Villanueva
308. Y---Villarica
309. X---Violago
310. Y---Yamsuan
311. Y---Yap (A.)
312. X---Yap (C.)
313. D---Yap (EDVIC)--(N/A)
314. Y---Yap (ERIC)
315. Y---Yap ( G.)
316. Y---Yatco
317. Y---Ynares
318. Y---Yu (J.V.)
319. Y---Yu (J.K.)
320. Y---Yulo
321. X---Zamora (M.C.)
322. Y---Zamora (Y.M.)
323. X---Zubiri
Date Transmitted To The Senate: 2026-05-25
Actions Taken By The Senate/House
Date Received By The Senate: 2026-05-25",""
"HB08464","Principal Authored Bills","AN ACT ABOLISHING THE TRAVEL TAX","2026-03-11","National","1. MARCOS, FERDINAND ALEXANDER A. 2. RAMA, EDUARDO JR R. 3. TOLENTINO, ANIELA BIANCA D. 4. YAP, ERIC GO 5. MARCOLETA, PAOLO HENRY M. 6. OLIVAREZ, ERIC L. 7. CRUZ, RICARDO JR. S. 8. BOCOBO, JORGE DANIEL S. 9. YAMSUAN, BRIAN RAYMUND S. 10. KO, MANUEL ""ManMan"" O. 11. PRIMICIAS-AGABAS, MARLYN L. 12. ODUCADO, NATHANIEL M. 13. VILLANUEVA, EDUARDO ""Bro. Eddie"" C. 14. BAUTISTA-LIM, CLAUDINE DIANA D. 15. GALANG, GERALD CLOYD ALEXIS V. 16. RODRIGUEZ, RUFUS B. 17. RODRIGUEZ, MAXIMO JR. B. 18. TAN, KEITH MICAH ""Atty. Mike"" D.L. 19. MADRONA. ELEANDRO JESUS F. 20. SUANSING, MIKAELA ANGELA B. 21. QUIMBO, ATTY. MIRO S. 22. MIRAFLORES, FLORENCIO T. 23. ZAMORA, YSABEL MARIA J. 24. EMANO, YEVGENY VINCENTE B. 25. POE, BRIAN 26. DAZA, NIKO RAUL S.J. 27. SAN FERNANDO, ELIJAH RUMBAOA 28. REVILLA, BRYAN B. 29. MOMO, ROMEO SR. S. 30. CENIZA, LEONEL ""Jhong"" D. 31. ACOSTA, GIL ""KabarangayJr"" 32. ALBANO, ANTONIO ""Tonypet"" T. 33. ATAYDE, JUAN CARLOS ""Arjo"" C. 34. BELTRAN, FERDINAND ""B1"" L. 35. CARI, CARL NICOLAS C. 36. CAYTON, TIMOTHY JOSEPH E. 37. GARIN, JANETTE L. 38. LEGARDA, ANTONIO JR. B. 39. MARQUEZ, JESUS ""Jess"" R. 40. RECTO, RYAN S. 41. REMULLA, CRISPIN DIEGO D. 42. SAKALURAN, RUTH 43. TIANGCO, TOBIAS ""Toby"" M. 44. VELOSO, GIRLIE E. 45. CO-PILAR, MA. VICTORIA 46. DE LIMA, LEILA M. 47. TULFO, RALPH WENDEL P. 48. MERCADO-REVILLA, LANI 49. ALANO,USTADZ YUSOP T. 50. MANGUDADATU, ESMAEL G. 51. TARRIELA, LEODY ""Odie"" F. 52. ZAMORA, MARIA CARMEN S. 53. GOMEZ, RICHARD I., DPA 54. HERNANDEZ, FERDINAND L. 55. MATIBAG, ANN 56. RODRIGUEZ, EULOGIO ""Leo"" R. 57. SUANSING, BELLA VANESSA B. 58. LUMAYAG, ISIDRO D. 59. HOFER-HASIM, MARLESA ""Doc Marly"" 60. DIMAPORO, IMELDA QUIBRANZA 61. ANGELES, MARIA CRISTINA C. 62. VILLARICA, LINABELLE RUTH R. 63. CHAN, JUNARD ""Ahong"" Q. 64. LAGDAMEO, JOSE MANUEL ""JM"" F. 65. BENITEZ, ALFREDO ""Albee"" B. 66. HERNANDEZ, CHARISSE ANNE C. 67. AGARAO, BENJAMIN JR. C. 68. GONZALES, ROY M. 69. LAZATIN, CARMELO JR. G. 70. CHUA-TAI, KATRINA REIKO 71. PIMENTEL, ALEXANDER TY 72. AGYAO, CAROLINE B. MD 73. DIMAGUILA, WALFREDO ""ARMAN"" R. JR. 74. MERCADO, ROGER GAVIOLA 75. SALVADOR, MARIO ""Kokoy"" O. 76. ONGCHUAN, EDWIN 77. ADIONG,ZIAUR-RAHMAN ""Zia"" ALONTO 78. ALBA, JOSE MANUEL F. 79. AQUINO, JOSE ""Joboy"" II S. 80. ARBISON, MUNIR M. 81. ARENAS, MARIA RACHEL J. 82. ASISTIO, DEAN 83. AUMENTADO, MARIA VANESSA ""Van-Van"" C.,RN 84. BALINDONG, YASSER ALONTO 85. BARONDA, JULIENNE ""Jam"" L. 86. BERNOS, JB 87. CAGAS, JOHN TRACY F. 88. CALIXTO, ANTONINO G. 89. CASTRO, JANE T. 90. CHUA, JOEL R. 91. CORVERA, DALE B. 92. CRUZ, AGATHA ""Agay"" 93. CRUZADO, EDWIN L.,MD. 94. CUA, MIDY N. 95. DAYANGHIRANG, NELSON ""JR"" 96. DE VENECIA, MARIA GEORGINA P. 97. DEGAMO, JANICE 98. DIMAPORO, SITTIE AMINAH Q. 99. DIONISIO, ERNESTO JR. M. 100. DOMOGAN, MAURICIO G. 101. ESPINA, GERARDO ""GERRYBOY"" JR. J. 102. FLORES, JONATHAN KEITH T. 103. GALEOS, EDSEL A. 104. GARCIA, DANTE S. 105. GONZALES, ALYSSA MICHAELA “Mica” M. 106. GORRICETA, KATHRYN JOYCE F. MD 107. GUICO, RAMON JR. N. 108. GULLAS, RHEA MAE A. 109. KHO, ANTONIO 110. KHO, ELISA ""Olga"" T. 111. KHO, WILTON ""Tonton"" T. 112. KHONGHUN, JEFFERSON F. 113. LABADLABAD, IRENE G. 114. LAGON, DAPHNE A. 115. LARA, JOSEPH ""Jojo"" L. 116. LUISTRO, ATTY. GERVILE ""Jinky Bitrics"" R. 117. MANIQUIZ, DORIS E. 118. MACAPAGAL-ARROYO, GLORIA 119. MASTURA, BAI DIMPLE I. 120. MATUGAS, FRANCISCO ""Lalo"" T. 121. NOLASCO, RAMON C. 122. OAMINAL, HENRY ""Indy"" JR F. 123. ORTEGA, FRANCISCO PAOLO V P. 124. PANALIGAN, ARNAN C. 125. PANOTES, ROSEMARIE CORNEJOS 126. PASCUAL, EMERSON D. 127. PLEYTO, SALVADOR A. 128. REGENCIA, CELSO G. 129. REVILLA, RAMON JOLO III B. 130. ROMAN, ANTONINO III B. 131. ROMUALDEZ, FERDINAND MARTIN G. 132. ROMUALDO, JURDIN JESUS M. 133. SAGARBARRIA, MA. ISABEL L. 134. SALCEDA, ADRIAN E. 135. SALVACION, REYNALDO P. 136. SANTOS, MA. ALANA SAMANTHA TALIÑO 137. SOLON, STEVE CHIONGBIAN 138. SUAN, LORDAN G. 139. SUAREZ, DAVID ""Jay-Jay"" C. 140. TAN, JOSEPH S. 141. TAN, REYNOLDS MICHAEL T. 142. TAN, SAMIER A. 143. TIENG, IRWIN C. 144. TUAN, DIBU S. 145. TUPAS, BINKY APRIL M. 146. UY, DE CARLO L. 147. UY, ROBERTO ""Pinpin"" JR. T. 148. VARGAS-ALFONSO, BABY ALINE 149. VARGAS, PATRICK MICHAEL D. 150. VIOLAGO, MARK CHOLO I. 151. YAP, CHRISTOPHERSON ""Coco"" M. 152. YU, JEYZEL VICTORIA C. 153. YU, JOSEPH KIM C. 154. YULO, EMILIO BERNARDINO L. 155. HERNANDEZ, DENNIS ""Tom"" L. 156. AQUINO-MAGSAYSAY, MILAGROS 157. ANG, JAMES ""Jojo"" JR. 158. SHIMURA, SUN JUDAL 159. DALOG, MAXIMO JR. Y. 160. LEGAZPI, FRANZ VINCENT F. 161. ESCUDERO, MARIE BERNADETTE G. 162. GUINTU, IVAN HOWARD A. 163. SALVAME, ROSALIE A. 164. DEL MAR, RACHEL MARGUERITE B. 165. VERGARA, JULIUS CESAR ""Jay"" V. 166. AMANTE, LORETO S. 167. BAÑAS-NOGRALES, SHIRLYN L. 168. ARBISON, MUNIR JR. N. 169. LOYOLA, ROY M. 170. RIVERA, NOEL ""Bong"" N. 171. DELOS SANTOS, ALFRED C. 172. VALERIANO, ROLANDO M. 173. CO, RENEE LOUISE M. 174. DAGOOC, SERGIO C. 175. LAGBAS, ATTY. JENNIFER ""Karen"" A. 176. ELAGO, SARAH JANE I. 177. VILLA, ZALDY S. 178. TINIO, ANTONIO L. 179. PEREZ, JERRY EVANGELISTA 180. GONZALES, CHRISTOPHER SHEEN P. 181. CENDAÑA, PERCIVAL ""Perci"" 182. CALDERON, PATRICIA C. 183. YAP, ARTHUR C. 184. LORIA, CARLOS ANDES 185. BAUTISTA, JOHANNE MONICH G. 186. BRIONES, NICANOR M. 187. ROQUE, LAARNI LAVIN 188. ACIDRE, JUDE A. 189. MENDOZA, RAYMOND DEMOCRITO C. 190. CELESTE, ARTHUR F. 191. ABALOS, JC M. 192. DIOKNO, JOSE MANUEL TADEO ""Chel"" I. 193. LAGDAMEO, MONIQUE YAZMIN MARIA Q. 194. TEVES, JOSE ""Bong"" JR. J. 195. LOPEZ, MA. CRISTINA TALAVERA 196. ZUBIRI, AUDREY KAY T. 197. GONZALES, ALEXANDRIA ""Queenie"" 198. ESPARES, FELIMON M. 199. PANCHO, AGUSTINA DOMINIQUE ""Ditse Tina"" C. 200. BENITEZ, JAVIER MIGUEL LOPEZ 201. CHAN, JAN ALMARIO 202. PUMAREN, FRANZ S. 203. YATCO, FLORABEL C.","2026-03-11","TOURISM","Approved by the House on 2026-03-16, transmitted to the Senate on 2026-03-17 and received by the Senate on 2026-03-17","https://docs.congress.hrep.online/legisdocs/basic_20/hb08464.pdf","https://www.congress.gov.ph/bill/history?billno=HB08464&congress=20","1. Veloso-Tuazon (000 2026-03-11)
2. Garin (000 2026-03-12)
3. Primicias-Agabas (000 2026-03-12)
4. Dionisio (000 2026-03-12)
5. Gutierrez (000 2026-03-12)
6. Ortega (000 2026-03-12)
7. Khonghun (000 2026-03-12)
8. Adiong (000 2026-03-12)
9. Salceda (000 2026-03-16)
10. Robes (000 2026-03-16)
11. Tolentino (000 2026-03-16)
12. Singson-Meehan (000 2026-03-16)
13. Arenas (000 2026-03-17)
14. Vargas (000 2026-03-17)
15. Abante (000 2026-03-13)
16. Javier (000 2026-03-16)
17. Legacion (000 2026-03-17)
Author/s (Final/Third Reading)
1. Marcos
2. Dy (F.)
3. Rama
4. Tolentino
5. Yap (ERIC)
6. Marcoleta
7. Olivarez
8. Cruz (R. JR.)
9. Bocobo
10. Yamsuan
11. Ko
12. Primicias-Agabas
13. Oducado
14. Villanueva
15. Bautista-Lim
16. Galang
17. Rodriguez (R.B.)
18. Rodriguez (M. B.)
19. Tan (K. M. D.L.)
20. Madrona
21. Suansing (M. A. B.)
22. Quimbo
23. Miraflores
24. Zamora (Y.M.)
25. Emano
26. Poe
27. Daza
28. San Fernando
29. Revilla ( B. B.)
30. Momo
31. Ceniza
32. Acosta
33. Albano
34. Atayde
35. Beltran
36. Cari
37. Cayton
38. Garin
39. Legarda
40. Marquez
41. Recto (R. S.)
42. Remulla
43. Sakaluran
44. Tiangco
45. Veloso
46. Co-Pilar
47. De Lima
48. Tulfo (R. W. P.)
49. Mercado-Revilla
50. Alano
51. Mangudadatu
52. Tarriela
53. Zamora (M.C.)
54. Gomez
55. Hernandez (F. L.)
56. Matibag
57. Rodriguez ( E. R.)
58. Suansing (B. V. B.)
59. Lumayag
60. Hofer-Hasim
61. Dimaporo ( I. Q.)
62. Angeles
63. Villarica
64. Chan
65. Lagdameo (J. M. F.)
66. Benitez (A.)
67. Hernandez (C. A.)
68. Agarao
69. Gonzales (R.)
70. Lazatin
71. Chua-Tai
72. Pimentel
73. Agyao
74. Dimaguila
75. Mercado
76. Salvador
77. Ongchuan
78. Adiong
79. Alba
80. Aquino
81. Arbison (M. M.)
82. Arenas
83. Asistio
84. Aumentado
85. Balindong
86. Baronda
87. Bernos (J.B.)
88. Cagas
89. Calixto
90. Castro
91. Chua
92. Corvera
93. Cruz (A.)
94. Cruzado
95. Cua
96. Dayanghirang
97. De Venecia
98. Degamo
99. Dimaporo ( S. A. Q.)
100. Dionisio
101. Domogan
102. Espina
103. Flores
104. Galeos
105. Garcia (D.)
106. Gonzales (A. M.)
107. Gorriceta
108. Guico
109. Gullas
110. Kho
111. Kho (E. T.)
112. Kho (W. T.)
113. Khonghun
114. Labadlabad
115. Lagon (D. A.)
116. Lara
117. Luistro
118. Maniquiz
119. Macapagal-Arroyo
120. Mastura
121. Matugas
122. Nolasco
123. Oaminal (H. F.)
124. Ortega
125. Panaligan
126. Panotes
127. Pascual
128. Pleyto
129. Regencia
130. Revilla (R. J.)
131. Roman
132. Romualdez (F.M.)
133. Romualdo
134. Sagarbarria
135. Salceda
136. Salvacion
137. Santos (M.A.S.)
138. Solon
139. Suan
140. Suarez
141. Tan (J. S.)
142. Tan (R. M.T.)
143. Tan (S. A.)
144. Tieng
145. Tuan
146. Tupas
147. Uy, (D. C. L.)
148. Uy (R. JR.)
149. Vargas-Alfonso
150. Vargas
151. Violago
152. Yap (C.)
153. Yu (J.V.)
154. Yu (J.K.)
155. Yulo
156. Hernandez (D. L.)
157. Aquino-Magsaysay
158. Ang
159. Shimura
160. Dalog
161. Legazpi
162. Escudero
163. Guintu
164. Salvame
165. Del Mar
166. Vergara
167. Amante
168. Bañas-Nograles
169. Arbison (M. N. JR.)
170. Loyola
171. Rivera
172. Delos Santos
173. Valeriano
174. Co (R. L. M.)
175. Dagooc
176. Lagbas
177. Elago
178. Villa ( Z.)
179. Tinio
180. Perez
181. Gonzales (C. S.)
182. Cendaña
183. Calderon
184. Yap (A.)
185. Loria
186. Bautista (J. M. G.)
187. Briones
188. Roque
189. Acidre
190. Mendoza
191. Celeste
192. Abalos
193. Diokno
194. Lagdameo (M. Y. M. Q.)
195. Teves
196. Lopez
197. Zubiri
198. Gonzales (A.)
199. Espares
200. Pancho
201. Benitez (J.M.)
202. Chan (J.)
203. Pumaren
204. Yatco
205. Veloso-Tuazon","Referral To The Committee On: RULES On 2026-03-11
Date Included In OB: 2026-03-11
Date Calendared: 2026-03-11","Committee Report No.: 00156
Submitted On: 2026-03-11
Submitted By: TOURISM, APPROPRIATIONS, WAYS AND MEANS
Recommendations: Recommending its approval in substitution of House Bills Numbered 7443, 7367, 7612, 7703, 7757, 150, 3529, 3890, 4793, 5821, 6228, 6979, 7155, 7307, 7631, 7695, 7758
Substituted Bills: HB07443, HB07367, HB07612, HB07703, HB07757, HB00150, HB03529, HB03890, HB04793, HB05821, HB06228, HB06979, HB07155, HB07307, HB07631, HB07695, HB07758","Period Of Sponsorship: 2026-03-11
Sponsored By: Madrona
Period Of Interpellations: 2026-03-11
Interpellated By: Erice
Final List of Author
1. Marcos
2. Dy (F.)
3. Rama
4. Tolentino
5. Yap (ERIC)
6. Marcoleta
7. Olivarez
8. Cruz (R. JR.)
9. Bocobo
10. Yamsuan
11. Ko
12. Primicias-Agabas
13. Oducado
14. Villanueva
15. Bautista-Lim
16. Galang
17. Rodriguez (R.B.)
18. Rodriguez (M. B.)
19. Tan (K. M. D.L.)
20. Madrona
21. Suansing (M. A. B.)
22. Quimbo
23. Miraflores
24. Zamora (Y.M.)
25. Emano
26. Poe
27. Daza
28. San Fernando
29. Revilla ( B. B.)
30. Momo
31. Ceniza
32. Acosta
33. Albano
34. Atayde
35. Beltran
36. Cari
37. Cayton
38. Garin
39. Legarda
40. Marquez
41. Recto (R. S.)
42. Remulla
43. Sakaluran
44. Tiangco
45. Veloso
46. Co-Pilar
47. De Lima
48. Tulfo (R. W. P.)
49. Mercado-Revilla
50. Alano
51. Mangudadatu
52. Tarriela
53. Zamora (M.C.)
54. Gomez
55. Hernandez (F. L.)
56. Matibag
57. Rodriguez ( E. R.)
58. Suansing (B. V. B.)
59. Lumayag
60. Hofer-Hasim
61. Dimaporo ( I. Q.)
62. Angeles
63. Villarica
64. Chan
65. Lagdameo (J. M. F.)
66. Benitez (A.)
67. Hernandez (C. A.)
68. Agarao
69. Gonzales (R.)
70. Lazatin
71. Chua-Tai
72. Pimentel
73. Agyao
74. Dimaguila
75. Mercado
76. Salvador
77. Ongchuan
78. Adiong
79. Alba
80. Aquino
81. Arbison (M. M.)
82. Arenas
83. Asistio
84. Aumentado
85. Balindong
86. Baronda
87. Bernos (J.B.)
88. Cagas
89. Calixto
90. Castro
91. Chua
92. Corvera
93. Cruz (A.)
94. Cruzado
95. Cua
96. Dayanghirang
97. De Venecia
98. Degamo
99. Dimaporo ( S. A. Q.)
100. Dionisio
101. Domogan
102. Espina
103. Flores
104. Galeos
105. Garcia (D.)
106. Gonzales (A. M.)
107. Gorriceta
108. Guico
109. Gullas
110. Kho
111. Kho (E. T.)
112. Kho (W. T.)
113. Khonghun
114. Labadlabad
115. Lagon (D. A.)
116. Lara
117. Luistro
118. Maniquiz
119. Macapagal-Arroyo
120. Mastura
121. Matugas
122. Nolasco
123. Oaminal (H. F.)
124. Ortega
125. Panaligan
126. Panotes
127. Pascual
128. Pleyto
129. Regencia
130. Revilla (R. J.)
131. Roman
132. Romualdez (F.M.)
133. Romualdo
134. Sagarbarria
135. Salceda
136. Salvacion
137. Santos (M.A.S.)
138. Solon
139. Suan
140. Suarez
141. Tan (J. S.)
142. Tan (R. M.T.)
143. Tan (S. A.)
144. Tieng
145. Tuan
146. Tupas
147. Uy, (D. C. L.)
148. Uy (R. JR.)
149. Vargas-Alfonso
150. Vargas
151. Violago
152. Yap (C.)
153. Yu (J.V.)
154. Yu (J.K.)
155. Yulo
156. Hernandez (D. L.)
157. Aquino-Magsaysay
158. Ang
159. Shimura
160. Dalog
161. Legazpi
162. Escudero
163. Guintu
164. Salvame
165. Del Mar
166. Vergara
167. Amante
168. Bañas-Nograles
169. Arbison (M. N. JR.)
170. Loyola
171. Rivera
172. Delos Santos
173. Valeriano
174. Co (R. L. M.)
175. Dagooc
176. Lagbas
177. Elago
178. Villa ( Z.)
179. Tinio
180. Perez
181. Gonzales (C. S.)
182. Cendaña
183. Calderon
184. Yap (A.)
185. Loria
186. Bautista (J. M. G.)
187. Briones
188. Roque
189. Acidre
190. Mendoza
191. Celeste
192. Abalos
193. Diokno
194. Lagdameo (M. Y. M. Q.)
195. Teves
196. Lopez
197. Zubiri
198. Gonzales (A.)
199. Espares
200. Pancho
201. Benitez (J.M.)
202. Chan (J.)
203. Pumaren
204. Yatco
205. Veloso-Tuazon
Date Approved On Second Reading: 2026-03-11","Date Copy Distributed To Members: 2026-03-12
Date Approved By The House On Third Reading: 2026-03-16
Third Reading Title: AN ACT ABOLISHING THE TRAVEL TAX
House Votes: YEAS:257 NAYS:1 ABSTAIN:1
Voting Details Per Member
(Legend:Y-Yes N-No A-Abstain X-Did Not Vote B-Absent D-N/A)
1. Y---Abalos
2. X---Abante
3. Y---Acidre
4. Y---Acop (P.C.)
5. D---Acop--(N/A)
6. Y---Acosta
7. Y---Adiong
8. Y---Advincula
9. Y---Agarao
10. Y---Agyao
11. Y---Alano
12. Y---Alba
13. Y---Albano
14. X---Almario (C.M.)
15. Y---Almario (D.)
16. Y---Almonte
17. Y---Alvarez (J.)
18. X---Alvarez (M.)
19. Y---Amante
20. Y---Amatong
21. Y---Ang
22. Y---Angara
23. Y---Angeles
24. X---Aquino
25. Y---Aquino-Magsaysay
26. Y---Arbison (M. N. JR.)
27. Y---Arbison (M. M.)
28. Y---Arenas
29. Y---Arrogancia
30. Y---Asistio
31. Y---Atayde
32. X---Aumentado
33. Y---Ayon
34. Y---Bag-ao
35. Y---Balindong
36. Y---Bañas-Nograles
37. Y---Bancoro
38. Y---Barba
39. Y---Barbers
40. Y---Baronda
41. D---Barzaga--(N/A)
42. Y---Bacsug
43. X---Bautista (C. P.)
44. Y---Bautista (J. M. G.)
45. X---Bautista-Lim
46. Y---Beltran
47. Y---Benitez (A.)
48. Y---Benitez (J.M.)
49. Y---Bernos (C.)
50. Y---Bernos (J.B.)
51. Y---Biron
52. X---Bocobo
53. Y---Bolilia
54. Y---Bondoc
55. Y---Briones
56. Y---Bulut-Begtang
57. Y---Cagas
58. Y---Calderon
59. Y---Calixto
60. Y---Caoagdan
61. Y---Cari
62. Y---Castro
63. Y---Cayton
64. X---Celeste
65. Y---Cendaña
66. Y---Ceniza
67. X---Chan (J.)
68. X---Chan
69. Y---Chua
70. X---Chua-Tai
71. Y---Chungalao
72. D---Co ( E. S.)--(N/A)
73. Y---Co (R. L. M.)
74. Y---Co-Pilar
75. Y---Cojuangco (J. E. M. D.)
76. Y---Cojuangco ( M. O.)
77. Y---Collantes
78. Y---Corvera
79. Y---Cruz (A.)
80. Y---Cruz (R. JR.)
81. Y---Cruzado
82. Y---Cua
83. Y---Dagooc
84. Y---Dalog
85. X---Dayanghirang
86. Y---Daza
87. Y---De Jesus
88. Y---De Lima
89. Y---De Venecia
90. Y---Defensor
91. Y---Degamo
92. Y---Del Mar
93. X---Delos Santos
94. Y---Dimacuha
95. Y---Dimaguila
96. Y---Dimaporo ( I. Q.)
97. Y---Dimaporo ( S. A. Q.)
98. Y---Diokno
99. Y---Dionisio
100. Y---Domingo
101. Y---Domogan
102. X---Duterte (H.J.)
103. X---Duterte (O.V.)
104. X---Duterte (P.)
105. Y---Dy (F.)
106. Y---Dy (F.M.C.)
107. X---Dy (I.P.)
108. Y---Elago
109. Y---Emano
110. Y---Enverga
111. N---Erice
112. Y---Escudero
113. Y---Espares
114. Y---Espina
115. Y---Estrella
116. Y---Ferrer (A. A.)
117. Y---Ferrer (J. )
118. X---Flores
119. Y---Fortes
120. X---Frasco
121. Y---Fresnedi
122. X---Fuentebella
123. Y---Galang
124. Y---Galeos
125. X---Garbin
126. Y---Garcia (A.)
127. Y---Garcia (D.)
128. Y---Garcia (J. A.)
129. Y---Garcia (K. H.)
130. X---Garcia (M. A.)
131. Y---Gardiola
132. Y---Garin
133. Y---Gatchalian
134. Y---Gato
135. Y---Glepa
136. Y---Go
137. Y---Gomez
138. Y---Gonzales (A.)
139. Y---Gonzales (A. M.)
140. Y---Gonzales (C. S.)
141. Y---Gonzales (R.)
142. Y---Gorriceta
143. Y---Guico
144. Y---Guintu
145. X---Gullas
146. Y---Gutierrez
147. Y---Hernandez (C. A.)
148. Y---Hernandez (D. L.)
149. Y---Hernandez (F. L.)
150. Y---Hernandez (R. L.)
151. Y---Hofer-Hasim
152. X---Horibata
153. Y---Ismula
154. Y---Iway
155. Y---Javier
156. Y---Kho
157. Y---Kho (E. T.)
158. Y---Kho (W. T.)
159. Y---Khonghun
160. Y---Ko
161. Y---Labadlabad
162. X---Lacson
163. Y---Lagbas
164. Y---Lagdameo (J. M. F.)
165. Y---Lagdameo (M. Y. M. Q.)
166. X---Lagman
167. Y---Lagon (D. A.)
168. Y---Lagon (S. L.)
169. Y---Lara
170. Y---Lazatin
171. Y---Ledesma
172. Y---Legacion
173. Y---Legarda
174. Y---Legazpi
175. D---Legazpi(K.)--(N/A)
176. X---Leviste
177. Y---Libanan
178. Y---Lopez
179. Y---Loria
180. Y---Loyola
181. Y---Luistro
182. Y---Lumayag
183. Y---Macapagal-Arroyo
184. Y---Macasaet
185. Y---Maceda
186. Y---Madrona
187. Y---Malapitan
188. Y---Mangudadatu
189. Y---Maniquiz
190. Y---Marañon
191. Y---Marcoleta
192. Y---Marcos
193. Y---Marquez
194. Y---Mastura
195. X---Matibag
196. Y---Matugas
197. X---Mendoza
198. Y---Mercado
199. Y---Mercado-Revilla
200. X---Miraflores
201. Y---Momo
202. A---Montes
203. Y---Nava
204. Y---Nazal
205. X---Nisay
206. Y---Nolasco
207. Y---Oaminal (H. F.)
208. Y---Oaminal (S. F. F.)
209. Y---Oducado
210. Y---Olivarez
211. Y---Ongchuan
212. Y---Ordanes
213. Y---Oreta (A. A.)
214. Y---Ortega
215. X---Ouano-Dizon
216. X---Padiernos
217. Y---Panaligan
218. Y---Pancho
219. Y---Panotes
220. X---Pascual
221. Y---Perez
222. Y---Pimentel
223. Y---Plaza
224. X---Pleyto
225. Y---Poe
226. Y---Primicias-Agabas
227. Y---Pumaren
228. X---Puno
229. Y---Quimbo
230. X---Rama
231. Y---Recto (R. S.)
232. X---Regencia
233. Y---Remulla
234. Y---Revilla ( B. B.)
235. X---Revilla (R. J.)
236. Y---Ridon
237. Y---Rivera
238. Y---Robes
239. Y---Rodriguez ( E. R.)
240. Y---Rodriguez (M. B.)
241. Y---Rodriguez (R.B.)
242. Y---Roman
243. Y---Romualdez (A.J.)
244. Y---Romualdez (F.M.)
245. Y---Romualdez (Y.M.)
246. Y---Romualdo
247. Y---Romulo
248. Y---Roque
249. Y---Sagarbarria
250. Y---Sakaluran
251. Y---Salceda
252. X---Sali
253. Y---Salvacion
254. Y---Salvador
255. X---Salvame
256. Y---San Fernando
257. Y---Santos (M.A.S.)
258. Y---Santos (M.A.)
259. X---Shimura
260. Y---Singson ( R.)
261. Y---Singson (R. V.)
262. Y---Singson-Meehan
263. Y---Solon
264. Y---Soriano
265. Y---Suan
266. X---Suansing (B. V. B.)
267. Y---Suansing (M. A. B.)
268. Y---Suarez
269. Y---Suntay
270. Y---Tallado
271. X---Tan (A.)
272. Y---Tan (J. S.)
273. Y---Tan (K. M. D.L.)
274. X---Tan (R. M.T.)
275. X---Tan (S. A.)
276. X---Tan (S. J. T.)
277. Y---Tanchay
278. Y---Tanjuatco
279. Y---Tarriela
280. Y---Teodoro
281. Y---Tereng
282. Y---Teves
283. Y---Tiangco
284. Y---Tieng
285. Y---Tinio
286. X---Tolentino
287. Y---Tuan
288. Y---Tulfo (J. P.)
289. Y---Tulfo (R. W. P.)
290. Y---Tupas
291. X---Tutor
292. X---Ty
293. Y---Umali
294. Y---Ungab
295. X---Uy, (D. C. L.)
296. Y---Uy (R. JR.)
297. Y---Valeriano
298. Y---Vargas
299. Y---Vargas-Alfonso
300. Y---Veloso
301. Y---Veloso-Tuazon
302. Y---Vergara
303. Y---Villa ( Z.)
304. X---Villafuerte (M. L. R.)
305. Y---Villafuerte (V. R. L. R.)
306. Y---Villanueva
307. X---Villarica
308. X---Violago
309. Y---Yamsuan
310. Y---Yap (A.)
311. X---Yap (C.)
312. D---Yap (EDVIC)--(N/A)
313. X---Yap (ERIC)
314. Y---Yap ( G.)
315. Y---Yatco
316. Y---Ynares
317. Y---Yu (J.V.)
318. Y---Yu (J.K.)
319. Y---Yulo
320. Y---Zamora (M.C.)
321. X---Zamora (Y.M.)
322. Y---Zubiri
Date Transmitted To The Senate: 2026-03-17
Actions Taken By The Senate/House
Date Received By The Senate: 2026-03-17",""
"HB08476","Principal Authored Bills","AN ACT EXPANDING THE COVERAGE OF THE TERTIARY EDUCATION SUBSIDY, AMENDING FOR THE PURPOSE REPUBLIC ACT NO. 10931, OTHERWISE KNOWN AS THE “UNIVERSAL ACCESS TO QUALITY TERTIARY EDUCATION ACT”, AND APPROPRIATING FUNDS THEREFOR","2026-03-11","National","1. ACIDRE, JUDE A. 2. FRESNEDI, JAIME R. 3. DIONISIO, ERNESTO JR. M. 4. CO, RENEE LOUISE M. 5. TINIO, ANTONIO L. 6. ROMULO, ROMAN T. 7. TEODORO, MARCELINO ""Marcy"" R. 8. CUA, MIDY N. 9. DIMAGUILA, WALFREDO ""ARMAN"" R. JR. 10. MONTES, IRIS MARIE DEMESA 11. ORETA, ANTOLIN III A. 12. GARCIA, DANTE S. 13. TERENG, KENNETH PAOLO 14. PADIERNOS, JAN ""Atty. JP"" 15. ROMUALDEZ, YEDDA MARIE K. 16. ROMUALDEZ, ANDREW JULIAN K. 17. ATAYDE, JUAN CARLOS ""Arjo"" C. 18. AGARAO, BENJAMIN JR. C. 19. ZUBIRI, AUDREY KAY T. 20. CRUZ, RICARDO JR. S. 21. SUANSING, MIKAELA ANGELA B. 22. YAP, CHRISTOPHERSON ""Coco"" M. 23. RODRIGUEZ, EULOGIO ""Leo"" R. 24. TAN, KEITH MICAH ""Atty. Mike"" D.L. 25. FLORES, JONATHAN KEITH T. 26. DE LIMA, LEILA M. 27. SALCEDA, ADRIAN E. 28. VILLANUEVA, EDUARDO ""Bro. Eddie"" C. 29. OLIVAREZ, ERIC L. 30. RIDON, TERRY L. 31. LIBANAN, MARCELINO C. 32. RODRIGUEZ, RUFUS B. 33. ESCUDERO, MARIE BERNADETTE G. 34. ALANO,USTADZ YUSOP T. 35. AGYAO, CAROLINE B. MD 36. CORVERA, DALE B. 37. GARCIA, KAREN HOPE F. 38. SAGARBARRIA, MA. ISABEL L. 39. LUMAYAG, ISIDRO D. 40. GATCHALIAN, KENNETH T. 41. DAZA, NIKO RAUL S.J. 42. DIOKNO, JOSE MANUEL TADEO ""Chel"" I. 43. CENDAÑA, PERCIVAL ""Perci"" 44. LOPEZ, MA. CRISTINA TALAVERA 45. BAUTISTA, JOHANNE MONICH G. 46. AMANTE, LORETO S. 47. CALDERON, PATRICIA C. 48. AMATONG, ADRIAN MICHAEL A. 49. SAN FERNANDO, ELIJAH RUMBAOA 50. SALVADOR, MARIO ""Kokoy"" O. 51. VERGARA, JULIUS CESAR ""Jay"" V. 52. ELAGO, SARAH JANE I. 53. ROMAN, ANTONINO III B. 54. MACAPAGAL-ARROYO, GLORIA 55. MADRONA. ELEANDRO JESUS F. 56. RECTO, RYAN S. 57. BRIONES, NICANOR M. 58. TEVES, JOSE ""Bong"" JR. J. 59. ROQUE, LAARNI LAVIN 60. ABALOS, JC M. 61. YAP, ARTHUR C. 62. LORIA, CARLOS ANDES 63. SANTOS, MA. ALANA SAMANTHA TALIÑO 64. BELTRAN, FERDINAND ""B1"" L. 65. HERNANDEZ, FERDINAND L. 66. ESPINA, GERARDO ""GERRYBOY"" JR. J. 67. CELESTE, ARTHUR F. 68. CAGAS, JOHN TRACY F. 69. CENIZA, LEONEL ""Jhong"" D. 70. DALOG, MAXIMO JR. Y. 71. POE, BRIAN 72. TOLENTINO, ANIELA BIANCA D. 73. BENITEZ, JAVIER MIGUEL LOPEZ 74. CRUZ, AGATHA ""Agay"" 75. GOMEZ, RICHARD I., DPA 76. PANCHO, AGUSTINA DOMINIQUE ""Ditse Tina"" C. 77. ODUCADO, NATHANIEL M. 78. MOMO, ROMEO SR. S. 79. BARONDA, JULIENNE ""Jam"" L. 80. ZAMORA, MARIA CARMEN S. 81. ARENAS, MARIA RACHEL J. 82. MENDOZA, RAYMOND DEMOCRITO C. 83. YU, JOSEPH KIM C. 84. LAGDAMEO, MONIQUE YAZMIN MARIA Q. 85. TIENG, IRWIN C. 86. LABADLABAD, IRENE G. 87. GONZALES, ALEXANDRIA ""Queenie"" 88. TAN, JOSEPH S. 89. ONGCHUAN, EDWIN 90. ESPARES, FELIMON M. 91. HERNANDEZ, CHARISSE ANNE C. 92. UY, ROBERTO ""Pinpin"" JR. T. 93. DIMAPORO, SITTIE AMINAH Q. 94. AQUINO-MAGSAYSAY, MILAGROS 95. GONZALES, ALYSSA MICHAELA “Mica” M. 96. CHAN, JAN ALMARIO 97. PRIMICIAS-AGABAS, MARLYN L. 98. GARIN, JANETTE L. 99. UY, DE CARLO L.","2026-03-11","HIGHER AND TECHNICAL EDUCATION","Republic Act RA12325 enacted on 2026-09-04","https://docs.congress.hrep.online/legisdocs/basic_20/hb08476.pdf","https://www.congress.gov.ph/bill/history?billno=HB08476&congress=20","1. Garin (000 2026-03-12)
2. Primicias-Agabas (000 2026-03-12)
3. Dionisio (000 2026-03-12)
4. Gutierrez (000 2026-03-12)
5. Ortega (000 2026-03-12)
6. Khonghun (000 2026-03-12)
7. Adiong (000 2026-03-12)
8. Arenas (000 2026-03-16)
9. Robes (000 2026-03-16)
10. Poe (000 2026-03-16)
11. Javier (000 2026-03-16)
12. Tulfo (R. W. P.) (000 2026-03-16)
13. Aquino-Magsaysay (000 2026-03-17)
14. Singson-Meehan (000 2026-03-17)
15. Abante (000 2026-03-13)
16. Legacion (000 2026-03-17)
17. Vargas (000 2026-04-08)
18. Cagas (000 2026-04-22)
19. Sakaluran (000 2026-04-29)
20. Maceda (000 2026-05-25)
21. Cari (000 2026-05-26)
22. Zamora (Y.M.) (000 2026-06-02)
23. Villafuerte (V. R. L. R.) (000 2026-06-16)
Author/s (Final/Third Reading)
1. Acidre
2. Fresnedi
3. Dionisio
4. Co (R. L. M.)
5. Tinio
6. Romulo
7. Teodoro
8. Cua
9. Dimaguila
10. Montes
11. Oreta (A. A.)
12. Garcia (D.)
13. Tereng
14. Padiernos
15. Romualdez (Y.M.)
16. Romualdez (A.J.)
17. Atayde
18. Agarao
19. Zubiri
20. Cruz (R. JR.)
21. Suansing (M. A. B.)
22. Yap (C.)
23. Rodriguez ( E. R.)
24. Tan (K. M. D.L.)
25. Flores
26. De Lima
27. Salceda
28. Villanueva
29. Olivarez
30. Ridon
31. Dy (F.)
32. Marcos
33. Libanan
34. Rodriguez (R.B.)
35. Escudero
36. Alano
37. Agyao
38. Corvera
39. Garcia (K. H.)
40. Sagarbarria
41. Lumayag
42. Gatchalian
43. Daza
44. Diokno
45. Cendaña
46. Lopez
47. Bautista (J. M. G.)
48. Amante
49. Calderon
50. Amatong
51. San Fernando
52. Salvador
53. Vergara
54. Elago
55. Roman
56. Macapagal-Arroyo
57. Madrona
58. Recto (R. S.)
59. Briones
60. Teves
61. Roque
62. Abalos
63. Yap (A.)
64. Loria
65. Santos (M.A.S.)
66. Beltran
67. Hernandez (F. L.)
68. Espina
69. Celeste
70. Cagas
71. Ceniza
72. Dalog
73. Poe
74. Tolentino
75. Benitez (J.M.)
76. Cruz (A.)
77. Gomez
78. Pancho
79. Oducado
80. Momo
81. Baronda
82. Zamora (M.C.)
83. Arenas
84. Mendoza
85. Yu (J.K.)
86. Lagdameo (M. Y. M. Q.)
87. Tieng
88. Labadlabad
89. Gonzales (A.)
90. Tan (J. S.)
91. Ongchuan
92. Espares
93. Hernandez (C. A.)
94. Uy (R. JR.)
95. Dimaporo ( S. A. Q.)
96. Aquino-Magsaysay
97. Gonzales (A. M.)
98. Chan (J.)
99. Primicias-Agabas
100. Garin
101. Uy, (D. C. L.)
102. Pleyto
103. Villarica
104. Bautista-Lim
105. Dimacuha
106. Tiangco
107. Romualdo
108. Domogan
109. Mercado-Revilla
110. Rivera
111. Del Mar
112. Angeles
113. Legazpi
114. Marquez
115. Yu (J.V.)
116. Emano
117. Benitez (A.)
118. Rama
119. Adiong
120. Puno
121. Loyola
122. Singson-Meehan
123. Chua-Tai","Referral To The Committee On: RULES On 2026-03-11
Date Included In OB: 2026-03-11
Date Calendared: 2026-03-11","Committee Report No.: 00166
Submitted On: 2026-03-11
Submitted By: HIGHER AND TECHNICAL EDUCATION, APPROPRIATIONS
Recommendations: Recommending its approval in substitution of House Bills Numbered 30, 40, 212, 683, 1970, 1994, 2642, 2824, 2990, 3453, 3467, 4270, 5488, 5563, 5650, 5914, 5934, 6029, 6250, 6501, 6548, 6609, 6733, 6825, 6829, 7160, 7329, and House Resolution No. 61
Substituted Bills: HB00030, HB00040, HB00212, HB00683, HB01970, HB01994, HB02642, HB02824, HB02990, HB03453, HB03467, HB04270, HB05488, HB05563, HB05650, HB05914, HB05934, HB06029, HB06250, HB06501, HB06548, HB06609, HB06733, HB06825, HB06829, HB07160, HB07329, HR00061","Period Of Sponsorship: 2026-03-11
Sponsored By: Acidre
Period Of Interpellations: 2026-03-11
Interpellated By: Co (R. L. M.), Tinio
Final List of Author
1. Acidre
2. Fresnedi
3. Dionisio
4. Co (R. L. M.)
5. Tinio
6. Romulo
7. Teodoro
8. Cua
9. Dimaguila
10. Montes
11. Oreta (A. A.)
12. Garcia (D.)
13. Tereng
14. Padiernos
15. Romualdez (Y.M.)
16. Romualdez (A.J.)
17. Atayde
18. Agarao
19. Zubiri
20. Cruz (R. JR.)
21. Suansing (M. A. B.)
22. Yap (C.)
23. Rodriguez ( E. R.)
24. Tan (K. M. D.L.)
25. Flores
26. De Lima
27. Salceda
28. Villanueva
29. Olivarez
30. Ridon
31. Dy (F.)
32. Marcos
33. Libanan
34. Rodriguez (R.B.)
35. Escudero
36. Alano
37. Agyao
38. Corvera
39. Garcia (K. H.)
40. Sagarbarria
41. Lumayag
42. Gatchalian
43. Daza
44. Diokno
45. Cendaña
46. Lopez
47. Bautista (J. M. G.)
48. Amante
49. Calderon
50. Amatong
51. San Fernando
52. Salvador
53. Vergara
54. Elago
55. Roman
56. Macapagal-Arroyo
57. Madrona
58. Recto (R. S.)
59. Briones
60. Teves
61. Roque
62. Abalos
63. Yap (A.)
64. Loria
65. Santos (M.A.S.)
66. Beltran
67. Hernandez (F. L.)
68. Espina
69. Celeste
70. Cagas
71. Ceniza
72. Dalog
73. Poe
74. Tolentino
75. Benitez (J.M.)
76. Cruz (A.)
77. Gomez
78. Pancho
79. Oducado
80. Momo
81. Baronda
82. Zamora (M.C.)
83. Arenas
84. Mendoza
85. Yu (J.K.)
86. Lagdameo (M. Y. M. Q.)
87. Tieng
88. Labadlabad
89. Gonzales (A.)
90. Tan (J. S.)
91. Ongchuan
92. Espares
93. Hernandez (C. A.)
94. Uy (R. JR.)
95. Dimaporo ( S. A. Q.)
96. Aquino-Magsaysay
97. Gonzales (A. M.)
98. Chan (J.)
99. Primicias-Agabas
100. Garin
101. Uy, (D. C. L.)
102. Pleyto
103. Villarica
104. Bautista-Lim
105. Dimacuha
106. Tiangco
107. Romualdo
108. Domogan
109. Mercado-Revilla
110. Rivera
111. Del Mar
112. Angeles
113. Legazpi
114. Marquez
115. Yu (J.V.)
116. Emano
117. Benitez (A.)
118. Rama
119. Adiong
120. Puno
121. Loyola
122. Singson-Meehan
123. Chua-Tai
Date Approved On Second Reading: 2026-03-11","Date Copy Distributed To Members: 2026-03-12
Date Approved By The House On Third Reading: 2026-03-16
Third Reading Title: AN ACT EXPANDING THE COVERAGE OF THE TERTIARY EDUCATION SUBSIDY, AMENDING FOR THE PURPOSE REPUBLIC ACT NO. 10931, OTHERWISE KNOWN AS THE ""UNIVERSAL ACCESS TO QUALITY TERTIARY EDUCATION ACT"", AND APPROPRIATING FUNDS THEREFOR
House Votes: YEAS:257 NAYS:3 ABSTAIN:0
Voting Details Per Member
(Legend:Y-Yes N-No A-Abstain X-Did Not Vote B-Absent D-N/A)
1. Y---Abalos
2. X---Abante
3. Y---Acidre
4. Y---Acop (P.C.)
5. D---Acop--(N/A)
6. Y---Acosta
7. Y---Adiong
8. Y---Advincula
9. Y---Agarao
10. Y---Agyao
11. Y---Alano
12. Y---Alba
13. Y---Albano
14. X---Almario (C.M.)
15. Y---Almario (D.)
16. Y---Almonte
17. Y---Alvarez (J.)
18. X---Alvarez (M.)
19. Y---Amante
20. Y---Amatong
21. Y---Ang
22. Y---Angara
23. Y---Angeles
24. X---Aquino
25. Y---Aquino-Magsaysay
26. Y---Arbison (M. N. JR.)
27. Y---Arbison (M. M.)
28. Y---Arenas
29. Y---Arrogancia
30. Y---Asistio
31. Y---Atayde
32. X---Aumentado
33. Y---Ayon
34. Y---Bag-ao
35. Y---Balindong
36. Y---Bañas-Nograles
37. Y---Bancoro
38. Y---Barba
39. Y---Barbers
40. Y---Baronda
41. D---Barzaga--(N/A)
42. Y---Bacsug
43. X---Bautista (C. P.)
44. Y---Bautista (J. M. G.)
45. X---Bautista-Lim
46. Y---Beltran
47. Y---Benitez (A.)
48. Y---Benitez (J.M.)
49. Y---Bernos (C.)
50. Y---Bernos (J.B.)
51. Y---Biron
52. X---Bocobo
53. Y---Bolilia
54. Y---Bondoc
55. Y---Briones
56. Y---Bulut-Begtang
57. Y---Cagas
58. Y---Calderon
59. Y---Calixto
60. Y---Caoagdan
61. Y---Cari
62. Y---Castro
63. Y---Cayton
64. Y---Celeste
65. Y---Cendaña
66. Y---Ceniza
67. X---Chan (J.)
68. X---Chan
69. Y---Chua
70. X---Chua-Tai
71. Y---Chungalao
72. D---Co ( E. S.)--(N/A)
73. N---Co (R. L. M.)
74. Y---Co-Pilar
75. Y---Cojuangco (J. E. M. D.)
76. Y---Cojuangco ( M. O.)
77. Y---Collantes
78. Y---Corvera
79. Y---Cruz (A.)
80. Y---Cruz (R. JR.)
81. Y---Cruzado
82. Y---Cua
83. Y---Dagooc
84. Y---Dalog
85. X---Dayanghirang
86. Y---Daza
87. Y---De Jesus
88. Y---De Lima
89. Y---De Venecia
90. Y---Defensor
91. Y---Degamo
92. Y---Del Mar
93. X---Delos Santos
94. Y---Dimacuha
95. Y---Dimaguila
96. Y---Dimaporo ( I. Q.)
97. Y---Dimaporo ( S. A. Q.)
98. Y---Diokno
99. Y---Dionisio
100. Y---Domingo
101. Y---Domogan
102. X---Duterte (H.J.)
103. X---Duterte (O.V.)
104. X---Duterte (P.)
105. Y---Dy (F.)
106. Y---Dy (F.M.C.)
107. X---Dy (I.P.)
108. N---Elago
109. Y---Emano
110. Y---Enverga
111. Y---Erice
112. Y---Escudero
113. Y---Espares
114. Y---Espina
115. Y---Estrella
116. Y---Ferrer (A. A.)
117. Y---Ferrer (J. )
118. X---Flores
119. Y---Fortes
120. X---Frasco
121. Y---Fresnedi
122. X---Fuentebella
123. Y---Galang
124. Y---Galeos
125. X---Garbin
126. Y---Garcia (A.)
127. Y---Garcia (D.)
128. Y---Garcia (J. A.)
129. Y---Garcia (K. H.)
130. X---Garcia (M. A.)
131. Y---Gardiola
132. Y---Garin
133. Y---Gatchalian
134. Y---Gato
135. Y---Glepa
136. Y---Go
137. Y---Gomez
138. Y---Gonzales (A.)
139. Y---Gonzales (A. M.)
140. Y---Gonzales (C. S.)
141. Y---Gonzales (R.)
142. Y---Gorriceta
143. Y---Guico
144. Y---Guintu
145. X---Gullas
146. Y---Gutierrez
147. Y---Hernandez (C. A.)
148. Y---Hernandez (D. L.)
149. Y---Hernandez (F. L.)
150. Y---Hernandez (R. L.)
151. Y---Hofer-Hasim
152. X---Horibata
153. Y---Ismula
154. Y---Iway
155. Y---Javier
156. Y---Kho
157. Y---Kho (E. T.)
158. Y---Kho (W. T.)
159. Y---Khonghun
160. Y---Ko
161. Y---Labadlabad
162. X---Lacson
163. Y---Lagbas
164. Y---Lagdameo (J. M. F.)
165. Y---Lagdameo (M. Y. M. Q.)
166. X---Lagman
167. Y---Lagon (D. A.)
168. Y---Lagon (S. L.)
169. Y---Lara
170. Y---Lazatin
171. Y---Ledesma
172. Y---Legacion
173. Y---Legarda
174. Y---Legazpi
175. D---Legazpi(K.)--(N/A)
176. X---Leviste
177. Y---Libanan
178. Y---Lopez
179. Y---Loria
180. Y---Loyola
181. Y---Luistro
182. Y---Lumayag
183. Y---Macapagal-Arroyo
184. Y---Macasaet
185. Y---Maceda
186. Y---Madrona
187. Y---Malapitan
188. Y---Mangudadatu
189. Y---Maniquiz
190. Y---Marañon
191. Y---Marcoleta
192. Y---Marcos
193. Y---Marquez
194. Y---Mastura
195. X---Matibag
196. Y---Matugas
197. X---Mendoza
198. Y---Mercado
199. Y---Mercado-Revilla
200. X---Miraflores
201. Y---Momo
202. Y---Montes
203. Y---Nava
204. Y---Nazal
205. X---Nisay
206. Y---Nolasco
207. Y---Oaminal (H. F.)
208. Y---Oaminal (S. F. F.)
209. Y---Oducado
210. Y---Olivarez
211. Y---Ongchuan
212. Y---Ordanes
213. Y---Oreta (A. A.)
214. Y---Ortega
215. X---Ouano-Dizon
216. X---Padiernos
217. Y---Panaligan
218. Y---Pancho
219. Y---Panotes
220. X---Pascual
221. Y---Perez
222. Y---Pimentel
223. Y---Plaza
224. X---Pleyto
225. Y---Poe
226. Y---Primicias-Agabas
227. Y---Pumaren
228. X---Puno
229. Y---Quimbo
230. X---Rama
231. Y---Recto (R. S.)
232. X---Regencia
233. Y---Remulla
234. Y---Revilla ( B. B.)
235. X---Revilla (R. J.)
236. Y---Ridon
237. Y---Rivera
238. Y---Robes
239. Y---Rodriguez ( E. R.)
240. Y---Rodriguez (M. B.)
241. Y---Rodriguez (R.B.)
242. Y---Roman
243. Y---Romualdez (A.J.)
244. Y---Romualdez (F.M.)
245. Y---Romualdez (Y.M.)
246. Y---Romualdo
247. Y---Romulo
248. Y---Roque
249. Y---Sagarbarria
250. Y---Sakaluran
251. Y---Salceda
252. X---Sali
253. Y---Salvacion
254. Y---Salvador
255. X---Salvame
256. Y---San Fernando
257. Y---Santos (M.A.S.)
258. Y---Santos (M.A.)
259. X---Shimura
260. Y---Singson ( R.)
261. Y---Singson (R. V.)
262. Y---Singson-Meehan
263. Y---Solon
264. Y---Soriano
265. Y---Suan
266. X---Suansing (B. V. B.)
267. Y---Suansing (M. A. B.)
268. Y---Suarez
269. Y---Suntay
270. Y---Tallado
271. X---Tan (A.)
272. Y---Tan (J. S.)
273. Y---Tan (K. M. D.L.)
274. X---Tan (R. M.T.)
275. X---Tan (S. A.)
276. X---Tan (S. J. T.)
277. Y---Tanchay
278. Y---Tanjuatco
279. Y---Tarriela
280. Y---Teodoro
281. Y---Tereng
282. Y---Teves
283. Y---Tiangco
284. Y---Tieng
285. N---Tinio
286. X---Tolentino
287. Y---Tuan
288. Y---Tulfo (J. P.)
289. Y---Tulfo (R. W. P.)
290. Y---Tupas
291. X---Tutor
292. X---Ty
293. Y---Umali
294. Y---Ungab
295. X---Uy, (D. C. L.)
296. Y---Uy (R. JR.)
297. Y---Valeriano
298. Y---Vargas
299. Y---Vargas-Alfonso
300. Y---Veloso
301. Y---Veloso-Tuazon
302. Y---Vergara
303. Y---Villa ( Z.)
304. X---Villafuerte (M. L. R.)
305. Y---Villafuerte (V. R. L. R.)
306. Y---Villanueva
307. X---Villarica
308. X---Violago
309. Y---Yamsuan
310. Y---Yap (A.)
311. X---Yap (C.)
312. D---Yap (EDVIC)--(N/A)
313. X---Yap (ERIC)
314. Y---Yap ( G.)
315. Y---Yatco
316. Y---Ynares
317. Y---Yu (J.V.)
318. Y---Yu (J.K.)
319. Y---Yulo
320. Y---Zamora (M.C.)
321. X---Zamora (Y.M.)
322. Y---Zubiri
Date Transmitted To The Senate: 2026-03-17
Actions Taken By The Senate/House
Date Received By The Senate: 2026-03-17
Conference Committee Information
Date Requested To Form A Conference Committee: 2026-05-13
Conference Committee Requested By: HOUSE
Date CC Request Received By The House: 2026-05-20
Date CC Request Received By The Senate: 2026-05-14
Date Agreed To Form A Conference Committee: 2026-05-13
Remarks: Printed copies were electronically distributed to members on March 12, 2026
Concom Members (House): Acidre, Romulo, Fresnedi, Solon, Veloso-Tuazon, Daza
Concom Members (Senate): Legarda, Villanueva, Cayetano, Villar (M), Aquino (P. B.)
Date House Agreed On Concom Report: 2026-06-03
Date CC Message Received By The Senate: 2026-06-08
Date Senate Agreed On Concom Report: 2026-06-17
Date CC Message Received By The House: 2026-06-17
Date Copies Of Enrolled Bill Received By The House: 2026-07-30
Date Signed Copies Of Enrolled Bill Received By The Senate: 2026-08-04
Actions Taken By The President
Date Transmitted To The President: 2026-08-04
Date Acted Upon By The President: 2026-09-04","Republic Act No.: RA12325
Origin: SENATE
Republic Act Title AN ACT ENHANCING THE UNIVERSAL ACCESS TO QUALITY TERTIARY EDUCATION ACT, AMENDING FOR THE PURPOSE REPUBLIC ACT NO. 10931, AND APPROPRIATING FUNDS THEREFOR"
"HB08477","Principal Authored Bills","AN ACT INSTITUTIONALIZING THE PRESIDENTIAL MERIT SCHOLARSHIP PROGRAM, INTEGRATING THE BAGONG PILIPINAS MERIT SCHOLARSHIP PROGRAM INTO A NATIONAL FRAMEWORK TO SUPPORT TOP-PERFORMING STUDENTS, AND APPROPRIATING FUNDS THEREFOR","2026-03-11","National","1. ACIDRE, JUDE A. 2. SUANSING, MIKAELA ANGELA B. 3. RECTO, RYAN S. 4. MARCOS, FERDINAND ALEXANDER A. 5. CRUZ, AGATHA ""Agay"" 6. PLEYTO, SALVADOR A. 7. ESCUDERO, MARIE BERNADETTE G. 8. OLIVAREZ, ERIC L. 9. ROMUALDEZ, FERDINAND MARTIN G. 10. ROMUALDEZ, YEDDA MARIE K. 11. ROMUALDEZ, ANDREW JULIAN K. 12. VILLAFUERTE, MIGUEL LUIS R. 13. VILLAFUERTE, VINCENZO RENATO LUIGI R. 14. HORIBATA, TSUYOSHI ANTHONY ""Hori"" G. 15. RIDON, TERRY L. 16. MONTES, IRIS MARIE DEMESA 17. ATAYDE, JUAN CARLOS ""Arjo"" C. 18. ZUBIRI, AUDREY KAY T. 19. BAUTISTA, JOHANNE MONICH G. 20. RODRIGUEZ, EULOGIO ""Leo"" R. 21. GATO, CIRIACO JR. B., MD, FPSO-HNS 22. AMANTE, LORETO S. 23. CAGAS, JOHN TRACY F. 24. GALANG, GERALD CLOYD ALEXIS V. 25. ALANO,USTADZ YUSOP T. 26. YNARES, REBECCA MARIA ALCANTARA 27. SOLON, STEVE CHIONGBIAN 28. GATCHALIAN, KENNETH T. 29. HERNANDEZ, FERDINAND L. 30. CRUZADO, EDWIN L.,MD. 31. LOPEZ, MA. CRISTINA TALAVERA 32. UY, DE CARLO L. 33. GARIN, JANETTE L. 34. ORTEGA, FRANCISCO PAOLO V P. 35. KHONGHUN, JEFFERSON F. 36. DEFENSOR, LORENZ R. 37. BARONDA, JULIENNE ""Jam"" L. 38. DIONISIO, ERNESTO JR. M. 39. PANALIGAN, ARNAN C. 40. GONZALES, ALYSSA MICHAELA “Mica” M. 41. GUINTU, IVAN HOWARD A. 42. ACOSTA, GIL ""KabarangayJr"" 43. TEVES, JOSE ""Bong"" JR. J. 44. GUTIERREZ, RAMON RODRIGO L. 45. DAGOOC, SERGIO C. 46. BONDOC, ANNA YORK P. MD 47. TAN, KEITH MICAH ""Atty. Mike"" D.L. 48. LAGDAMEO, MONIQUE YAZMIN MARIA Q. 49. MOMO, ROMEO SR. S. 50. ALVAREZ, JOSE C. 51. ALVAREZ, MERCEDES K. 52. RODRIGUEZ, RUFUS B. 53. TAN, JOSEPH S. 54. CORVERA, DALE B. 55. HERNANDEZ, CHARISSE ANNE C. 56. DIMAPORO, IMELDA QUIBRANZA 57. GONZALES, ALEXANDRIA ""Queenie"" 58. PANCHO, AGUSTINA DOMINIQUE ""Ditse Tina"" C. 59. ORDANES, RODOLFO ""Ompong"" M. 60. ARROGANCIA, REYNANTE U. 61. GO, ED CHRISTOPHER S. 62. YAP, CHRISTOPHERSON ""Coco"" M. 63. MATUGAS, FRANCISCO ""Lalo"" T. 64. AQUINO-MAGSAYSAY, MILAGROS 65. BAUTISTA-LIM, CLAUDINE DIANA D. 66. BELTRAN, FERDINAND ""B1"" L. 67. CRUZ, RICARDO JR. S. 68. LAGDAMEO, JOSE MANUEL ""JM"" F. 69. ODUCADO, NATHANIEL M. 70. VALERIANO, ROLANDO M. 71. CENIZA, LEONEL ""Jhong"" D. 72. YU, JOSEPH KIM C. 73. GONZALES, ROY M. 74. TUAN, DIBU S. 75. LABADLABAD, IRENE G. 76. YAP, ARTHUR C. 77. GONZALES, CHRISTOPHER SHEEN P. 78. DIOKNO, JOSE MANUEL TADEO ""Chel"" I. 79. MARCOLETA, PAOLO HENRY M. 80. DIMAGUILA, WALFREDO ""ARMAN"" R. JR. 81. MERCADO-REVILLA, LANI","2026-03-11","HIGHER AND TECHNICAL EDUCATION","Approved by the House on 2026-03-16, transmitted to the Senate on 2026-03-17 and received by the Senate on 2026-03-17","https://docs.congress.hrep.online/legisdocs/basic_20/hb08477.pdf","https://www.congress.gov.ph/bill/history?billno=HB08477&congress=20","1. Robes (000 2026-03-11)
2. Veloso-Tuazon (000 2026-03-11)
3. Garin (000 2026-03-12)
4. Primicias-Agabas (000 2026-03-12)
5. Dionisio (000 2026-03-12)
6. Gutierrez (000 2026-03-12)
7. Ortega (000 2026-03-12)
8. Khonghun (000 2026-03-12)
9. Adiong (000 2026-03-12)
10. Marquez (000 2026-03-16)
11. Yu (J.K.) (000 2026-03-16)
12. Javier (000 2026-03-16)
13. Abante (000 2026-03-13)
14. Cua (000 2026-03-16)
15. Arenas (000 2026-03-16)
16. Pumaren (000 2026-03-16)
17. Legacion (000 2026-03-17)
18. Cari (000 2026-06-03)
19. Tulfo (R. W. P.) (000 2026-06-22)
20. Teodoro (000 2026-06-16)
21. Bulut-Begtang (000 2026-02-25)
Author/s (Final/Third Reading)
1. Acidre
2. Suansing (M. A. B.)
3. Recto (R. S.)
4. Marcos
5. Dy (F.)
6. Cruz (A.)
7. Pleyto
8. Escudero
9. Olivarez
10. Romualdez (F.M.)
11. Romualdez (Y.M.)
12. Romualdez (A.J.)
13. Villafuerte (M. L. R.)
14. Villafuerte (V. R. L. R.)
15. Horibata
16. Ridon
17. Montes
18. Atayde
19. Zubiri
20. Bautista (J. M. G.)
21. Rodriguez ( E. R.)
22. Gato
23. Amante
24. Cagas
25. Galang
26. Alano
27. Ynares
28. Solon
29. Gatchalian
30. Hernandez (F. L.)
31. Cruzado
32. Lopez
33. Uy, (D. C. L.)
34. Garin
35. Ortega
36. Khonghun
37. Defensor
38. Baronda
39. Dionisio
40. Panaligan
41. Gonzales (A. M.)
42. Guintu
43. Acosta
44. Teves
45. Gutierrez
46. Dagooc
47. Bondoc
48. Tan (K. M. D.L.)
49. Lagdameo (M. Y. M. Q.)
50. Momo
51. Alvarez (J.)
52. Alvarez (M.)
53. Rodriguez (R.B.)
54. Tan (J. S.)
55. Corvera
56. Hernandez (C. A.)
57. Dimaporo ( I. Q.)
58. Gonzales (A.)
59. Pancho
60. Ordanes
61. Arrogancia
62. Go
63. Yap (C.)
64. Matugas
65. Aquino-Magsaysay
66. Bautista-Lim
67. Beltran
68. Cruz (R. JR.)
69. Lagdameo (J. M. F.)
70. Oducado
71. Valeriano
72. Ceniza
73. Yu (J.K.)
74. Gonzales (R.)
75. Tuan
76. Labadlabad
77. Yap (A.)
78. Gonzales (C. S.)
79. Diokno
80. Marcoleta
81. Dimaguila
82. Mercado-Revilla
83. Salvame
84. Tan (S. J. T.)
85. Singson-Meehan
86. Sakaluran
87. Zamora (Y.M.)
88. Rama
89. Co-Pilar
90. Emano
91. Espina
92. Flores
93. Tiangco
94. Loyola
95. Chua-Tai
96. Hernandez (R. L.)
97. Adiong
98. Tupas
99. Romualdo
100. Bernos (C.)
101. Bernos (J.B.)
102. Puno
103. Fortes
104. Robes
105. Tan (S. A.)
106. Vargas
107. Veloso-Tuazon
108. Bulut-Begtang","Referral To The Committee On: RULES On 2026-03-11
Date Included In OB: 2026-03-11
Date Calendared: 2026-03-11","Committee Report No.: 00167
Submitted On: 2026-03-11
Submitted By: HIGHER AND TECHNICAL EDUCATION, APPROPRIATIONS
Recommendations: Recommending its approval in substitution of House Bills Numbered 2583, 2698, 5229, 5481, 5676, 5686, 5763, 5980, 6038, and 6151
Substituted Bills: HB02583, HB02698, HB05229, HB05481, HB05676, HB05686, HB05763, HB05980, HB06038, HB06151","Period Of Sponsorship: 2026-03-11
Sponsored By: Acidre
Final List of Author
1. Acidre
2. Suansing (M. A. B.)
3. Recto (R. S.)
4. Marcos
5. Dy (F.)
6. Cruz (A.)
7. Pleyto
8. Escudero
9. Olivarez
10. Romualdez (F.M.)
11. Romualdez (Y.M.)
12. Romualdez (A.J.)
13. Villafuerte (M. L. R.)
14. Villafuerte (V. R. L. R.)
15. Horibata
16. Ridon
17. Montes
18. Atayde
19. Zubiri
20. Bautista (J. M. G.)
21. Rodriguez ( E. R.)
22. Gato
23. Amante
24. Cagas
25. Galang
26. Alano
27. Ynares
28. Solon
29. Gatchalian
30. Hernandez (F. L.)
31. Cruzado
32. Lopez
33. Uy, (D. C. L.)
34. Garin
35. Ortega
36. Khonghun
37. Defensor
38. Baronda
39. Dionisio
40. Panaligan
41. Gonzales (A. M.)
42. Guintu
43. Acosta
44. Teves
45. Gutierrez
46. Dagooc
47. Bondoc
48. Tan (K. M. D.L.)
49. Lagdameo (M. Y. M. Q.)
50. Momo
51. Alvarez (J.)
52. Alvarez (M.)
53. Rodriguez (R.B.)
54. Tan (J. S.)
55. Corvera
56. Hernandez (C. A.)
57. Dimaporo ( I. Q.)
58. Gonzales (A.)
59. Pancho
60. Ordanes
61. Arrogancia
62. Go
63. Yap (C.)
64. Matugas
65. Aquino-Magsaysay
66. Bautista-Lim
67. Beltran
68. Cruz (R. JR.)
69. Lagdameo (J. M. F.)
70. Oducado
71. Valeriano
72. Ceniza
73. Yu (J.K.)
74. Gonzales (R.)
75. Tuan
76. Labadlabad
77. Yap (A.)
78. Gonzales (C. S.)
79. Diokno
80. Marcoleta
81. Dimaguila
82. Mercado-Revilla
83. Salvame
84. Tan (S. J. T.)
85. Singson-Meehan
86. Sakaluran
87. Zamora (Y.M.)
88. Rama
89. Co-Pilar
90. Emano
91. Espina
92. Flores
93. Tiangco
94. Loyola
95. Chua-Tai
96. Hernandez (R. L.)
97. Adiong
98. Tupas
99. Romualdo
100. Bernos (C.)
101. Bernos (J.B.)
102. Puno
103. Fortes
104. Robes
105. Tan (S. A.)
106. Vargas
107. Veloso-Tuazon
108. Bulut-Begtang
Date Approved On Second Reading: 2026-03-11","Date Copy Distributed To Members: 2026-03-12
Date Approved By The House On Third Reading: 2026-03-16
Third Reading Title: AN ACT INSTITUTIONALIZING THE PRESIDENTIAL MERIT SCHOLARSHIP PROGRAM, INTEGRATING THE BAGONG PILIPINAS MERIT SCHOLARSHIP PROGRAM INTO A NATIONAL FRAMEWORK TO SUPPORT TOP-PERFORMING STUDENTS, AND APPROPRIATING FUNDS THEREFOR
House Votes: YEAS:259 NAYS:0 ABSTAIN:1
Voting Details Per Member
(Legend:Y-Yes N-No A-Abstain X-Did Not Vote B-Absent D-N/A)
1. Y---Abalos
2. X---Abante
3. Y---Acidre
4. Y---Acop (P.C.)
5. D---Acop--(N/A)
6. Y---Acosta
7. Y---Adiong
8. Y---Advincula
9. Y---Agarao
10. Y---Agyao
11. Y---Alano
12. Y---Alba
13. Y---Albano
14. X---Almario (C.M.)
15. Y---Almario (D.)
16. Y---Almonte
17. Y---Alvarez (J.)
18. X---Alvarez (M.)
19. Y---Amante
20. Y---Amatong
21. Y---Ang
22. Y---Angara
23. Y---Angeles
24. X---Aquino
25. Y---Aquino-Magsaysay
26. Y---Arbison (M. N. JR.)
27. Y---Arbison (M. M.)
28. Y---Arenas
29. Y---Arrogancia
30. Y---Asistio
31. Y---Atayde
32. X---Aumentado
33. Y---Ayon
34. Y---Bag-ao
35. Y---Balindong
36. Y---Bañas-Nograles
37. Y---Bancoro
38. Y---Barba
39. Y---Barbers
40. Y---Baronda
41. D---Barzaga--(N/A)
42. Y---Bacsug
43. X---Bautista (C. P.)
44. Y---Bautista (J. M. G.)
45. X---Bautista-Lim
46. Y---Beltran
47. Y---Benitez (A.)
48. Y---Benitez (J.M.)
49. Y---Bernos (C.)
50. Y---Bernos (J.B.)
51. Y---Biron
52. X---Bocobo
53. Y---Bolilia
54. Y---Bondoc
55. Y---Briones
56. Y---Bulut-Begtang
57. Y---Cagas
58. Y---Calderon
59. Y---Calixto
60. Y---Caoagdan
61. Y---Cari
62. Y---Castro
63. Y---Cayton
64. Y---Celeste
65. Y---Cendaña
66. Y---Ceniza
67. X---Chan (J.)
68. X---Chan
69. Y---Chua
70. X---Chua-Tai
71. Y---Chungalao
72. D---Co ( E. S.)--(N/A)
73. Y---Co (R. L. M.)
74. Y---Co-Pilar
75. Y---Cojuangco (J. E. M. D.)
76. Y---Cojuangco ( M. O.)
77. Y---Collantes
78. Y---Corvera
79. Y---Cruz (A.)
80. Y---Cruz (R. JR.)
81. Y---Cruzado
82. Y---Cua
83. Y---Dagooc
84. Y---Dalog
85. X---Dayanghirang
86. Y---Daza
87. Y---De Jesus
88. Y---De Lima
89. Y---De Venecia
90. Y---Defensor
91. Y---Degamo
92. Y---Del Mar
93. X---Delos Santos
94. Y---Dimacuha
95. Y---Dimaguila
96. Y---Dimaporo ( I. Q.)
97. Y---Dimaporo ( S. A. Q.)
98. Y---Diokno
99. Y---Dionisio
100. Y---Domingo
101. Y---Domogan
102. X---Duterte (H.J.)
103. X---Duterte (O.V.)
104. X---Duterte (P.)
105. Y---Dy (F.)
106. Y---Dy (F.M.C.)
107. X---Dy (I.P.)
108. Y---Elago
109. Y---Emano
110. Y---Enverga
111. Y---Erice
112. Y---Escudero
113. Y---Espares
114. Y---Espina
115. Y---Estrella
116. Y---Ferrer (A. A.)
117. Y---Ferrer (J. )
118. X---Flores
119. Y---Fortes
120. X---Frasco
121. Y---Fresnedi
122. X---Fuentebella
123. Y---Galang
124. Y---Galeos
125. X---Garbin
126. Y---Garcia (A.)
127. Y---Garcia (D.)
128. Y---Garcia (J. A.)
129. Y---Garcia (K. H.)
130. X---Garcia (M. A.)
131. Y---Gardiola
132. Y---Garin
133. Y---Gatchalian
134. Y---Gato
135. Y---Glepa
136. Y---Go
137. Y---Gomez
138. Y---Gonzales (A.)
139. Y---Gonzales (A. M.)
140. Y---Gonzales (C. S.)
141. Y---Gonzales (R.)
142. Y---Gorriceta
143. Y---Guico
144. Y---Guintu
145. X---Gullas
146. Y---Gutierrez
147. Y---Hernandez (C. A.)
148. Y---Hernandez (D. L.)
149. Y---Hernandez (F. L.)
150. Y---Hernandez (R. L.)
151. Y---Hofer-Hasim
152. X---Horibata
153. Y---Ismula
154. Y---Iway
155. Y---Javier
156. Y---Kho
157. Y---Kho (E. T.)
158. Y---Kho (W. T.)
159. Y---Khonghun
160. Y---Ko
161. Y---Labadlabad
162. X---Lacson
163. Y---Lagbas
164. Y---Lagdameo (J. M. F.)
165. Y---Lagdameo (M. Y. M. Q.)
166. X---Lagman
167. Y---Lagon (D. A.)
168. Y---Lagon (S. L.)
169. Y---Lara
170. Y---Lazatin
171. A---Ledesma
172. Y---Legacion
173. Y---Legarda
174. Y---Legazpi
175. D---Legazpi(K.)--(N/A)
176. X---Leviste
177. Y---Libanan
178. Y---Lopez
179. Y---Loria
180. Y---Loyola
181. Y---Luistro
182. Y---Lumayag
183. Y---Macapagal-Arroyo
184. Y---Macasaet
185. Y---Maceda
186. Y---Madrona
187. Y---Malapitan
188. Y---Mangudadatu
189. Y---Maniquiz
190. Y---Marañon
191. Y---Marcoleta
192. Y---Marcos
193. Y---Marquez
194. Y---Mastura
195. X---Matibag
196. Y---Matugas
197. X---Mendoza
198. Y---Mercado
199. Y---Mercado-Revilla
200. X---Miraflores
201. Y---Momo
202. Y---Montes
203. Y---Nava
204. Y---Nazal
205. X---Nisay
206. Y---Nolasco
207. Y---Oaminal (H. F.)
208. Y---Oaminal (S. F. F.)
209. Y---Oducado
210. Y---Olivarez
211. Y---Ongchuan
212. Y---Ordanes
213. Y---Oreta (A. A.)
214. Y---Ortega
215. X---Ouano-Dizon
216. X---Padiernos
217. Y---Panaligan
218. Y---Pancho
219. Y---Panotes
220. X---Pascual
221. Y---Perez
222. Y---Pimentel
223. Y---Plaza
224. X---Pleyto
225. Y---Poe
226. Y---Primicias-Agabas
227. Y---Pumaren
228. X---Puno
229. Y---Quimbo
230. X---Rama
231. Y---Recto (R. S.)
232. X---Regencia
233. Y---Remulla
234. Y---Revilla ( B. B.)
235. X---Revilla (R. J.)
236. Y---Ridon
237. Y---Rivera
238. Y---Robes
239. Y---Rodriguez ( E. R.)
240. Y---Rodriguez (M. B.)
241. Y---Rodriguez (R.B.)
242. Y---Roman
243. Y---Romualdez (A.J.)
244. Y---Romualdez (F.M.)
245. Y---Romualdez (Y.M.)
246. Y---Romualdo
247. Y---Romulo
248. Y---Roque
249. Y---Sagarbarria
250. Y---Sakaluran
251. Y---Salceda
252. X---Sali
253. Y---Salvacion
254. Y---Salvador
255. X---Salvame
256. Y---San Fernando
257. Y---Santos (M.A.S.)
258. Y---Santos (M.A.)
259. X---Shimura
260. Y---Singson ( R.)
261. Y---Singson (R. V.)
262. Y---Singson-Meehan
263. Y---Solon
264. Y---Soriano
265. Y---Suan
266. X---Suansing (B. V. B.)
267. Y---Suansing (M. A. B.)
268. Y---Suarez
269. Y---Suntay
270. Y---Tallado
271. X---Tan (A.)
272. Y---Tan (J. S.)
273. Y---Tan (K. M. D.L.)
274. X---Tan (R. M.T.)
275. X---Tan (S. A.)
276. X---Tan (S. J. T.)
277. Y---Tanchay
278. Y---Tanjuatco
279. Y---Tarriela
280. Y---Teodoro
281. Y---Tereng
282. Y---Teves
283. Y---Tiangco
284. Y---Tieng
285. Y---Tinio
286. X---Tolentino
287. Y---Tuan
288. Y---Tulfo (J. P.)
289. Y---Tulfo (R. W. P.)
290. Y---Tupas
291. X---Tutor
292. X---Ty
293. Y---Umali
294. Y---Ungab
295. X---Uy, (D. C. L.)
296. Y---Uy (R. JR.)
297. Y---Valeriano
298. Y---Vargas
299. Y---Vargas-Alfonso
300. Y---Veloso
301. Y---Veloso-Tuazon
302. Y---Vergara
303. Y---Villa ( Z.)
304. X---Villafuerte (M. L. R.)
305. Y---Villafuerte (V. R. L. R.)
306. Y---Villanueva
307. X---Villarica
308. X---Violago
309. Y---Yamsuan
310. Y---Yap (A.)
311. X---Yap (C.)
312. D---Yap (EDVIC)--(N/A)
313. X---Yap (ERIC)
314. Y---Yap ( G.)
315. Y---Yatco
316. Y---Ynares
317. Y---Yu (J.V.)
318. Y---Yu (J.K.)
319. Y---Yulo
320. Y---Zamora (M.C.)
321. X---Zamora (Y.M.)
322. Y---Zubiri
Date Transmitted To The Senate: 2026-03-17
Actions Taken By The Senate/House
Date Received By The Senate: 2026-03-17",""
"HB08496","Principal Authored Bills","AN ACT RENAMING THE TAWI-TAWI REGIONAL AGRICULTURAL COLLEGE AS THE TAWI-TAWI STATE COLLEGE, EXPANDING ITS CURRICULAR OFFERINGS, AND STRENGTHENING ITS GOVERNING BOARD","2026-03-16","Local","1. SALI, DIMSZAR M. 2. ACIDRE, JUDE A. 3. CALDERON, PATRICIA C. 4. TINIO, ANTONIO L. 5. SAN FERNANDO, ELIJAH RUMBAOA 6. ORETA, ANTOLIN III A. 7. FRESNEDI, JAIME R. 8. UY, DE CARLO L. 9. DIOKNO, JOSE MANUEL TADEO ""Chel"" I. 10. SALVADOR, MARIO ""Kokoy"" O. 11. DIMAGUILA, WALFREDO ""ARMAN"" R. JR. 12. GATCHALIAN, KENNETH T. 13. LAGBAS, ATTY. JENNIFER ""Karen"" A. 14. KHO, WILTON ""Tonton"" T. 15. LOPEZ, MA. CRISTINA TALAVERA 16. YAP, CHRISTOPHERSON ""Coco"" M. 17. BONDOC, ANNA YORK P. MD 18. BAUTISTA, JOHANNE MONICH G. 19. ROMULO, ROMAN T. 20. YATCO, FLORABEL C. 21. COLLANTES, KING 22. LARA, JOSEPH ""Jojo"" L. 23. ESPARES, FELIMON M. 24. CHUA-TAI, KATRINA REIKO 25. CARI, CARL NICOLAS C. 26. YNARES, REBECCA MARIA ALCANTARA 27. CRUZADO, EDWIN L.,MD.","2026-03-16","HIGHER AND TECHNICAL EDUCATION","Approved by the House on 2026-05-05, transmitted to the Senate on 2026-05-06 and received by the Senate on 2026-05-06","https://docs.congress.hrep.online/legisdocs/basic_20/hb08496.pdf","https://www.congress.gov.ph/bill/history?billno=HB08496&congress=20","","Referral To The Committee On: RULES On 2026-03-16
Date Included In OB: 2026-03-16
Business For Thu/Fri On: 2026-03-18","Committee Report No.: 00173
Submitted On: 2026-03-16
Submitted By: HIGHER AND TECHNICAL EDUCATION
Recommendations: Recommending its approval in substitution of House Bill No. 845
Substituted Bills: HB00845","Period Of Sponsorship: 2026-03-18
Sponsored By: Sali
Final List of Author
1. Sali
2. Acidre
3. Calderon
4. Tinio
5. San Fernando
6. Oreta (A. A.)
7. Fresnedi
8. Uy, (D. C. L.)
9. Diokno
10. Salvador
11. Dimaguila
12. Gatchalian
13. Lagbas
14. Kho (W. T.)
15. Lopez
16. Yap (C.)
17. Bondoc
18. Bautista (J. M. G.)
19. Romulo
20. Yatco
21. Collantes
22. Lara
23. Espares
24. Chua-Tai
25. Cari
26. Ynares
27. Cruzado
28. Alano
Date Approved On Second Reading: 2026-03-18","Date Copy Distributed To Members: 2026-04-28
Date Approved By The House On Third Reading: 2026-05-05
Third Reading Title: AN ACT RENAMING THE TAWI-TAWI REGIONAL AGRICULTURAL COLLEGE AS THE TAWI-TAWI STATE COLLEGE, EXPANDING ITS CURRICULAR OFFERINGS, AND STRENGTHENING ITS GOVERNING BOARD
House Votes: YEAS:227 NAYS:0 ABSTAIN:0
Voting Details Per Member
(Legend:Y-Yes N-No A-Abstain X-Did Not Vote B-Absent D-N/A)
1. Y---Abalos
2. Y---Abante
3. Y---Acidre
4. Y---Acop (P.C.)
5. D---Acop--(N/A)
6. Y---Acosta
7. Y---Adiong
8. X---Advincula
9. Y---Agarao
10. Y---Agyao
11. Y---Alano
12. X---Alba
13. Y---Albano
14. X---Almario (C.M.)
15. Y---Almario (D.)
16. Y---Almonte
17. Y---Alvarez (J.)
18. X---Alvarez (M.)
19. X---Amante
20. Y---Amatong
21. Y---Ang
22. Y---Angara
23. Y---Angeles
24. Y---Aquino
25. Y---Aquino-Magsaysay
26. Y---Arbison (M. N. JR.)
27. Y---Arbison (M. M.)
28. Y---Arenas
29. Y---Arrogancia
30. Y---Asistio
31. X---Atayde
32. Y---Aumentado
33. X---Ayon
34. Y---Bag-ao
35. Y---Balindong
36. Y---Bañas-Nograles
37. Y---Bancoro
38. X---Barba
39. Y---Barbers
40. Y---Baronda
41. X---Barzaga
42. Y---Bacsug
43. X---Bautista (C. P.)
44. Y---Bautista (J. M. G.)
45. X---Bautista-Lim
46. X---Beltran
47. Y---Benitez (A.)
48. Y---Benitez (J.M.)
49. Y---Bernos (C.)
50. Y---Bernos (J.B.)
51. X---Biron
52. Y---Bocobo
53. Y---Bolilia
54. Y---Bondoc
55. Y---Briones
56. Y---Bulut-Begtang
57. Y---Cagas
58. Y---Calderon
59. Y---Calixto
60. Y---Caoagdan
61. Y---Cari
62. X---Castro
63. Y---Cayton
64. Y---Celeste
65. Y---Cendaña
66. Y---Ceniza
67. Y---Chan (J.)
68. Y---Chan
69. X---Chua
70. X---Chua-Tai
71. Y---Chungalao
72. D---Co ( E. S.)--(N/A)
73. Y---Co (R. L. M.)
74. Y---Co-Pilar
75. X---Cojuangco (J. E. M. D.)
76. Y---Cojuangco ( M. O.)
77. Y---Collantes
78. Y---Corvera
79. Y---Cruz (A.)
80. Y---Cruz (R. JR.)
81. Y---Cruzado
82. X---Cua
83. Y---Dagooc
84. Y---Dalog
85. Y---Dayanghirang
86. Y---Daza
87. Y---De Jesus
88. Y---De Lima
89. X---De Venecia
90. X---Defensor
91. X---Degamo
92. Y---Del Mar
93. X---Delos Santos
94. Y---Dimacuha
95. Y---Dimaguila
96. Y---Dimaporo ( I. Q.)
97. X---Dimaporo ( S. A. Q.)
98. Y---Diokno
99. Y---Dionisio
100. Y---Domingo
101. Y---Domogan
102. X---Duterte (H.J.)
103. X---Duterte (O.V.)
104. X---Duterte (P.)
105. Y---Dy (F.)
106. Y---Dy (F.M.C.)
107. X---Dy (I.P.)
108. Y---Elago
109. Y---Emano
110. Y---Enverga
111. X---Erice
112. Y---Escudero
113. X---Espares
114. Y---Espina
115. Y---Estrella
116. Y---Ferrer (A. A.)
117. Y---Ferrer (J. )
118. X---Flores
119. Y---Fortes
120. Y---Frasco
121. Y---Fresnedi
122. X---Fuentebella
123. X---Galang
124. X---Galeos
125. X---Garbin
126. X---Garcia (A.)
127. Y---Garcia (D.)
128. X---Garcia (J. A.)
129. Y---Garcia (K. H.)
130. X---Garcia (M. A.)
131. Y---Gardiola
132. Y---Garin
133. Y---Gatchalian
134. Y---Gato
135. X---Glepa
136. X---Go
137. Y---Gomez
138. Y---Gonzales (A.)
139. Y---Gonzales (A. M.)
140. X---Gonzales (C. S.)
141. Y---Gonzales (R.)
142. Y---Gorriceta
143. Y---Guico
144. Y---Guintu
145. Y---Gullas
146. Y---Gutierrez
147. Y---Hernandez (C. A.)
148. Y---Hernandez (D. L.)
149. Y---Hernandez (F. L.)
150. Y---Hernandez (R. L.)
151. Y---Hofer-Hasim
152. X---Horibata
153. X---Ismula
154. X---Iway
155. Y---Javier
156. Y---Kho
157. Y---Kho (E. T.)
158. Y---Kho (W. T.)
159. Y---Khonghun
160. X---Ko
161. Y---Labadlabad
162. X---Lacson
163. Y---Lagbas
164. Y---Lagdameo (J. M. F.)
165. Y---Lagdameo (M. Y. M. Q.)
166. Y---Lagman
167. Y---Lagon (D. A.)
168. Y---Lagon (S. L.)
169. Y---Lara
170. X---Lazatin
171. X---Ledesma
172. Y---Legacion
173. X---Legarda
174. X---Legazpi
175. D---Legazpi(K.)--(N/A)
176. X---Leviste
177. Y---Libanan
178. X---Lopez
179. Y---Loria
180. Y---Loyola
181. Y---Luistro
182. X---Lumayag
183. X---Macapagal-Arroyo
184. Y---Macasaet
185. X---Maceda
186. Y---Madrona
187. Y---Malapitan
188. Y---Mangudadatu
189. Y---Maniquiz
190. Y---Marañon
191. Y---Marcoleta
192. Y---Marcos
193. Y---Marquez
194. Y---Mastura
195. Y---Matibag
196. Y---Matugas
197. Y---Mendoza
198. Y---Mercado
199. X---Mercado-Revilla
200. X---Miraflores
201. Y---Momo
202. Y---Montes
203. Y---Nava
204. Y---Nazal
205. Y---Nisay
206. Y---Nolasco
207. X---Oaminal (H. F.)
208. X---Oaminal (S. F. F.)
209. Y---Oducado
210. Y---Olivarez
211. Y---Ongchuan
212. X---Ordanes
213. X---Oreta (A. A.)
214. X---Ortega
215. X---Ouano-Dizon
216. X---Padiernos
217. Y---Panaligan
218. Y---Pancho
219. Y---Panotes
220. Y---Pascual
221. Y---Perez
222. X---Pimentel
223. Y---Plaza
224. Y---Pleyto
225. Y---Poe
226. Y---Primicias-Agabas
227. X---Pumaren
228. Y---Puno
229. Y---Quimbo
230. Y---Rama
231. Y---Recto (R. S.)
232. Y---Regencia
233. Y---Remulla
234. X---Revilla ( B. B.)
235. Y---Revilla (R. J.)
236. Y---Ridon
237. Y---Rivera
238. Y---Robes
239. Y---Rodriguez ( E. R.)
240. X---Rodriguez (M. B.)
241. X---Rodriguez (R.B.)
242. Y---Roman
243. Y---Romualdez (A.J.)
244. Y---Romualdez (F.M.)
245. Y---Romualdez (Y.M.)
246. Y---Romualdo
247. Y---Romulo
248. Y---Roque
249. Y---Sagarbarria
250. Y---Sakaluran
251. X---Salceda
252. X---Sali
253. X---Salvacion
254. Y---Salvador
255. Y---Salvame
256. Y---San Fernando
257. Y---Santos (M.A.S.)
258. Y---Santos (M.A.)
259. Y---Shimura
260. X---Singson ( R.)
261. X---Singson (R. V.)
262. Y---Singson-Meehan
263. X---Solon
264. Y---Soriano
265. Y---Suan
266. Y---Suansing (B. V. B.)
267. Y---Suansing (M. A. B.)
268. Y---Suarez
269. Y---Suntay
270. X---Tallado
271. X---Tan (A.)
272. Y---Tan (J. S.)
273. Y---Tan (K. M. D.L.)
274. X---Tan (R. M.T.)
275. Y---Tan (S. A.)
276. X---Tan (S. J. T.)
277. Y---Tanchay
278. Y---Tanjuatco
279. Y---Tarriela
280. Y---Teodoro
281. Y---Tereng
282. X---Teves
283. Y---Tiangco
284. Y---Tieng
285. Y---Tinio
286. X---Tolentino
287. Y---Tuan
288. Y---Tulfo (J. P.)
289. Y---Tulfo (R. W. P.)
290. Y---Tupas
291. X---Tutor
292. X---Ty
293. Y---Umali
294. X---Ungab
295. X---Uy, (D. C. L.)
296. X---Uy (R. JR.)
297. Y---Valeriano
298. Y---Vargas
299. Y---Vargas-Alfonso
300. Y---Veloso
301. Y---Veloso-Tuazon
302. Y---Vergara
303. Y---Villa ( Z.)
304. Y---Villafuerte (M. L. R.)
305. Y---Villafuerte (V. R. L. R.)
306. X---Villanueva
307. Y---Villarica
308. Y---Violago
309. Y---Yamsuan
310. Y---Yap (A.)
311. X---Yap (C.)
312. D---Yap (EDVIC)--(N/A)
313. X---Yap (ERIC)
314. X---Yap ( G.)
315. Y---Yatco
316. Y---Ynares
317. X---Yu (J.V.)
318. Y---Yu (J.K.)
319. Y---Yulo
320. Y---Zamora (M.C.)
321. Y---Zamora (Y.M.)
322. X---Zubiri
Date Transmitted To The Senate: 2026-05-06
Actions Taken By The Senate/House
Date Received By The Senate: 2026-05-06",""
"HB08771","Principal Authored Bills","AN ACT AMENDING CERTAIN PROVISIONS OF REPUBLIC ACT NO. 9482, OTHERWISE KNOWN AS THE ‘ANTI?RABIES ACT OF 2007,’ TO STRENGTHEN RABIES PREVENTION, PROMOTE RESPONSIBLE PET OWNERSHIP, AND PRESCRIBE PENALTIES FOR NON?COMPLIANCE","2026-03-25","National","1. CHUA-TAI, KATRINA REIKO","2026-05-04","LOCAL GOVERNMENT","Pending with the Committee on LOCAL GOVERNMENT since 2026-05-04","https://docs.congress.hrep.online/legisdocs/basic_20/hb08771.pdf","https://www.congress.gov.ph/bill/history?billno=HB08771&congress=20","","Referral To The Committee On: LOCAL GOVERNMENT On 2026-05-04","","","",""
"HB08772","Principal Authored Bills","AN ACT ESTABLISHING A MECHANISM FOR THE INSTITUTIONALIZATION OF THE CONSTRUCTION OF DISASTER-RESILIENT EVACUATION CENTERS IN EVERY CITY NATIONWIDE, IDENTIFYING THE MOST DISASTER-PRONE AREAS OF THE COUNTRY, PROVIDING FUNDS THEREFOR, AND FOR OTHER PURPOSES","2026-03-25","National","1. CHUA-TAI, KATRINA REIKO","2026-05-04","DISASTER RESILIENCE","Pending with the Committee on DISASTER RESILIENCE since 2026-05-04","https://docs.congress.hrep.online/legisdocs/basic_20/hb08772.pdf","https://www.congress.gov.ph/bill/history?billno=HB08772&congress=20","","Referral To The Committee On: DISASTER RESILIENCE On 2026-05-04","","","",""
"HB08773","Principal Authored Bills","AN ACT ESTABLISHING MECHANISMS TO COMBAT MALICIOUS DEEPFAKE AND MANIPULATED DIGITAL MEDIA, EMPOWERING DEPUTIES OF THE MOVIE AND TELEVISION REVIEW AND CLASSIFICATION BOARD TO ASSIST IN THE IDENTIFICATION, INVESTIGATION, AND REPORTING OF SUCH CONTENT, PROVIDING CONTENT TAKEDOWN MECHANISMS, DEFINING PROHIBITED ACTS, PRESCRIBING PENALTIES, AND FOR OTHER PURPOSES","2026-03-25","National","1. CHUA-TAI, KATRINA REIKO","2026-05-04","INFORMATION AND COMMUNICATIONS TECHNOLOGY","Pending with the Committee on INFORMATION AND COMMUNICATIONS TECHNOLOGY since 2026-05-04","https://docs.congress.hrep.online/legisdocs/basic_20/hb08773.pdf","https://www.congress.gov.ph/bill/history?billno=HB08773&congress=20","","Referral To The Committee On: INFORMATION AND COMMUNICATIONS TECHNOLOGY On 2026-05-04","","","",""
"HB08774","Principal Authored Bills","AN ACT PROHIBITING OPEN VEHICLE WINDOWS ON EXPRESSWAYS AND SUPERHIGHWAYS, PRESCRIBING PENALTIES THEREFOR, AND FOR OTHER PURPOSES","2026-03-25","National","1. CHUA-TAI, KATRINA REIKO","2026-05-04","TRANSPORTATION","Pending with the Committee on TRANSPORTATION since 2026-05-04","https://docs.congress.hrep.online/legisdocs/basic_20/hb08774.pdf","https://www.congress.gov.ph/bill/history?billno=HB08774&congress=20","","Referral To The Committee On: TRANSPORTATION On 2026-05-04","","","",""
"HB08775","Principal Authored Bills","AN ACT MANDATING ALL NATIONAL GOVERNMENT AGENCIES OF THE REPUBLIC OF THE PHILIPPINES TO ALLOCATE AT LEAST ONE PERCENT (1%) OF THEIR LAND AREA, COMPOUNDS, OR UNUSED OFFICE ROOMS OR FLOORS FOR THE ESTABLISHMENT OF STAFF HOUSES IN ALL THEIR OFFICES NATIONWIDE, PROVIDING FOR THEIR MANAGEMENT, UTILIZATION, AND DEVELOPMENT, WITH THE SUPPORT OF PUBLIC-PRIVATE PARTNERSHIPS FACILITATED BY THE DEPARTMENT OF HUMAN SETTLEMENTS AND URBAN DEVELOPMENT (DHSUD), AND FOR OTHER PURPOSES","2026-03-25","National","1. CHUA-TAI, KATRINA REIKO","2026-05-04","HOUSING AND URBAN DEVELOPMENT","Pending with the Committee on HOUSING AND URBAN DEVELOPMENT since 2026-05-04","https://docs.congress.hrep.online/legisdocs/basic_20/hb08775.pdf","https://www.congress.gov.ph/bill/history?billno=HB08775&congress=20","","Referral To The Committee On: HOUSING AND URBAN DEVELOPMENT On 2026-05-04","","","",""
"HB08776","Principal Authored Bills","AN ACT PROVIDING FOR AN IN-SCHOOL HOUSING SHELTER PROGRAM FOR PUBLIC SCHOOL TEACHERS, ESTABLISHING ITS MECHANISMS, APPROPRIATING FUNDS THEREFOR, AND FOR OTHER PURPOSES","2026-03-25","National","1. CHUA-TAI, KATRINA REIKO","2026-05-04","BASIC EDUCATION AND CULTURE","Pending with the Committee on BASIC EDUCATION AND CULTURE since 2026-05-04","https://docs.congress.hrep.online/legisdocs/basic_20/hb08776.pdf","https://www.congress.gov.ph/bill/history?billno=HB08776&congress=20","","Referral To The Committee On: BASIC EDUCATION AND CULTURE On 2026-05-04","","","",""
"HB09377","Principal Authored Bills","AN ACT STRENGTHENING CIVIC EDUCATION BY INTEGRATING THE STUDY OF THE CONSTITUTION INTO THE CURRICULUM OF BASIC EDUCATION AND INSTITUTIONALIZING THE OBSERVANCE OF CONSTITUTION DAY IN SCHOOLS","2026-05-20","National","1. ROMAN, ANTONINO III B. 2. PRIMICIAS-AGABAS, MARLYN L. 3. DEFENSOR, LORENZ R. 4. GUINTU, IVAN HOWARD A. 5. ROMULO, ROMAN T. 6. GATCHALIAN, KENNETH T. 7. CRUZ, AGATHA ""Agay"" 8. ROQUE, LAARNI LAVIN 9. ESCUDERO, MARIE BERNADETTE G. 10. CO-PILAR, MA. VICTORIA 11. TUAN, DIBU S. 12. CORVERA, DALE B. 13. RODRIGUEZ, EULOGIO ""Leo"" R. 14. LAZATIN, CARMELO JR. G. 15. SOLON, STEVE CHIONGBIAN 16. PLEYTO, SALVADOR A. 17. ALANO,USTADZ YUSOP T. 18. LACSON, MA. NINA FRANCESCA P. 19. DAGOOC, SERGIO C. 20. VERGARA, JULIUS CESAR ""Jay"" V.","2026-05-20","BASIC EDUCATION AND CULTURE","Approved by the House on 2026-06-03, transmitted to the Senate on 2026-06-08 and received by the Senate on 2026-06-08","https://docs.congress.hrep.online/legisdocs/basic_20/hb09377.pdf","https://www.congress.gov.ph/bill/history?billno=HB09377&congress=20","1. Primicias-Agabas (000 2026-06-01)
2. Dionisio (000 2026-06-01)
3. Gutierrez (000 2026-06-01)
4. Ortega (000 2026-06-01)
5. Khonghun (000 2026-06-01)
6. Adiong (000 2026-06-01)
7. Villanueva (000 2026-05-30)
8. Montes (000 2026-06-01)
9. Loyola (000 2026-06-02)
10. Maceda (000 2026-06-03)
11. Padiernos (000 2026-06-02)
12. Emano (000 2026-06-02)
Author/s (Final/Third Reading)
1. Roman
2. Primicias-Agabas
3. Defensor
4. Guintu
5. Romulo
6. Dy (F.)
7. Marcos
8. Gatchalian
9. Cruz (A.)
10. Roque
11. Escudero
12. Co-Pilar
13. Tuan
14. Corvera
15. Rodriguez ( E. R.)
16. Lazatin
17. Solon
18. Pleyto
19. Alano
20. Lacson
21. Dagooc
22. Vergara
23. Legacion
24. Cagas
25. Vargas
26. Suntay
27. Adiong
28. Suansing (B. V. B.)
29. Chua-Tai
30. Poe
31. Diokno
32. Nazal
33. Puno
34. Gonzales (A. M.)
35. Atayde
36. Yap ( G.)
37. Abalos
38. Aquino-Magsaysay
39. Almonte","Referral To The Committee On: RULES On 2026-05-20
Date Included In OB: 2026-05-20
Date Calendared: 2026-05-26","Committee Report No.: 00322
Submitted On: 2026-05-20
Submitted By: BASIC EDUCATION AND CULTURE
Recommendations: Recommending its approval in substitution of House Bills Numbered 1912, 4567, 5759, and 7716
Substituted Bills: HB01912, HB04567, HB05759, HB07716","Period Of Sponsorship: 2026-05-26
Sponsored By: Romulo
Final List of Author
1. Roman
2. Primicias-Agabas
3. Defensor
4. Guintu
5. Romulo
6. Dy (F.)
7. Marcos
8. Gatchalian
9. Cruz (A.)
10. Roque
11. Escudero
12. Co-Pilar
13. Tuan
14. Corvera
15. Rodriguez ( E. R.)
16. Lazatin
17. Solon
18. Pleyto
19. Alano
20. Lacson
21. Dagooc
22. Vergara
23. Legacion
24. Cagas
25. Vargas
26. Suntay
27. Adiong
28. Suansing (B. V. B.)
29. Chua-Tai
30. Poe
31. Diokno
32. Nazal
33. Puno
34. Gonzales (A. M.)
35. Atayde
36. Yap ( G.)
37. Abalos
38. Aquino-Magsaysay
39. Almonte
Date Approved On Second Reading: 2026-05-26","Date Copy Distributed To Members: 2026-05-28
Date Approved By The House On Third Reading: 2026-06-03
Third Reading Title: AN ACT STRENGTHENING CIVIC EDUCATION BY INTEGRATING THE STUDY OF THE CONSTITUTION INTO THE CURRICULUM OF BASIC EDUCATION AND INSTITUTIONALIZING THE OBSERVANCE OF CONSTITUTION DAY IN SCHOOLS
House Votes: YEAS:297 NAYS:0 ABSTAIN:0
Date Transmitted To The Senate: 2026-06-08
Actions Taken By The Senate/House
Date Received By The Senate: 2026-06-08",""
"HB09387","Principal Authored Bills","AN ACT ESTABLISHING A REGULAR CAMPUS OF THE DON MARIANO MARCOS MEMORIAL STATE UNIVERSITY IN THE MUNICIPALITY OF NAGUILIAN, PROVINCE OF LA UNION, TO BE KNOWN AS THE “DON MARIANO MARCOS MEMORIAL STATE UNIVERSITY-EAST LA UNION CAMPUS”, AND APPROPRIATING FUNDS THEREFOR","2026-05-25","Local","1. GARCIA, DANTE S. 2. TERENG, KENNETH PAOLO 3. ACIDRE, JUDE A. 4. CALDERON, PATRICIA C. 5. TINIO, ANTONIO L. 6. SAN FERNANDO, ELIJAH RUMBAOA 7. SALI, DIMSZAR M. 8. ORETA, ANTOLIN III A. 9. FRESNEDI, JAIME R. 10. DIOKNO, JOSE MANUEL TADEO ""Chel"" I. 11. SALVADOR, MARIO ""Kokoy"" O. 12. UY, DE CARLO L. 13. DIMAGUILA, WALFREDO ""ARMAN"" R. JR. 14. GATCHALIAN, KENNETH T. 15. LAGBAS, ATTY. JENNIFER ""Karen"" A. 16. KHO, WILTON ""Tonton"" T. 17. BONDOC, ANNA YORK P. MD 18. LOPEZ, MA. CRISTINA TALAVERA 19. YAP, CHRISTOPHERSON ""Coco"" M. 20. BAUTISTA, JOHANNE MONICH G. 21. ROMULO, ROMAN T. 22. YATCO, FLORABEL C. 23. COLLANTES, KING 24. LARA, JOSEPH ""Jojo"" L. 25. ESPARES, FELIMON M. 26. CHUA-TAI, KATRINA REIKO 27. CARI, CARL NICOLAS C. 28. YNARES, REBECCA MARIA ALCANTARA 29. CRUZADO, EDWIN L.,MD. 30. SUANSING, MIKAELA ANGELA B.","2026-05-25","HIGHER AND TECHNICAL EDUCATION","Approved by the House on 2026-06-02, transmitted to the Senate on 2026-06-08 and received by the Senate on 2026-06-08","https://docs.congress.hrep.online/legisdocs/basic_20/hb09387.pdf","https://www.congress.gov.ph/bill/history?billno=HB09387&congress=20","","Referral To The Committee On: RULES On 2026-05-25
Date Included In OB: 2026-05-25
Business For Thu/Fri On: 2026-05-26","Committee Report No.: 00330
Submitted On: 2026-05-25
Submitted By: HIGHER AND TECHNICAL EDUCATION, APPROPRIATIONS
Recommendations: Recommending its approval in substitution of House Bill No. 2460
Substituted Bills: HB02460","Period Of Sponsorship: 2026-05-26
Sponsored By: Garcia (D.)
Final List of Author
1. Garcia (D.)
2. Tereng
3. Acidre
4. Calderon
5. Tinio
6. San Fernando
7. Sali
8. Oreta (A. A.)
9. Fresnedi
10. Diokno
11. Salvador
12. Uy, (D. C. L.)
13. Dimaguila
14. Gatchalian
15. Lagbas
16. Kho (W. T.)
17. Bondoc
18. Lopez
19. Yap (C.)
20. Bautista (J. M. G.)
21. Romulo
22. Yatco
23. Collantes
24. Lara
25. Espares
26. Chua-Tai
27. Cari
28. Ynares
29. Cruzado
30. Suansing (M. A. B.)
Date Approved On Second Reading: 2026-05-26","Date Copy Distributed To Members: 2026-05-28
Date Approved By The House On Third Reading: 2026-06-02
Third Reading Title: AN ACT ESTABLISHING A REGULAR CAMPUS OF THE DON MARIANO MARCOS MEMORIAL STATE UNIVERSITY IN THE MUNICIPALITY OF NAGUILIAN, PROVINCE OF LA UNION, TO BE KNOWN AS THE ""DON MARIANO MARCOS MEMORIAL STATE UNIVERSITY-EAST LA UNION CAMPUS"", AND APPROPRIATING FUNDS THEREFOR
House Votes: YEAS:271 NAYS:0 ABSTAIN:1
Date Transmitted To The Senate: 2026-06-08
Actions Taken By The Senate/House
Date Received By The Senate: 2026-06-08",""
"HB09461","Principal Authored Bills","AN ACT STRENGTHENING CHILD PROTECTION SAFEGUARDS, REGULATORY MEASURES, POLICIES AND ENFORCEMENT MECHANISMS AGAINST ONLINE SEXUAL ABUSE OR EXPLOITATION OF CHILDREN (OSAEC) AND CHILD SEXUAL ABUSE OR EXPLOITATION MATERIALS (CSAEM), REPEALING FOR THE PURPOSE REPUBLIC ACT NO. 11930, OTHERWISE KNOWN AS THE “ANTI-ONLINE SEXUAL ABUSE OR EXPLOITATION OF CHILDREN (OSAEC) AND ANTI-CHILD SEXUAL ABUSE OR EXPLOITATION MATERIALS (CSAEM) ACT,” PROVIDING PENALTIES FOR VIOLATIONS THEREOF AND APPROPRIATING FUNDS THEREFOR","2026-05-26","National","1. VALERIANO, ROLANDO M. 2. SUANSING, BELLA VANESSA B. 3. PUNO, RONALDO V. 4. VELOSO-TUAZON, ANNA VICTORIA 5. LAGBAS, ATTY. JENNIFER ""Karen"" A. 6. TOLENTINO, ANIELA BIANCA D. 7. ORETA, ANTOLIN III A. 8. ACOP, ROMEO M. 9. SUANSING, MIKAELA ANGELA B. 10. YAP, ERIC GO 11. ISMULA, DADAH KIRAM 12. DIOKNO, JOSE MANUEL TADEO ""Chel"" I. 13. CENDAÑA, PERCIVAL ""Perci"" 14. BAG-AO, KAKA J. 15. SUAN, LORDAN G. 16. SOLON, STEVE CHIONGBIAN 17. MONTES, IRIS MARIE DEMESA 18. PLEYTO, SALVADOR A. 19. ROMAN, ANTONINO III B. 20. OAMINAL, HENRY ""Indy"" JR F. 21. CO, RENEE LOUISE M. 22. ELAGO, SARAH JANE I. 23. CHUA-TAI, KATRINA REIKO 24. EMANO, YEVGENY VINCENTE B. 25. ODUCADO, NATHANIEL M. 26. LABADLABAD, IRENE G. 27. CHAN, JAN ALMARIO 28. LACSON, MA. NINA FRANCESCA P. 29. BAUTISTA, JOHANNE MONICH G. 30. TAN, KEITH MICAH ""Atty. Mike"" D.L. 31. CARI, CARL NICOLAS C. 32. GONZALES, ALYSSA MICHAELA “Mica” M. 33. ARENAS, MARIA RACHEL J. 34. DE LIMA, LEILA M. 35. SAKALURAN, RUTH 36. ESCUDERO, MARIE BERNADETTE G. 37. DIMAGUILA, WALFREDO ""ARMAN"" R. JR. 38. CUA, MIDY N. 39. FLORES, JONATHAN KEITH T. 40. VERGARA, JULIUS CESAR ""Jay"" V. 41. ATAYDE, JUAN CARLOS ""Arjo"" C. 42. MATIBAG, ANN 43. BERNOS, JB 44. PIMENTEL, ALEXANDER TY 45. FUENTEBELLA, ARNIE B. 46. RODRIGUEZ, RUFUS B. 47. ORDANES, RODOLFO ""Ompong"" M. 48. POE, BRIAN 49. AQUINO-MAGSAYSAY, MILAGROS 50. BAUTISTA-LIM, CLAUDINE DIANA D. 51. ESPARES, FELIMON M. 52. GALANG, GERALD CLOYD ALEXIS V. 53. REGENCIA, CELSO G.","2026-05-26","PUBLIC ORDER AND SAFETY","Approved by the House on 2026-06-02, transmitted to the Senate on 2026-06-08 and received by the Senate on 2026-06-08","https://docs.congress.hrep.online/legisdocs/basic_20/hb09461.pdf","https://www.congress.gov.ph/bill/history?billno=HB09461&congress=20","1. Zamora (Y.M.) (000 2026-05-26)
2. Chua (000 2026-05-26)
3. Co-Pilar (000 2026-05-26)
4. Acop (P.C.) (000 2026-05-30)
5. Garin (000 2026-06-01)
6. Primicias-Agabas (000 2026-06-01)
7. Dionisio (000 2026-06-01)
8. Gutierrez (000 2026-06-01)
9. Ortega (000 2026-06-01)
10. Khonghun (000 2026-06-01)
11. Adiong (000 2026-06-01)
12. Villanueva (000 2026-05-30)
13. Arenas (000 2026-06-01)
14. Cruz (A.) (000 2026-06-01)
15. Arrogancia (000 2026-06-01)
16. Gonzales (A.) (000 2026-06-02)
17. Marquez (000 2026-06-02)
18. Soriano (000 2026-06-03)
19. Loyola (000 2026-06-03)
20. Maceda (000 2026-06-03)
21. Padiernos (000 2026-06-02)
22. Abante (000 2026-06-02)
23. Legacion (000 2026-06-03)
24. Rama (000 2026-06-17)
25. Frasco (000 2026-09-16)
Author/s (Final/Third Reading)
1. Valeriano
2. Suansing (B. V. B.)
3. Puno
4. Veloso-Tuazon
5. Lagbas
6. Tolentino
7. Oreta (A. A.)
8. Acop (P.C.)
9. Suansing (M. A. B.)
10. Yap (ERIC)
11. Ismula
12. Diokno
13. Cendaña
14. Bag-ao
15. Suan
16. Solon
17. Montes
18. Pleyto
19. Roman
20. Oaminal (H. F.)
21. Co (R. L. M.)
22. Elago
23. Chua-Tai
24. Emano
25. Oducado
26. Labadlabad
27. Chan (J.)
28. Lacson
29. Bautista (J. M. G.)
30. Tan (K. M. D.L.)
31. Dy (F.)
32. Marcos
33. Cari
34. Gonzales (A. M.)
35. Arenas
36. De Lima
37. Sakaluran
38. Escudero
39. Dimaguila
40. Cua
41. Flores
42. Vergara
43. Atayde
44. Matibag
45. Bernos (J.B.)
46. Pimentel
47. Fuentebella
48. Rodriguez (R.B.)
49. Ordanes
50. Poe
51. Aquino-Magsaysay
52. Bautista-Lim
53. Espares
54. Galang
55. Regencia
56. Adiong
57. Zamora (Y.M.)
58. Chua
59. Co-Pilar","Referral To The Committee On: RULES On 2026-05-26
Date Included In OB: 2026-05-26
Date Calendared: 2026-05-26","Committee Report No.: 00348
Submitted On: 2026-05-26
Submitted By: PUBLIC ORDER AND SAFETY, APPROPRIATIONS
Recommendations: Recommending its approval in substitution of House Bills Numbered 809, 2319, 5494, 7858, 7901, and 8276
Substituted Bills: HB00809, HB02319, HB05494, HB07858, HB07901, HB08276","Period Of Sponsorship: 2026-05-26
Sponsored By: Valeriano;Suansing (B. V. B.)
Period Of Individual Amendments: 2026-05-26
Amended By: Elago
Final List of Author
1. Valeriano
2. Suansing (B. V. B.)
3. Puno
4. Veloso-Tuazon
5. Lagbas
6. Tolentino
7. Oreta (A. A.)
8. Acop (P.C.)
9. Suansing (M. A. B.)
10. Yap (ERIC)
11. Ismula
12. Diokno
13. Cendaña
14. Bag-ao
15. Suan
16. Solon
17. Montes
18. Pleyto
19. Roman
20. Oaminal (H. F.)
21. Co (R. L. M.)
22. Elago
23. Chua-Tai
24. Emano
25. Oducado
26. Labadlabad
27. Chan (J.)
28. Lacson
29. Bautista (J. M. G.)
30. Tan (K. M. D.L.)
31. Dy (F.)
32. Marcos
33. Cari
34. Gonzales (A. M.)
35. Arenas
36. De Lima
37. Sakaluran
38. Escudero
39. Dimaguila
40. Cua
41. Flores
42. Vergara
43. Atayde
44. Matibag
45. Bernos (J.B.)
46. Pimentel
47. Fuentebella
48. Rodriguez (R.B.)
49. Ordanes
50. Poe
51. Aquino-Magsaysay
52. Bautista-Lim
53. Espares
54. Galang
55. Regencia
56. Adiong
57. Zamora (Y.M.)
58. Chua
59. Co-Pilar
Date Approved On Second Reading: 2026-05-26","Date Copy Distributed To Members: 2026-05-28
Date Approved By The House On Third Reading: 2026-06-02
Third Reading Title: AN ACT STRENGTHENING CHILD PROTECTION SAFEGUARDS, REGULATORY MEASURES, POLICIES AND ENFORCEMENT MECHANISMS AGAINST ONLINE SEXUAL ABUSE OR EXPLOITATION OF CHILDREN (OSAEC) AND CHILD SEXUAL ABUSE OR EXPLOITATION MATERIALS (CSAEM), REPEALING FOR THE PURPOSE REPUBLIC ACT NO. 11930, OTHERWISE KNOWN AS THE ""ANTI-ONLINE SEXUAL ABUSE OR EXPLOITATION OF CHILDREN (OSAEC) AND ANTI-CHILD SEXUAL ABUSE OR EXPLOITATION MATERIALS (CSAEM) ACT,"" PROVIDING PENALTIES FOR VIOLATIONS THEREOF AND APPROPRIATING FUNDS THEREFOR
House Votes: YEAS:284 NAYS:0 ABSTAIN:0
Date Transmitted To The Senate: 2026-06-08
Actions Taken By The Senate/House
Date Received By The Senate: 2026-06-08",""
"HB09466","Principal Authored Bills","AN ACT CONVERTING THE NATIONAL FEEDING PROGRAM INTO A NATIONAL NUTRITION PROGRAM BY EXPANDING ITS SCOPE AND COVERAGE AND ENHANCING ITS SUPPORT MECHANISMS, AND APPROPRIATING FUNDS THEREFOR, AMENDING FOR THE PURPOSE REPUBLIC ACT NO. 11037, OR THE “MASUSTANSYANG PAGKAIN PARA SA BATANG PILIPINO ACT""","2026-05-26","National","1. DY, FAUSTINO III G. 2. ROMULO, ROMAN T. 3. POE, BRIAN 4. SUANSING, BELLA VANESSA B. 5. SUANSING, MIKAELA ANGELA B. 6. GARIN, JANETTE L. 7. GONZALES, ROY M. 8. ATAYDE, JUAN CARLOS ""Arjo"" C. 9. PRIMICIAS-AGABAS, MARLYN L. 10. LAZATIN, CARMELO JR. G. 11. ROMUALDEZ, FERDINAND MARTIN G. 12. ROMUALDEZ, YEDDA MARIE K. 13. ROMUALDEZ, ANDREW JULIAN K. 14. ACIDRE, JUDE A. 15. CRUZ, AGATHA ""Agay"" 16. FRESNEDI, JAIME R. 17. RAMA, EDUARDO JR R. 18. VILLANUEVA, EDUARDO ""Bro. Eddie"" C. 19. AGARAO, BENJAMIN JR. C. 20. MERCADO-REVILLA, LANI 21. REVILLA, BRYAN B. 22. REVILLA, RAMON JOLO III B. 23. VARGAS, PATRICK MICHAEL D. 24. OLIVAREZ, ERIC L. 25. YAP, ERIC GO 26. LACSON, MA. NINA FRANCESCA P. 27. ARBISON, MUNIR JR. N. 28. SINGSON-MEEHAN, KRISTINE 29. ZUBIRI, AUDREY KAY T. 30. SALCEDA, ADRIAN E. 31. YAMSUAN, BRIAN RAYMUND S. 32. MASTURA, BAI DIMPLE I. 33. REGENCIA, CELSO G. 34. CENDAÑA, PERCIVAL ""Perci"" 35. DIOKNO, JOSE MANUEL TADEO ""Chel"" I. 36. ISMULA, DADAH KIRAM 37. BAG-AO, KAKA J. 38. YATCO, FLORABEL C. 39. GATCHALIAN, KENNETH T. 40. ROQUE, LAARNI LAVIN 41. CORVERA, DALE B. 42. PLEYTO, SALVADOR A. 43. SAGARBARRIA, MA. ISABEL L. 44. LORIA, CARLOS ANDES 45. ALANO,USTADZ YUSOP T. 46. VELOSO-TUAZON, ANNA VICTORIA 47. VERGARA, JULIUS CESAR ""Jay"" V. 48. LAGBAS, ATTY. JENNIFER ""Karen"" A. 49. RODRIGUEZ, EULOGIO ""Leo"" R. 50. DE LIMA, LEILA M. 51. ESCUDERO, MARIE BERNADETTE G. 52. TEVES, JOSE ""Bong"" JR. J. 53. GARCIA, ALBERT S. 54. FUENTEBELLA, ARNIE B. 55. TAN, KEITH MICAH ""Atty. Mike"" D.L. 56. LAGDAMEO, MONIQUE YAZMIN MARIA Q. 57. MOMO, ROMEO SR. S. 58. ALVAREZ, JOSE C. 59. RODRIGUEZ, RUFUS B. 60. TAN, JOSEPH S. 61. AMANTE, LORETO S. 62. GONZALES, ALEXANDRIA ""Queenie"" 63. ARROGANCIA, REYNANTE U. 64. ESPINA, GERARDO ""GERRYBOY"" JR. J. 65. GARCIA, DANTE S. 66. LOPEZ, MA. CRISTINA TALAVERA 67. AQUINO-MAGSAYSAY, MILAGROS 68. BAUTISTA-LIM, CLAUDINE DIANA D. 69. CALDERON, PATRICIA C. 70. CAYTON, TIMOTHY JOSEPH E. 71. CRUZ, RICARDO JR. S. 72. DALOG, MAXIMO JR. Y. 73. ESPARES, FELIMON M. 74. ORETA, ANTOLIN III A. 75. VALERIANO, ROLANDO M. 76. ROMAN, ANTONINO III B. 77. LEGACION, NELSON S. 78. TUAN, DIBU S. 79. BOLILIA, AMADO CARLOS IV A. 80. AYON, ARLYN P. 81. MONTES, IRIS MARIE DEMESA 82. SAN FERNANDO, ELIJAH RUMBAOA 83. CHAN, JAN ALMARIO 84. COJUANGCO, MARK O. 85. GALANG, GERALD CLOYD ALEXIS V. 86. MARQUEZ, JESUS ""Jess"" R. 87. VILLARICA, LINABELLE RUTH R.","2026-05-26","BASIC EDUCATION AND CULTURE","Approved by the House on 2026-06-03, transmitted to the Senate on 2026-06-08 and received by the Senate on 2026-06-08","https://docs.congress.hrep.online/legisdocs/basic_20/hb09466.pdf","https://www.congress.gov.ph/bill/history?billno=HB09466&congress=20","1. Garin (000 2026-06-01)
2. Primicias-Agabas (000 2026-06-01)
3. Dionisio (000 2026-06-01)
4. Gutierrez (000 2026-06-01)
5. Ortega (000 2026-06-01)
6. Khonghun (000 2026-06-01)
7. Adiong (000 2026-06-01)
8. Villanueva (000 2026-05-30)
9. Zamora (Y.M.) (000 2026-06-01)
10. Gonzales (A.) (000 2026-06-02)
11. Arenas (000 2026-06-02)
12. Frasco (000 2026-06-03)
13. Padiernos (000 2026-06-02)
14. Legacion (000 2026-06-03)
15. Diokno (000 2026-06-17)
16. Cagas (000 2026-06-23)
17. Villafuerte (V. R. L. R.) (000 2026-06-16)
18. Teodoro (000 2026-06-16)
19. Dimacuha (000 2026-08-04)
20. Olivarez (000 2026-08-05)
21. Gardiola (000 2026-09-08)
Author/s (Final/Third Reading)
1. Dy (F.)
2. Marcos
3. Romulo
4. Poe
5. Suansing (B. V. B.)
6. Suansing (M. A. B.)
7. Garin
8. Gonzales (R.)
9. Atayde
10. Primicias-Agabas
11. Lazatin
12. Romualdez (F.M.)
13. Romualdez (Y.M.)
14. Romualdez (A.J.)
15. Acidre
16. Cruz (A.)
17. Fresnedi
18. Rama
19. Villanueva
20. Agarao
21. Mercado-Revilla
22. Revilla ( B. B.)
23. Revilla (R. J.)
24. Vargas
25. Olivarez
26. Yap (ERIC)
27. Lacson
28. Arbison (M. N. JR.)
29. Singson-Meehan
30. Zubiri
31. Salceda
32. Yamsuan
33. Mastura
34. Regencia
35. Cendaña
36. Diokno
37. Ismula
38. Bag-ao
39. Yatco
40. Gatchalian
41. Roque
42. Corvera
43. Pleyto
44. Sagarbarria
45. Loria
46. Alano
47. Veloso-Tuazon
48. Vergara
49. Lagbas
50. Rodriguez ( E. R.)
51. De Lima
52. Escudero
53. Teves
54. Garcia (A.)
55. Fuentebella
56. Tan (K. M. D.L.)
57. Lagdameo (M. Y. M. Q.)
58. Momo
59. Alvarez (J.)
60. Rodriguez (R.B.)
61. Tan (J. S.)
62. Amante
63. Gonzales (A.)
64. Arrogancia
65. Espina
66. Garcia (D.)
67. Lopez
68. Aquino-Magsaysay
69. Bautista-Lim
70. Calderon
71. Cayton
72. Cruz (R. JR.)
73. Dalog
74. Espares
75. Oreta (A. A.)
76. Valeriano
77. Roman
78. Legacion
79. Tuan
80. Bolilia
81. Ayon
82. Montes
83. San Fernando
84. Chan (J.)
85. Cojuangco ( M. O.)
86. Galang
87. Marquez
88. Villarica
89. Yap (EDVIC)
90. Dimacuha
91. Recto (R. S.)
92. Guintu
93. Rivera
94. Angeles
95. Beltran
96. Cagas
97. Emano
98. Bulut-Begtang
99. Chua-Tai
100. Lagman
101. Vargas-Alfonso
102. Macasaet
103. Rodriguez (M. B.)
104. Ty
105. Legazpi
106. Albano
107. Alvarez (M.)
108. Salvacion
109. Daza
110. Ordanes
111. Maniquiz
112. Marañon
113. Singson ( R.)
114. Hofer-Hasim
115. Hernandez (D. L.)
116. Dimaporo ( S. A. Q.)
117. Javier
118. Matugas
119. Khonghun
120. Shimura
121. Cari
122. Kho (W. T.)
123. Bernos (C.)
124. Violago
125. Yap (A.)
126. Bondoc
127. Arbison (M. M.)
128. Lumayag
129. Erice
130. Suntay
131. Hernandez (R. L.)
132. Gato
133. Ko
134. Loyola
135. Tinio
136. Advincula
137. Kho (E. T.)
138. De Venecia
139. Horibata
140. Tan (R. M.T.)
141. Tan (S. J. T.)
142. Abalos
143. Santos (M.A.S.)
144. Veloso
145. Degamo
146. Puno
147. Romualdo
148. Domogan
149. Sakaluran
150. Zamora (Y.M.)
151. Arenas
152. Benitez (A.)
153. Bañas-Nograles","Referral To The Committee On: RULES On 2026-05-26
Date Included In OB: 2026-05-26
Date Calendared: 2026-05-26","Committee Report No.: 00353
Submitted On: 2026-05-26
Submitted By: BASIC EDUCATION AND CULTURE, APPROPRIATIONS
Recommendations: Recommending its approval in substitution of House Bills Numbered 1193, 2191, 2325, 2425, 2487, 3157, 3202, 3551, 4173, 4929, 5046, 5236, 5248, 5433, 5562, 5641, 5681, 5689, 5718, 5800, 5838, 5881, 5989, 5991, 5992, 6089, 6240, 6311, 6419, 6671, 7940, 8051, 8131
Substituted Bills: HB01193, HB02191, HB02325, HB02425, HB02487, HB03157, HB03202, HB03551, HB04173, HB04929, HB05046, HB05236, HB05248, HB05433, HB05562, HB05641, HB05681, HB05689, HB05718, HB05800, HB05838, HB05881, HB05989, HB05991, HB05992, HB06089, HB06240, HB06311, HB06419, HB06671, HB07940, HB08051, HB08131","Period Of Sponsorship: 2026-05-26
Sponsored By: Romulo
Final List of Author
1. Dy (F.)
2. Marcos
3. Romulo
4. Poe
5. Suansing (B. V. B.)
6. Suansing (M. A. B.)
7. Garin
8. Gonzales (R.)
9. Atayde
10. Primicias-Agabas
11. Lazatin
12. Romualdez (F.M.)
13. Romualdez (Y.M.)
14. Romualdez (A.J.)
15. Acidre
16. Cruz (A.)
17. Fresnedi
18. Rama
19. Villanueva
20. Agarao
21. Mercado-Revilla
22. Revilla ( B. B.)
23. Revilla (R. J.)
24. Vargas
25. Olivarez
26. Yap (ERIC)
27. Lacson
28. Arbison (M. N. JR.)
29. Singson-Meehan
30. Zubiri
31. Salceda
32. Yamsuan
33. Mastura
34. Regencia
35. Cendaña
36. Diokno
37. Ismula
38. Bag-ao
39. Yatco
40. Gatchalian
41. Roque
42. Corvera
43. Pleyto
44. Sagarbarria
45. Loria
46. Alano
47. Veloso-Tuazon
48. Vergara
49. Lagbas
50. Rodriguez ( E. R.)
51. De Lima
52. Escudero
53. Teves
54. Garcia (A.)
55. Fuentebella
56. Tan (K. M. D.L.)
57. Lagdameo (M. Y. M. Q.)
58. Momo
59. Alvarez (J.)
60. Rodriguez (R.B.)
61. Tan (J. S.)
62. Amante
63. Gonzales (A.)
64. Arrogancia
65. Espina
66. Garcia (D.)
67. Lopez
68. Aquino-Magsaysay
69. Bautista-Lim
70. Calderon
71. Cayton
72. Cruz (R. JR.)
73. Dalog
74. Espares
75. Oreta (A. A.)
76. Valeriano
77. Roman
78. Legacion
79. Tuan
80. Bolilia
81. Ayon
82. Montes
83. San Fernando
84. Chan (J.)
85. Cojuangco ( M. O.)
86. Galang
87. Marquez
88. Villarica
89. Yap (EDVIC)
90. Dimacuha
91. Recto (R. S.)
92. Guintu
93. Rivera
94. Angeles
95. Beltran
96. Cagas
97. Emano
98. Bulut-Begtang
99. Chua-Tai
100. Lagman
101. Vargas-Alfonso
102. Macasaet
103. Rodriguez (M. B.)
104. Ty
105. Legazpi
106. Albano
107. Alvarez (M.)
108. Salvacion
109. Daza
110. Ordanes
111. Maniquiz
112. Marañon
113. Singson ( R.)
114. Hofer-Hasim
115. Hernandez (D. L.)
116. Dimaporo ( S. A. Q.)
117. Javier
118. Matugas
119. Khonghun
120. Shimura
121. Cari
122. Kho (W. T.)
123. Bernos (C.)
124. Violago
125. Yap (A.)
126. Bondoc
127. Arbison (M. M.)
128. Lumayag
129. Erice
130. Suntay
131. Hernandez (R. L.)
132. Gato
133. Ko
134. Loyola
135. Tinio
136. Advincula
137. Kho (E. T.)
138. De Venecia
139. Horibata
140. Tan (R. M.T.)
141. Tan (S. J. T.)
142. Abalos
143. Santos (M.A.S.)
144. Veloso
145. Degamo
146. Puno
147. Romualdo
148. Domogan
149. Sakaluran
150. Zamora (Y.M.)
151. Arenas
152. Benitez (A.)
153. Bañas-Nograles
Date Approved On Second Reading: 2026-05-26","Date Copy Distributed To Members: 2026-05-28
Date Approved By The House On Third Reading: 2026-06-03
Third Reading Title: AN ACT CONVERTING THE NATIONAL FEEDING PROGRAM INTO A NATIONAL NUTRITION PROGRAM BY EXPANDING ITS SCOPE AND COVERAGE AND ENHANCING ITS SUPPORT MECHANISMS, AND APPROPRIATING FUNDS THEREFOR, AMENDING FOR THE PURPOSE REPUBLIC ACT NO. 11037, OR THE ""MASUSTANSYANG PAGKAIN PARA SA BATANG PILIPINO ACT""
House Votes: YEAS:297 NAYS:0 ABSTAIN:0
Date Transmitted To The Senate: 2026-06-08
Actions Taken By The Senate/House
Date Received By The Senate: 2026-06-08",""
"HB09532","Principal Authored Bills","AN ACT PROVIDING UNIVERSAL ACCESS TO DIGITAL ACADEMIC TEXTBOOKS, LEARNING MATERIALS, AND WIRELESS FIDELITY FOR STUDENTS IN PUBLIC AND PRIVATE HIGHER EDUCATION INSTITUTIONS THROUGH THE ESTABLISHMENT OF A NATIONAL ACADEMIC CONTENT REPOSITORY","2026-06-01","National","1. ROMUALDEZ, FERDINAND MARTIN G. 2. ROMUALDEZ, YEDDA MARIE K. 3. ROMUALDEZ, ANDREW JULIAN K. 4. ACIDRE, JUDE A. 5. TINIO, ANTONIO L. 6. SAN FERNANDO, ELIJAH RUMBAOA 7. CALDERON, PATRICIA C. 8. SALI, DIMSZAR M. 9. ORETA, ANTOLIN III A. 10. FRESNEDI, JAIME R. 11. UY, DE CARLO L. 12. BAUTISTA, JOHANNE MONICH G. 13. DIOKNO, JOSE MANUEL TADEO ""Chel"" I. 14. SALVADOR, MARIO ""Kokoy"" O. 15. DIMAGUILA, WALFREDO ""ARMAN"" R. JR. 16. GATCHALIAN, KENNETH T. 17. LAGBAS, ATTY. JENNIFER ""Karen"" A. 18. KHO, WILTON ""Tonton"" T. 19. LOPEZ, MA. CRISTINA TALAVERA 20. YAP, CHRISTOPHERSON ""Coco"" M. 21. BONDOC, ANNA YORK P. MD 22. ESPARES, FELIMON M. 23. YATCO, FLORABEL C. 24. COLLANTES, KING 25. LARA, JOSEPH ""Jojo"" L. 26. CHUA-TAI, KATRINA REIKO 27. CARI, CARL NICOLAS C. 28. YNARES, REBECCA MARIA ALCANTARA 29. CRUZADO, EDWIN L.,MD. 30. ROMULO, ROMAN T. 31. GALEOS, EDSEL A. 32. CO-PILAR, MA. VICTORIA","2026-06-01","HIGHER AND TECHNICAL EDUCATION","Approved by the House on 2026-08-12, transmitted to the Senate on 2026-08-13 and received by the Senate on 2026-08-13","https://docs.congress.hrep.online/legisdocs/basic_20/hb09532.pdf","https://www.congress.gov.ph/bill/history?billno=HB09532&congress=20","1. Salceda (000 2026-06-15)
2. De Lima (000 2026-07-28)
3. Bautista-Lim (000 2026-07-30)
4. Yamsuan (000 2026-08-11)
5. Poe (000 2026-08-11)
6. Emano (000 2026-08-11)
7. Primicias-Agabas (000 2026-08-12)
8. Dionisio (000 2026-08-12)
9. Gutierrez (000 2026-08-12)
10. Ortega (000 2026-08-12)
11. Khonghun (000 2026-08-12)
12. Adiong (000 2026-08-12)
13. Cayton (000 2026-09-14)
Author/s (Final/Third Reading)
1. Romualdez (F.M.)
2. Romualdez (Y.M.)
3. Romualdez (A.J.)
4. Acidre
5. Dy (F.)
6. Marcos
7. Tinio
8. San Fernando
9. Calderon
10. Sali
11. Oreta (A. A.)
12. Fresnedi
13. Uy, (D. C. L.)
14. Bautista (J. M. G.)
15. Diokno
16. Salvador
17. Dimaguila
18. Gatchalian
19. Lagbas
20. Kho (W. T.)
21. Lopez
22. Yap (C.)
23. Bondoc
24. Espares
25. Yatco
26. Collantes
27. Lara
28. Chua-Tai
29. Cari
30. Ynares
31. Cruzado
32. Romulo
33. Galeos
34. Co-Pilar
35. Salceda
36. De Lima
37. Bautista-Lim","Referral To The Committee On: RULES On 2026-06-01
Date Included In OB: 2026-06-01
Date Calendared: 2026-06-02","Committee Report No.: 00390
Submitted On: 2026-06-01
Submitted By: HIGHER AND TECHNICAL EDUCATION
Recommendations: Recommending its approval in substitution of House Bill No. 4930
Substituted Bills: HB04930","Period Of Sponsorship: 2026-08-05
Sponsored By: Acidre
Final List of Author
1. Romualdez (F.M.)
2. Romualdez (Y.M.)
3. Romualdez (A.J.)
4. Acidre
5. Dy (F.)
6. Marcos
7. Tinio
8. San Fernando
9. Calderon
10. Sali
11. Oreta (A. A.)
12. Fresnedi
13. Uy, (D. C. L.)
14. Bautista (J. M. G.)
15. Diokno
16. Salvador
17. Dimaguila
18. Gatchalian
19. Lagbas
20. Kho (W. T.)
21. Lopez
22. Yap (C.)
23. Bondoc
24. Espares
25. Yatco
26. Collantes
27. Lara
28. Chua-Tai
29. Cari
30. Ynares
31. Cruzado
32. Romulo
33. Galeos
34. Co-Pilar
35. Salceda
36. De Lima
37. Bautista-Lim
Date Approved On Second Reading: 2026-08-05","Date Copy Distributed To Members: 2026-08-06
Date Approved By The House On Third Reading: 2026-08-12
Third Reading Title: AN ACT PROVIDING UNIVERSAL ACCESS TO DIGITAL ACADEMIC TEXTBOOKS, LEARNING MATERIALS, AND WIRELESS FIDELITY FOR STUDENTS IN PUBLIC AND PRIVATE HIGHER EDUCATION INSTITUTIONS THROUGH THE ESTABLISHMENT OF A NATIONAL ACADEMIC CONTENT REPOSITORY
House Votes: YEAS:202 NAYS:0 ABSTAIN:0
Date Transmitted To The Senate: 2026-08-13
Actions Taken By The Senate/House
Date Received By The Senate: 2026-08-13",""
"HB09687","Principal Authored Bills","AN ACT ESTABLISHING A REGULAR CAMPUS OF THE WESTERN PHILIPPINES UNIVERSITY IN THE MUNICIPALITY OF ROXAS, PROVINCE OF PALAWAN, TO BE KNOWN AS THE “WESTERN PHILIPPINES UNIVERSITY-ROXAS CAMPUS”, AND APPROPRIATING FUNDS THEREFOR","2026-06-02","Local","1. SALVAME, ROSALIE A. 2. ACIDRE, JUDE A. 3. CALDERON, PATRICIA C. 4. TINIO, ANTONIO L. 5. SAN FERNANDO, ELIJAH RUMBAOA 6. SALI, DIMSZAR M. 7. ORETA, ANTOLIN III A. 8. FRESNEDI, JAIME R. 9. DIOKNO, JOSE MANUEL TADEO ""Chel"" I. 10. SALVADOR, MARIO ""Kokoy"" O. 11. UY, DE CARLO L. 12. DIMAGUILA, WALFREDO ""ARMAN"" R. JR. 13. GATCHALIAN, KENNETH T. 14. LAGBAS, ATTY. JENNIFER ""Karen"" A. 15. KHO, WILTON ""Tonton"" T. 16. BONDOC, ANNA YORK P. MD 17. LOPEZ, MA. CRISTINA TALAVERA 18. YAP, CHRISTOPHERSON ""Coco"" M. 19. BAUTISTA, JOHANNE MONICH G. 20. ROMULO, ROMAN T. 21. YATCO, FLORABEL C. 22. COLLANTES, KING 23. LARA, JOSEPH ""Jojo"" L. 24. ESPARES, FELIMON M. 25. CHUA-TAI, KATRINA REIKO 26. CARI, CARL NICOLAS C. 27. YNARES, REBECCA MARIA ALCANTARA 28. CRUZADO, EDWIN L.,MD. 29. SUANSING, MIKAELA ANGELA B.","2026-06-03","HIGHER AND TECHNICAL EDUCATION","Approved by the House on 2026-08-04, transmitted to the Senate on 2026-08-11 and received by the Senate on 2026-08-11","https://docs.congress.hrep.online/legisdocs/basic_20/hb09687.pdf","https://www.congress.gov.ph/bill/history?billno=HB09687&congress=20","1. Bautista-Lim (000 2026-07-30)
2. Montes (000 2026-08-11)
Author/s (Final/Third Reading)
1. Salvame
2. Acidre
3. Calderon
4. Tinio
5. San Fernando
6. Sali
7. Oreta (A. A.)
8. Fresnedi
9. Diokno
10. Salvador
11. Uy, (D. C. L.)
12. Dimaguila
13. Gatchalian
14. Lagbas
15. Kho (W. T.)
16. Bondoc
17. Lopez
18. Yap (C.)
19. Bautista (J. M. G.)
20. Romulo
21. Yatco
22. Collantes
23. Lara
24. Espares
25. Chua-Tai
26. Cari
27. Ynares
28. Cruzado
29. Suansing (M. A. B.)","Referral To The Committee On: RULES On 2026-06-03
Date Included In OB: 2026-06-03
Business For Thu/Fri On: 2026-07-28","Committee Report No.: 00437
Submitted On: 2026-06-02
Submitted By: HIGHER AND TECHNICAL EDUCATION, APPROPRIATIONS
Recommendations: Recommending its approval in substitution of House Bill No. 5398
Substituted Bills: HB05398","Period Of Sponsorship: 2026-07-29
Sponsored By: Salvame
Final List of Author
1. Salvame
2. Acidre
3. Calderon
4. Tinio
5. San Fernando
6. Sali
7. Oreta (A. A.)
8. Fresnedi
9. Diokno
10. Salvador
11. Uy, (D. C. L.)
12. Dimaguila
13. Gatchalian
14. Lagbas
15. Kho (W. T.)
16. Bondoc
17. Lopez
18. Yap (C.)
19. Bautista (J. M. G.)
20. Romulo
21. Yatco
22. Collantes
23. Lara
24. Espares
25. Chua-Tai
26. Cari
27. Ynares
28. Cruzado
29. Suansing (M. A. B.)
Date Approved On Second Reading: 2026-07-29","Date Copy Distributed To Members: 2026-07-30
Date Approved By The House On Third Reading: 2026-08-04
Third Reading Title: AN ACT ESTABLISHING A REGULAR CAMPUS OF THE WESTERN PHILIPPINES UNIVERSITY IN THE MUNICIPALITY OF ROXAS, PROVINCE OF PALAWAN, TO BE KNOWN AS THE “ WESTERN PHILIPPINES UNIVERSITY-ROXAS CAMPUS ”, AND APPROPRIATING FUNDS THEREFOR
House Votes: YEAS:191 NAYS:0 ABSTAIN:0
Date Transmitted To The Senate: 2026-08-11
Actions Taken By The Senate/House
Date Received By The Senate: 2026-08-11",""
"HB09689","Principal Authored Bills","AN ACT ESTABLISHING A REGULAR CAMPUS OF THE SOUTHERN LEYTE STATE UNIVERSITY IN THE MUNICIPALITY OF LILOAN, PROVINCE OF SOUTHERN LEYTE, TO BE KNOWN AS THE “SOUTHERN LEYTE STATE UNIVERSITY- LILOAN CAMPUS”, AND APPROPRIATING FUNDS THEREFOR","2026-06-02","Local","1. YAP, CHRISTOPHERSON ""Coco"" M. 2. ACIDRE, JUDE A. 3. CALDERON, PATRICIA C. 4. TINIO, ANTONIO L. 5. SAN FERNANDO, ELIJAH RUMBAOA 6. SALI, DIMSZAR M. 7. ORETA, ANTOLIN III A. 8. FRESNEDI, JAIME R. 9. DIOKNO, JOSE MANUEL TADEO ""Chel"" I. 10. SALVADOR, MARIO ""Kokoy"" O. 11. UY, DE CARLO L. 12. DIMAGUILA, WALFREDO ""ARMAN"" R. JR. 13. GATCHALIAN, KENNETH T. 14. LAGBAS, ATTY. JENNIFER ""Karen"" A. 15. KHO, WILTON ""Tonton"" T. 16. BONDOC, ANNA YORK P. MD 17. LOPEZ, MA. CRISTINA TALAVERA 18. BAUTISTA, JOHANNE MONICH G. 19. ROMULO, ROMAN T. 20. YATCO, FLORABEL C. 21. COLLANTES, KING 22. LARA, JOSEPH ""Jojo"" L. 23. ESPARES, FELIMON M. 24. CHUA-TAI, KATRINA REIKO 25. CARI, CARL NICOLAS C. 26. YNARES, REBECCA MARIA ALCANTARA 27. CRUZADO, EDWIN L.,MD. 28. SUANSING, MIKAELA ANGELA B.","2026-06-03","HIGHER AND TECHNICAL EDUCATION","Approved by the House on 2026-08-04, transmitted to the Senate on 2026-08-11 and received by the Senate on 2026-08-11","https://docs.congress.hrep.online/legisdocs/basic_20/hb09689.pdf","https://www.congress.gov.ph/bill/history?billno=HB09689&congress=20","1. Bautista-Lim (000 2026-07-30)
2. Montes (000 2026-08-11)
Author/s (Final/Third Reading)
1. Yap (C.)
2. Acidre
3. Calderon
4. Tinio
5. San Fernando
6. Sali
7. Oreta (A. A.)
8. Fresnedi
9. Diokno
10. Salvador
11. Uy, (D. C. L.)
12. Dimaguila
13. Gatchalian
14. Lagbas
15. Kho (W. T.)
16. Bondoc
17. Lopez
18. Bautista (J. M. G.)
19. Romulo
20. Yatco
21. Collantes
22. Lara
23. Espares
24. Chua-Tai
25. Cari
26. Ynares
27. Cruzado
28. Suansing (M. A. B.)","Referral To The Committee On: RULES On 2026-06-03
Date Included In OB: 2026-06-03
Business For Thu/Fri On: 2026-07-28","Committee Report No.: 00438
Submitted On: 2026-06-02
Submitted By: HIGHER AND TECHNICAL EDUCATION, APPROPRIATIONS
Recommendations: Recommending its approval in substitution of House Bill No. 2136
Substituted Bills: HB02136","Period Of Sponsorship: 2026-07-29
Sponsored By: Yap (C.)
Final List of Author
1. Yap (C.)
2. Acidre
3. Calderon
4. Tinio
5. San Fernando
6. Sali
7. Oreta (A. A.)
8. Fresnedi
9. Diokno
10. Salvador
11. Uy, (D. C. L.)
12. Dimaguila
13. Gatchalian
14. Lagbas
15. Kho (W. T.)
16. Bondoc
17. Lopez
18. Bautista (J. M. G.)
19. Romulo
20. Yatco
21. Collantes
22. Lara
23. Espares
24. Chua-Tai
25. Cari
26. Ynares
27. Cruzado
28. Suansing (M. A. B.)
Date Approved On Second Reading: 2026-07-29","Date Copy Distributed To Members: 2026-07-30
Date Approved By The House On Third Reading: 2026-08-04
Third Reading Title: AN ACT ESTABLISHING A REGULAR CAMPUS OF THE SOUTHERN LEYTE STATE UNIVERSITY IN THE MUNICIPALITY OF LILOAN, PROVINCE OF SOUTHERN LEYTE, TO BE KNOWN AS THE “ SOUTHERN LEYTE STATE UNIVERSITY-LILOAN CAMPUS ”, AND APPROPRIATING FUNDS THEREFOR
House Votes: YEAS:191 NAYS:0 ABSTAIN:0
Date Transmitted To The Senate: 2026-08-11
Actions Taken By The Senate/House
Date Received By The Senate: 2026-08-11",""
"HB09690","Principal Authored Bills","AN ACT ESTABLISHING A REGULAR CAMPUS OF THE UNIVERSITY OF EASTERN PHILIPPINES IN THE MUNICIPALITY OF SAN ANTONIO, PROVINCE OF NORTHERN SAMAR, TO BE KNOWN AS THE “UNIVERSITY OF EASTERN PHILIPPINES-SAN ANTONIO CAMPUS”, AND APPROPRIATING FUNDS THEREFOR","2026-06-02","Local","1. DAZA, NIKO RAUL S.J. 2. ACIDRE, JUDE A. 3. CALDERON, PATRICIA C. 4. TINIO, ANTONIO L. 5. SAN FERNANDO, ELIJAH RUMBAOA 6. SALI, DIMSZAR M. 7. ORETA, ANTOLIN III A. 8. FRESNEDI, JAIME R. 9. DIOKNO, JOSE MANUEL TADEO ""Chel"" I. 10. SALVADOR, MARIO ""Kokoy"" O. 11. UY, DE CARLO L. 12. DIMAGUILA, WALFREDO ""ARMAN"" R. JR. 13. GATCHALIAN, KENNETH T. 14. LAGBAS, ATTY. JENNIFER ""Karen"" A. 15. KHO, WILTON ""Tonton"" T. 16. BONDOC, ANNA YORK P. MD 17. LOPEZ, MA. CRISTINA TALAVERA 18. YAP, CHRISTOPHERSON ""Coco"" M. 19. BAUTISTA, JOHANNE MONICH G. 20. ROMULO, ROMAN T. 21. YATCO, FLORABEL C. 22. COLLANTES, KING 23. LARA, JOSEPH ""Jojo"" L. 24. ESPARES, FELIMON M. 25. CHUA-TAI, KATRINA REIKO 26. CARI, CARL NICOLAS C. 27. YNARES, REBECCA MARIA ALCANTARA 28. CRUZADO, EDWIN L.,MD. 29. SUANSING, MIKAELA ANGELA B.","2026-06-03","HIGHER AND TECHNICAL EDUCATION","Approved by the House on 2026-08-04, transmitted to the Senate on 2026-08-11 and received by the Senate on 2026-08-11","https://docs.congress.hrep.online/legisdocs/basic_20/hb09690.pdf","https://www.congress.gov.ph/bill/history?billno=HB09690&congress=20","1. Bautista-Lim (000 2026-07-30)
2. Montes (000 2026-08-11)
3. Poe (000 2026-08-11)
Author/s (Final/Third Reading)
1. Daza
2. Acidre
3. Calderon
4. Tinio
5. San Fernando
6. Sali
7. Oreta (A. A.)
8. Fresnedi
9. Diokno
10. Salvador
11. Uy, (D. C. L.)
12. Dimaguila
13. Gatchalian
14. Lagbas
15. Kho (W. T.)
16. Bondoc
17. Lopez
18. Yap (C.)
19. Bautista (J. M. G.)
20. Romulo
21. Yatco
22. Collantes
23. Lara
24. Espares
25. Chua-Tai
26. Cari
27. Ynares
28. Cruzado
29. Suansing (M. A. B.)","Referral To The Committee On: RULES On 2026-06-03
Date Included In OB: 2026-06-03
Business For Thu/Fri On: 2026-07-28","Committee Report No.: 00439
Submitted On: 2026-06-02
Submitted By: HIGHER AND TECHNICAL EDUCATION, APPROPRIATIONS
Recommendations: Recommending its approval in substitution of House Bill No. 3030
Substituted Bills: HB03030","Period Of Sponsorship: 2026-07-29
Sponsored By: Daza
Final List of Author
1. Daza
2. Acidre
3. Calderon
4. Tinio
5. San Fernando
6. Sali
7. Oreta (A. A.)
8. Fresnedi
9. Diokno
10. Salvador
11. Uy, (D. C. L.)
12. Dimaguila
13. Gatchalian
14. Lagbas
15. Kho (W. T.)
16. Bondoc
17. Lopez
18. Yap (C.)
19. Bautista (J. M. G.)
20. Romulo
21. Yatco
22. Collantes
23. Lara
24. Espares
25. Chua-Tai
26. Cari
27. Ynares
28. Cruzado
29. Suansing (M. A. B.)
Date Approved On Second Reading: 2026-07-29","Date Copy Distributed To Members: 2026-07-30
Date Approved By The House On Third Reading: 2026-08-04
Third Reading Title: AN ACT ESTABLISHING A REGULAR CAMPUS OF THE UNIVERSITY OF EASTERN PHILIPPINES IN THE MUNICIPALITY OF SAN ANTONIO, PROVINCE OF NORTHERN SAMAR, TO BE KNOWN AS THE “ UNIVERSITY OF EASTERN PHILIPPINES-SAN ANTONIO CAMPUS ”, AND APPROPRIATING FUNDS THEREFOR
House Votes: YEAS:191 NAYS:0 ABSTAIN:0
Date Transmitted To The Senate: 2026-08-11
Actions Taken By The Senate/House
Date Received By The Senate: 2026-08-11",""
"HB09706","Principal Authored Bills","AN ACT ESTABLISHING A REGULAR CAMPUS OF THE PAMPANGA STATE UNIVERSITY IN THE MUNICIPALITY OF MACABEBE, PROVINCE OF PAMPANGA, TO BE KNOWN AS THE “PAMPANGA STATE UNIVERSITY- MACABEBE CAMPUS”, AND APPROPRIATING FUNDS THEREFOR","2026-06-03","Local","1. BONDOC, ANNA YORK P. MD 2. ACIDRE, JUDE A. 3. SALI, DIMSZAR M. 4. CALDERON, PATRICIA C. 5. TINIO, ANTONIO L. 6. SAN FERNANDO, ELIJAH RUMBAOA 7. ORETA, ANTOLIN III A. 8. FRESNEDI, JAIME R. 9. DIOKNO, JOSE MANUEL TADEO ""Chel"" I. 10. SALVADOR, MARIO ""Kokoy"" O. 11. UY, DE CARLO L. 12. DIMAGUILA, WALFREDO ""ARMAN"" R. JR. 13. GATCHALIAN, KENNETH T. 14. LAGBAS, ATTY. JENNIFER ""Karen"" A. 15. KHO, WILTON ""Tonton"" T. 16. LOPEZ, MA. CRISTINA TALAVERA 17. YAP, CHRISTOPHERSON ""Coco"" M. 18. BAUTISTA, JOHANNE MONICH G. 19. ROMULO, ROMAN T. 20. YATCO, FLORABEL C. 21. COLLANTES, KING 22. LARA, JOSEPH ""Jojo"" L. 23. ESPARES, FELIMON M. 24. CHUA-TAI, KATRINA REIKO 25. CARI, CARL NICOLAS C. 26. YNARES, REBECCA MARIA ALCANTARA 27. CRUZADO, EDWIN L.,MD. 28. SUANSING, MIKAELA ANGELA B.","2026-06-03","HIGHER AND TECHNICAL EDUCATION","Approved by the House on 2026-08-04, transmitted to the Senate on 2026-08-11 and received by the Senate on 2026-08-11","https://docs.congress.hrep.online/legisdocs/basic_20/hb09706.pdf","https://www.congress.gov.ph/bill/history?billno=HB09706&congress=20","1. Bautista-Lim (000 2026-07-30)
Author/s (Final/Third Reading)
1. Bondoc
2. Acidre
3. Sali
4. Calderon
5. Tinio
6. San Fernando
7. Oreta (A. A.)
8. Fresnedi
9. Diokno
10. Salvador
11. Uy, (D. C. L.)
12. Dimaguila
13. Gatchalian
14. Lagbas
15. Kho (W. T.)
16. Lopez
17. Yap (C.)
18. Bautista (J. M. G.)
19. Romulo
20. Yatco
21. Collantes
22. Lara
23. Espares
24. Chua-Tai
25. Cari
26. Ynares
27. Cruzado
28. Suansing (M. A. B.)","Referral To The Committee On: RULES On 2026-06-03
Date Included In OB: 2026-06-03
Business For Thu/Fri On: 2026-07-28","Committee Report No.: 00445
Submitted On: 2026-06-03
Submitted By: HIGHER AND TECHNICAL EDUCATION, APPROPRIATIONS
Recommendations: Recommending its approval in substitution of House Bill No. 1831
Substituted Bills: HB01831","Period Of Sponsorship: 2026-07-29
Sponsored By: Bondoc
Final List of Author
1. Bondoc
2. Acidre
3. Sali
4. Calderon
5. Tinio
6. San Fernando
7. Oreta (A. A.)
8. Fresnedi
9. Diokno
10. Salvador
11. Uy, (D. C. L.)
12. Dimaguila
13. Gatchalian
14. Lagbas
15. Kho (W. T.)
16. Lopez
17. Yap (C.)
18. Bautista (J. M. G.)
19. Romulo
20. Yatco
21. Collantes
22. Lara
23. Espares
24. Chua-Tai
25. Cari
26. Ynares
27. Cruzado
28. Suansing (M. A. B.)
Date Approved On Second Reading: 2026-07-29","Date Copy Distributed To Members: 2026-07-30
Date Approved By The House On Third Reading: 2026-08-04
Third Reading Title: AN ACT ESTABLISHING A REGULAR CAMPUS OF THE PAMPANGA STATE UNIVERSITY IN THE MUNICIPALITY OF MACABEBE, PROVINCE OF PAMPANGA, TO BE KNOWN AS THE “ PAMPANGA STATE UNIVERSITY-MACABEBE CAMPUS ”, AND APPROPRIATING FUNDS THEREFOR
House Votes: YEAS:191 NAYS:0 ABSTAIN:0
Date Transmitted To The Senate: 2026-08-11
Actions Taken By The Senate/House
Date Received By The Senate: 2026-08-11",""
"HB09797","Principal Authored Bills","AN ACT ESTABLISHING A REGULAR CAMPUS OF THE UNIVERSITY OF SOUTHERN MINDANAO IN THE MUNICIPALITY OF PIGCAWAYAN, PROVINCE OF COTABATO, TO BE KNOWN AS THE “UNIVERSITY OF SOUTHERN MINDANAO-PIGCAWAYAN CAMPUS”, AND APPROPRIATING FUNDS THEREFOR","2026-06-04","Local","1. CRUZADO, EDWIN L.,MD. 2. ACIDRE, JUDE A. 3. CALDERON, PATRICIA C. 4. TINIO, ANTONIO L. 5. SAN FERNANDO, ELIJAH RUMBAOA 6. SALI, DIMSZAR M. 7. ORETA, ANTOLIN III A. 8. FRESNEDI, JAIME R. 9. DIOKNO, JOSE MANUEL TADEO ""Chel"" I. 10. SALVADOR, MARIO ""Kokoy"" O. 11. UY, DE CARLO L. 12. DIMAGUILA, WALFREDO ""ARMAN"" R. JR. 13. GATCHALIAN, KENNETH T. 14. LAGBAS, ATTY. JENNIFER ""Karen"" A. 15. KHO, WILTON ""Tonton"" T. 16. BONDOC, ANNA YORK P. MD 17. LOPEZ, MA. CRISTINA TALAVERA 18. YAP, CHRISTOPHERSON ""Coco"" M. 19. BAUTISTA, JOHANNE MONICH G. 20. ROMULO, ROMAN T. 21. YATCO, FLORABEL C. 22. COLLANTES, KING 23. LARA, JOSEPH ""Jojo"" L. 24. ESPARES, FELIMON M. 25. CHUA-TAI, KATRINA REIKO 26. CARI, CARL NICOLAS C. 27. YNARES, REBECCA MARIA ALCANTARA 28. SUANSING, MIKAELA ANGELA B.","2026-07-28","HIGHER AND TECHNICAL EDUCATION","Approved by the House on 2026-08-12, transmitted to the Senate on 2026-08-13 and received by the Senate on 2026-08-13","https://docs.congress.hrep.online/legisdocs/basic_20/hb09797.pdf","https://www.congress.gov.ph/bill/history?billno=HB09797&congress=20","","Referral To The Committee On: RULES On 2026-07-28
Date Included In OB: 2026-07-28
Business For Thu/Fri On: 2026-08-05","Committee Report No.: 00448
Submitted On: 2026-06-04
Submitted By: HIGHER AND TECHNICAL EDUCATION, APPROPRIATIONS
Recommendations: Recommending its approval in substitution of House Bill No. 2493
Substituted Bills: HB02493","Period Of Sponsorship: 2026-08-05
Sponsored By: Cruzado
Final List of Author
1. Cruzado
2. Acidre
3. Calderon
4. Tinio
5. San Fernando
6. Sali
7. Oreta (A. A.)
8. Fresnedi
9. Diokno
10. Salvador
11. Uy, (D. C. L.)
12. Dimaguila
13. Gatchalian
14. Lagbas
15. Kho (W. T.)
16. Bondoc
17. Lopez
18. Yap (C.)
19. Bautista (J. M. G.)
20. Romulo
21. Yatco
22. Collantes
23. Lara
24. Espares
25. Chua-Tai
26. Cari
27. Ynares
28. Suansing (M. A. B.)
Date Approved On Second Reading: 2026-08-05","Date Copy Distributed To Members: 2026-08-06
Date Approved By The House On Third Reading: 2026-08-12
Third Reading Title: AN ACT ESTABLISHING A REGULAR CAMPUS OF THE UNIVERSITY OF SOUTHERN MINDANAO IN THE MUNICIPALITY OF PIGCAWAYAN, PROVINCE OF COTABATO, TO BE KNOWN AS THE ""UNIVERSITY OF SOUTHERN MINDANAO-PIGCAWAYAN CAMPUS"", AND APPROPRIATING FUNDS THEREFOR
House Votes: YEAS:193 NAYS:0 ABSTAIN:0
Date Transmitted To The Senate: 2026-08-13
Actions Taken By The Senate/House
Date Received By The Senate: 2026-08-13",""
"HB09812","Principal Authored Bills","AN ACT PRESCRIBING THE MANDATORY GUIDELINES FOR THE ESTABLISHMENT, OPERATION, AND GOVERNANCE OF LOCAL UNIVERSITIES AND COLLEGES","2026-06-08","National","1. ACIDRE, JUDE A. 2. ORETA, ANTOLIN III A. 3. RODRIGUEZ, RUFUS B. 4. RODRIGUEZ, MAXIMO JR. B. 5. TEODORO, MARCELINO ""Marcy"" R. 6. VILLAFUERTE, MIGUEL LUIS R. 7. VILLAFUERTE, VINCENZO RENATO LUIGI R. 8. HORIBATA, TSUYOSHI ANTHONY ""Hori"" G. 9. RIDON, TERRY L. 10. ADIONG,ZIAUR-RAHMAN ""Zia"" ALONTO 11. PRIMICIAS-AGABAS, MARLYN L. 12. SINGSON-MEEHAN, KRISTINE 13. ROMUALDEZ, FERDINAND MARTIN G. 14. ROMUALDEZ, YEDDA MARIE K. 15. ROMUALDEZ, ANDREW JULIAN K. 16. FRESNEDI, JAIME R. 17. ROMULO, ROMAN T. 18. TINIO, ANTONIO L. 19. SAN FERNANDO, ELIJAH RUMBAOA 20. CALDERON, PATRICIA C. 21. SALI, DIMSZAR M. 22. UY, DE CARLO L. 23. BAUTISTA, JOHANNE MONICH G. 24. SALVADOR, MARIO ""Kokoy"" O. 25. DIMAGUILA, WALFREDO ""ARMAN"" R. JR. 26. GATCHALIAN, KENNETH T. 27. LAGBAS, ATTY. JENNIFER ""Karen"" A. 28. KHO, WILTON ""Tonton"" T. 29. LOPEZ, MA. CRISTINA TALAVERA 30. YAP, CHRISTOPHERSON ""Coco"" M. 31. BONDOC, ANNA YORK P. MD 32. ESPARES, FELIMON M. 33. YATCO, FLORABEL C. 34. COLLANTES, KING 35. LARA, JOSEPH ""Jojo"" L. 36. CHUA-TAI, KATRINA REIKO 37. CARI, CARL NICOLAS C. 38. YNARES, REBECCA MARIA ALCANTARA 39. GALEOS, EDSEL A. 40. CRUZADO, EDWIN L.,MD.","2026-07-28","HIGHER AND TECHNICAL EDUCATION","Approved by the House on 2026-08-12, transmitted to the Senate on 2026-08-13 and received by the Senate on 2026-08-13","https://docs.congress.hrep.online/legisdocs/basic_20/hb09812.pdf","https://www.congress.gov.ph/bill/history?billno=HB09812&congress=20","1. Bautista-Lim (000 2026-08-11)
2. Primicias-Agabas (000 2026-08-12)
3. Dionisio (000 2026-08-12)
4. Gutierrez (000 2026-08-12)
5. Ortega (000 2026-08-12)
6. Khonghun (000 2026-08-12)
7. Adiong (000 2026-08-12)
8. Cendaña (000 2026-09-07)
Author/s (Final/Third Reading)
1. Acidre
2. Oreta (A. A.)
3. Rodriguez (R.B.)
4. Rodriguez (M. B.)
5. Teodoro
6. Villafuerte (M. L. R.)
7. Villafuerte (V. R. L. R.)
8. Horibata
9. Ridon
10. Adiong
11. Primicias-Agabas
12. Singson-Meehan
13. Romualdez (F.M.)
14. Romualdez (Y.M.)
15. Romualdez (A.J.)
16. Fresnedi
17. Dy (F.)
18. Marcos
19. Romulo
20. Tinio
21. San Fernando
22. Calderon
23. Sali
24. Uy, (D. C. L.)
25. Bautista (J. M. G.)
26. Salvador
27. Dimaguila
28. Gatchalian
29. Lagbas
30. Kho (W. T.)
31. Lopez
32. Yap (C.)
33. Bondoc
34. Espares
35. Yatco
36. Collantes
37. Lara
38. Chua-Tai
39. Cari
40. Ynares
41. Galeos
42. Cruzado
43. Rivera
44. Puno
45. Mastura
46. Hernandez (C. A.)
47. Cagas
48. Bañas-Nograles","Referral To The Committee On: RULES On 2026-07-28
Date Included In OB: 2026-07-28
Date Calendared: 2026-08-05","Committee Report No.: 00454
Submitted On: 2026-06-08
Submitted By: HIGHER AND TECHNICAL EDUCATION
Recommendations: Recommending its approval in substitution of House Bills Numbered 727, 1239, 1253, 1990, 4564, 4568, 4597, 4686, 4800, 5280, and 6659
Substituted Bills: HB00727, HB01239, HB01253, HB01990, HB04564, HB04568, HB04597, HB04686, HB04800, HB05280, HB06659","Period Of Sponsorship: 2026-08-05
Sponsored By: Acidre
Period Of Interpellations: 2026-08-05
Interpellated By: Co (R. L. M.), Tinio
Period Of Individual Amendments: 2026-08-05
Amended By: Co (R. L. M.), Tinio
Final List of Author
1. Acidre
2. Oreta (A. A.)
3. Rodriguez (R.B.)
4. Rodriguez (M. B.)
5. Teodoro
6. Villafuerte (M. L. R.)
7. Villafuerte (V. R. L. R.)
8. Horibata
9. Ridon
10. Adiong
11. Primicias-Agabas
12. Singson-Meehan
13. Romualdez (F.M.)
14. Romualdez (Y.M.)
15. Romualdez (A.J.)
16. Fresnedi
17. Dy (F.)
18. Marcos
19. Romulo
20. Tinio
21. San Fernando
22. Calderon
23. Sali
24. Uy, (D. C. L.)
25. Bautista (J. M. G.)
26. Salvador
27. Dimaguila
28. Gatchalian
29. Lagbas
30. Kho (W. T.)
31. Lopez
32. Yap (C.)
33. Bondoc
34. Espares
35. Yatco
36. Collantes
37. Lara
38. Chua-Tai
39. Cari
40. Ynares
41. Galeos
42. Cruzado
43. Rivera
44. Puno
45. Mastura
46. Hernandez (C. A.)
47. Cagas
48. Bañas-Nograles
Date Approved On Second Reading: 2026-08-05","Date Copy Distributed To Members: 2026-08-06
Date Approved By The House On Third Reading: 2026-08-12
Third Reading Title: AN ACT PRESCRIBING THE MANDATORY GUIDELINES FOR THE ESTABLISHMENT, OPERATION, AND GOVERNANCE OF LOCAL UNIVERSITIES AND COLLEGES
House Votes: YEAS:201 NAYS:0 ABSTAIN:0
Date Transmitted To The Senate: 2026-08-13
Actions Taken By The Senate/House
Date Received By The Senate: 2026-08-13",""
"HB09864","Principal Authored Bills","AN ACT ESTABLISHING REGULAR CAMPUSES OF THE UNIVERSITY OF SCIENCE AND TECHNOLOGY OF SOUTHERN PHILIPPINES IN THE MUNICIPALITIES OF TALAKAG AND SUMILAO, PROVINCE OF BUKIDNON AND APPROPRIATING FUNDS THEREFOR","2026-06-15","Local","1. ALBA, JOSE MANUEL F. 2. ACIDRE, JUDE A. 3. CALDERON, PATRICIA C. 4. TINIO, ANTONIO L. 5. SAN FERNANDO, ELIJAH RUMBAOA 6. SALI, DIMSZAR M. 7. ORETA, ANTOLIN III A. 8. FRESNEDI, JAIME R. 9. DIOKNO, JOSE MANUEL TADEO ""Chel"" I. 10. SALVADOR, MARIO ""Kokoy"" O. 11. UY, DE CARLO L. 12. DIMAGUILA, WALFREDO ""ARMAN"" R. JR. 13. GATCHALIAN, KENNETH T. 14. LAGBAS, ATTY. JENNIFER ""Karen"" A. 15. KHO, WILTON ""Tonton"" T. 16. BONDOC, ANNA YORK P. MD 17. LOPEZ, MA. CRISTINA TALAVERA 18. YAP, CHRISTOPHERSON ""Coco"" M. 19. BAUTISTA, JOHANNE MONICH G. 20. ROMULO, ROMAN T. 21. YATCO, FLORABEL C. 22. COLLANTES, KING 23. LARA, JOSEPH ""Jojo"" L. 24. ESPARES, FELIMON M. 25. CHUA-TAI, KATRINA REIKO 26. CARI, CARL NICOLAS C. 27. YNARES, REBECCA MARIA ALCANTARA 28. CRUZADO, EDWIN L.,MD. 29. SUANSING, MIKAELA ANGELA B.","2026-07-28","HIGHER AND TECHNICAL EDUCATION","Approved by the House on 2026-08-12, transmitted to the Senate on 2026-08-13 and received by the Senate on 2026-08-13","https://docs.congress.hrep.online/legisdocs/basic_20/hb09864.pdf","https://www.congress.gov.ph/bill/history?billno=HB09864&congress=20","","Referral To The Committee On: RULES On 2026-07-28
Date Included In OB: 2026-07-28
Business For Thu/Fri On: 2026-08-05","Committee Report No.: 00455
Submitted On: 2026-06-15
Submitted By: HIGHER AND TECHNICAL EDUCATION, APPROPRIATIONS
Recommendations: Recommending its approval in substitution of House Bills Numbered 4863 and 4864
Substituted Bills: HB04863, HB04864","Period Of Sponsorship: 2026-08-05
Sponsored By: Alba
Final List of Author
1. Alba
2. Acidre
3. Calderon
4. Tinio
5. San Fernando
6. Sali
7. Oreta (A. A.)
8. Fresnedi
9. Diokno
10. Salvador
11. Uy, (D. C. L.)
12. Dimaguila
13. Gatchalian
14. Lagbas
15. Kho (W. T.)
16. Bondoc
17. Lopez
18. Yap (C.)
19. Bautista (J. M. G.)
20. Romulo
21. Yatco
22. Collantes
23. Lara
24. Espares
25. Chua-Tai
26. Cari
27. Ynares
28. Cruzado
29. Suansing (M. A. B.)
30. Zubiri
Date Approved On Second Reading: 2026-08-05","Date Copy Distributed To Members: 2026-08-06
Date Approved By The House On Third Reading: 2026-08-12
Third Reading Title: AN ACT ESTABLISHING REGULAR CAMPUSES OF THE UNIVERSITY OF SCIENCE AND TECHNOLOGY OF SOUTHERN PHILIPPINES IN THE MUNICIPALITIES OF TALAKAG AND SUMILAO, PROVINCE OF BUKIDNON AND APPROPRIATING FUNDS THEREFOR
House Votes: YEAS:193 NAYS:0 ABSTAIN:0
Date Transmitted To The Senate: 2026-08-13
Actions Taken By The Senate/House
Date Received By The Senate: 2026-08-13",""
"HB09865","Principal Authored Bills","AN ACT ESTABLISHING A REGULAR CAMPUS OF THE UNIVERSITY OF SCIENCE AND TECHNOLOGY OF SOUTHERN PHILIPPINES IN BARANGAY LUMBIA, CITY OF CAGAYAN DE ORO, TO BE KNOWN AS THE “UNIVERSITY OF SCIENCE AND TECHNOLOGY OF SOUTHERN PHILIPPINES-LUMBIA CAMPUS, AND APPROPRIATING FUNDS THEREFOR","2026-06-15","Local","1. SUAN, LORDAN G. 2. ACIDRE, JUDE A. 3. CALDERON, PATRICIA C. 4. TINIO, ANTONIO L. 5. SAN FERNANDO, ELIJAH RUMBAOA 6. SALI, DIMSZAR M. 7. ORETA, ANTOLIN III A. 8. FRESNEDI, JAIME R. 9. DIOKNO, JOSE MANUEL TADEO ""Chel"" I. 10. SALVADOR, MARIO ""Kokoy"" O. 11. UY, DE CARLO L. 12. DIMAGUILA, WALFREDO ""ARMAN"" R. JR. 13. GATCHALIAN, KENNETH T. 14. LAGBAS, ATTY. JENNIFER ""Karen"" A. 15. KHO, WILTON ""Tonton"" T. 16. BONDOC, ANNA YORK P. MD 17. LOPEZ, MA. CRISTINA TALAVERA 18. YAP, CHRISTOPHERSON ""Coco"" M. 19. BAUTISTA, JOHANNE MONICH G. 20. ROMULO, ROMAN T. 21. YATCO, FLORABEL C. 22. COLLANTES, KING 23. LARA, JOSEPH ""Jojo"" L. 24. ESPARES, FELIMON M. 25. CHUA-TAI, KATRINA REIKO 26. CARI, CARL NICOLAS C. 27. YNARES, REBECCA MARIA ALCANTARA 28. CRUZADO, EDWIN L.,MD. 29. SUANSING, MIKAELA ANGELA B.","2026-07-28","HIGHER AND TECHNICAL EDUCATION","Approved by the House on 2026-08-12, transmitted to the Senate on 2026-08-13 and received by the Senate on 2026-08-13","https://docs.congress.hrep.online/legisdocs/basic_20/hb09865.pdf","https://www.congress.gov.ph/bill/history?billno=HB09865&congress=20","","Referral To The Committee On: RULES On 2026-07-28
Date Included In OB: 2026-07-28
Business For Thu/Fri On: 2026-08-05","Committee Report No.: 00456
Submitted On: 2026-06-15
Submitted By: HIGHER AND TECHNICAL EDUCATION, APPROPRIATIONS
Recommendations: Recommending its approval in substitution of House Bill No. 816
Substituted Bills: HB00816","Period Of Sponsorship: 2026-08-05
Sponsored By: Suan
Final List of Author
1. Suan
2. Acidre
3. Calderon
4. Tinio
5. San Fernando
6. Sali
7. Oreta (A. A.)
8. Fresnedi
9. Diokno
10. Salvador
11. Uy, (D. C. L.)
12. Dimaguila
13. Gatchalian
14. Lagbas
15. Kho (W. T.)
16. Bondoc
17. Lopez
18. Yap (C.)
19. Bautista (J. M. G.)
20. Romulo
21. Yatco
22. Collantes
23. Lara
24. Espares
25. Chua-Tai
26. Cari
27. Ynares
28. Cruzado
29. Suansing (M. A. B.)
Date Approved On Second Reading: 2026-08-05","Date Copy Distributed To Members: 2026-08-06
Date Approved By The House On Third Reading: 2026-08-12
Third Reading Title: AN ACT ESTABLISHING A REGULAR CAMPUS OF THE UNIVERSITY OF SCIENCE AND TECHNOLOGY OF SOUTHERN PHILIPPINES IN BARANGAY LUMBIA, CITY OF CAGAYAN DE ORO, TO BE KNOWN AS THE ""UNIVERSITY OF SCIENCE AND TECHNOLOGY OF SOUTHERN PHILIPPINES-LUMBIA CAMPUS"", AND APPROPRIATING FUNDS THEREFOR
House Votes: YEAS:193 NAYS:0 ABSTAIN:0
Date Transmitted To The Senate: 2026-08-13
Actions Taken By The Senate/House
Date Received By The Senate: 2026-08-13",""
"HB09866","Principal Authored Bills","AN ACT ESTABLISHING A REGULAR CAMPUS OF THE BENGUET STATE UNIVERSITY IN THE MUNICIPALITY OF KAPANGAN, PROVINCE OF BENGUET, TO BE KNOWN AS THE “BENGUET STATE UNIVERSITY- KAPANGAN CAMPUS”, AND APPROPRIATING FUNDS THEREFOR","2026-06-15","Local","1. YAP, ERIC GO 2. ACIDRE, JUDE A. 3. CALDERON, PATRICIA C. 4. TINIO, ANTONIO L. 5. SAN FERNANDO, ELIJAH RUMBAOA 6. SALI, DIMSZAR M. 7. ORETA, ANTOLIN III A. 8. FRESNEDI, JAIME R. 9. DIOKNO, JOSE MANUEL TADEO ""Chel"" I. 10. SALVADOR, MARIO ""Kokoy"" O. 11. UY, DE CARLO L. 12. DIMAGUILA, WALFREDO ""ARMAN"" R. JR. 13. GATCHALIAN, KENNETH T. 14. LAGBAS, ATTY. JENNIFER ""Karen"" A. 15. KHO, WILTON ""Tonton"" T. 16. BONDOC, ANNA YORK P. MD 17. LOPEZ, MA. CRISTINA TALAVERA 18. YAP, CHRISTOPHERSON ""Coco"" M. 19. BAUTISTA, JOHANNE MONICH G. 20. ROMULO, ROMAN T. 21. YATCO, FLORABEL C. 22. COLLANTES, KING 23. LARA, JOSEPH ""Jojo"" L. 24. ESPARES, FELIMON M. 25. CHUA-TAI, KATRINA REIKO 26. CARI, CARL NICOLAS C. 27. YNARES, REBECCA MARIA ALCANTARA 28. CRUZADO, EDWIN L.,MD. 29. SUANSING, MIKAELA ANGELA B.","2026-07-28","HIGHER AND TECHNICAL EDUCATION","Approved by the House on 2026-08-12, transmitted to the Senate on 2026-08-13 and received by the Senate on 2026-08-13","https://docs.congress.hrep.online/legisdocs/basic_20/hb09866.pdf","https://www.congress.gov.ph/bill/history?billno=HB09866&congress=20","","Referral To The Committee On: RULES On 2026-07-28
Date Included In OB: 2026-07-28
Business For Thu/Fri On: 2026-08-05","Committee Report No.: 00457
Submitted On: 2026-06-15
Submitted By: HIGHER AND TECHNICAL EDUCATION, APPROPRIATIONS
Recommendations: Recommending its approval in substitution of House Bill No. 3939
Substituted Bills: HB03939","Period Of Sponsorship: 2026-08-05
Sponsored By: Yap (ERIC)
Final List of Author
1. Yap (ERIC)
2. Acidre
3. Calderon
4. Tinio
5. San Fernando
6. Sali
7. Oreta (A. A.)
8. Fresnedi
9. Diokno
10. Salvador
11. Uy, (D. C. L.)
12. Dimaguila
13. Gatchalian
14. Lagbas
15. Kho (W. T.)
16. Bondoc
17. Lopez
18. Yap (C.)
19. Bautista (J. M. G.)
20. Romulo
21. Yatco
22. Collantes
23. Lara
24. Espares
25. Chua-Tai
26. Cari
27. Ynares
28. Cruzado
29. Suansing (M. A. B.)
Date Approved On Second Reading: 2026-08-05","Date Copy Distributed To Members: 2026-08-06
Date Approved By The House On Third Reading: 2026-08-12
Third Reading Title: AN ACT ESTABLISHING A REGULAR CAMPUS OF THE BENGUET STATE UNIVERSITY IN THE MUNICIPALITY OF KAPANGAN, PROVINCE OF BENGUET, TO BE KNOWN AS THE ""BENGUET STATE UNIVERSITY-KAPANGAN CAMPUS"", AND APPROPRIATING FUNDS THEREFOR
House Votes: YEAS:193 NAYS:0 ABSTAIN:0
Date Transmitted To The Senate: 2026-08-13
Actions Taken By The Senate/House
Date Received By The Senate: 2026-08-13",""
"HB09900","Principal Authored Bills","AN ACT ESTABLISHING A REGULAR CAMPUS OF THE DR. EMILIO B. ESPINOSA, SR. MEMORIAL STATE COLLEGE OF AGRICULTURE AND TECHNOLOGY IN THE MUNICIPALITY OF PLACER, PROVINCE OF MASBATE, TO BE KNOWN AS THE “DR. EMILIO B. ESPINOSA, SR. MEMORIAL STATE COLLEGE OF AGRICULTURE AND TECHNOLOGY-PLACER CAMPUS”, AND APPROPRIATING FUNDS THEREFOR","2026-06-22","Local","1. KHO, WILTON ""Tonton"" T. 2. ACIDRE, JUDE A. 3. CALDERON, PATRICIA C. 4. TINIO, ANTONIO L. 5. SAN FERNANDO, ELIJAH RUMBAOA 6. SALI, DIMSZAR M. 7. ORETA, ANTOLIN III A. 8. FRESNEDI, JAIME R. 9. DIOKNO, JOSE MANUEL TADEO ""Chel"" I. 10. SALVADOR, MARIO ""Kokoy"" O. 11. UY, DE CARLO L. 12. DIMAGUILA, WALFREDO ""ARMAN"" R. JR. 13. GATCHALIAN, KENNETH T. 14. LAGBAS, ATTY. JENNIFER ""Karen"" A. 15. BONDOC, ANNA YORK P. MD 16. LOPEZ, MA. CRISTINA TALAVERA 17. YAP, CHRISTOPHERSON ""Coco"" M. 18. BAUTISTA, JOHANNE MONICH G. 19. ROMULO, ROMAN T. 20. YATCO, FLORABEL C. 21. COLLANTES, KING 22. LARA, JOSEPH ""Jojo"" L. 23. ESPARES, FELIMON M. 24. CHUA-TAI, KATRINA REIKO 25. CARI, CARL NICOLAS C. 26. YNARES, REBECCA MARIA ALCANTARA 27. CRUZADO, EDWIN L.,MD. 28. SUANSING, MIKAELA ANGELA B.","2026-07-28","HIGHER AND TECHNICAL EDUCATION","Approved by the House on 2026-08-12, transmitted to the Senate on 2026-08-13 and received by the Senate on 2026-08-13","https://docs.congress.hrep.online/legisdocs/basic_20/hb09900.pdf","https://www.congress.gov.ph/bill/history?billno=HB09900&congress=20","","Referral To The Committee On: RULES On 2026-07-28
Date Included In OB: 2026-07-28
Business For Thu/Fri On: 2026-08-05","Committee Report No.: 00459
Submitted On: 2026-06-22
Submitted By: HIGHER AND TECHNICAL EDUCATION, APPROPRIATIONS
Recommendations: Recommending its approval in substitution of House Bill No. 1840
Substituted Bills: HB01840","Period Of Sponsorship: 2026-08-05
Sponsored By: Kho (W. T.)
Final List of Author
1. Kho (W. T.)
2. Acidre
3. Calderon
4. Tinio
5. San Fernando
6. Sali
7. Oreta (A. A.)
8. Fresnedi
9. Diokno
10. Salvador
11. Uy, (D. C. L.)
12. Dimaguila
13. Gatchalian
14. Lagbas
15. Bondoc
16. Lopez
17. Yap (C.)
18. Bautista (J. M. G.)
19. Romulo
20. Yatco
21. Collantes
22. Lara
23. Espares
24. Chua-Tai
25. Cari
26. Ynares
27. Cruzado
28. Suansing (M. A. B.)
Date Approved On Second Reading: 2026-08-05","Date Copy Distributed To Members: 2026-08-06
Date Approved By The House On Third Reading: 2026-08-12
Third Reading Title: AN ACT ESTABLISHING A REGULAR CAMPUS OF THE DR. EMILIO B. ESPINOSA, SR. MEMORIAL STATE COLLEGE OF AGRICULTURE AND TECHNOLOGY IN THE MUNICIPALITY OF PLACER, PROVINCE OF MASBATE, TO BE KNOWN AS THE ""DR. EMILIO B. ESPINOSA, SR. MEMORIAL STATE COLLEGE OF AGRICULTURE AND TECHNOLOGY-PLACER CAMPUS"", AND APPROPRIATING FUNDS THEREFOR
House Votes: YEAS:193 NAYS:0 ABSTAIN:0
Date Transmitted To The Senate: 2026-08-13
Actions Taken By The Senate/House
Date Received By The Senate: 2026-08-13",""
"HB09901","Principal Authored Bills","AN ACT ESTABLISHING A REGULAR CAMPUS OF THE VISAYAS STATE UNIVERSITY IN THE MUNICIPALITY OF HILONGOS, PROVINCE OF LEYTE, TO BE KNOWN AS THE “VISAYAS STATE UNIVERSITY-HILONGOS CAMPUS”, AND APPROPRIATING FUNDS THEREFOR","2026-06-22","Local","1. CARI, CARL NICOLAS C. 2. ACIDRE, JUDE A. 3. CALDERON, PATRICIA C. 4. TINIO, ANTONIO L. 5. SAN FERNANDO, ELIJAH RUMBAOA 6. SALI, DIMSZAR M. 7. ORETA, ANTOLIN III A. 8. FRESNEDI, JAIME R. 9. DIOKNO, JOSE MANUEL TADEO ""Chel"" I. 10. SALVADOR, MARIO ""Kokoy"" O. 11. UY, DE CARLO L. 12. DIMAGUILA, WALFREDO ""ARMAN"" R. JR. 13. GATCHALIAN, KENNETH T. 14. LAGBAS, ATTY. JENNIFER ""Karen"" A. 15. KHO, WILTON ""Tonton"" T. 16. BONDOC, ANNA YORK P. MD 17. LOPEZ, MA. CRISTINA TALAVERA 18. YAP, CHRISTOPHERSON ""Coco"" M. 19. BAUTISTA, JOHANNE MONICH G. 20. ROMULO, ROMAN T. 21. YATCO, FLORABEL C. 22. COLLANTES, KING 23. LARA, JOSEPH ""Jojo"" L. 24. ESPARES, FELIMON M. 25. CHUA-TAI, KATRINA REIKO 26. YNARES, REBECCA MARIA ALCANTARA 27. CRUZADO, EDWIN L.,MD. 28. SUANSING, MIKAELA ANGELA B.","2026-07-28","HIGHER AND TECHNICAL EDUCATION","Approved by the House on 2026-08-12, transmitted to the Senate on 2026-08-13 and received by the Senate on 2026-08-13","https://docs.congress.hrep.online/legisdocs/basic_20/hb09901.pdf","https://www.congress.gov.ph/bill/history?billno=HB09901&congress=20","1. Montes (000 2026-09-02)
Author/s (Final/Third Reading)
1. Cari
2. Acidre
3. Calderon
4. Tinio
5. San Fernando
6. Sali
7. Oreta (A. A.)
8. Fresnedi
9. Diokno
10. Salvador
11. Uy, (D. C. L.)
12. Dimaguila
13. Gatchalian
14. Lagbas
15. Kho (W. T.)
16. Bondoc
17. Lopez
18. Yap (C.)
19. Bautista (J. M. G.)
20. Romulo
21. Yatco
22. Collantes
23. Lara
24. Espares
25. Chua-Tai
26. Ynares
27. Cruzado
28. Suansing (M. A. B.)
29. Cagas","Referral To The Committee On: RULES On 2026-07-28
Date Included In OB: 2026-07-28
Business For Thu/Fri On: 2026-08-05","Committee Report No.: 00460
Submitted On: 2026-06-22
Submitted By: HIGHER AND TECHNICAL EDUCATION, APPROPRIATIONS
Recommendations: Recommending its approval in substitution of House Bill No. 2046
Substituted Bills: HB02046","Period Of Sponsorship: 2026-08-05
Sponsored By: Cari
Final List of Author
1. Cari
2. Acidre
3. Calderon
4. Tinio
5. San Fernando
6. Sali
7. Oreta (A. A.)
8. Fresnedi
9. Diokno
10. Salvador
11. Uy, (D. C. L.)
12. Dimaguila
13. Gatchalian
14. Lagbas
15. Kho (W. T.)
16. Bondoc
17. Lopez
18. Yap (C.)
19. Bautista (J. M. G.)
20. Romulo
21. Yatco
22. Collantes
23. Lara
24. Espares
25. Chua-Tai
26. Ynares
27. Cruzado
28. Suansing (M. A. B.)
29. Cagas
Date Approved On Second Reading: 2026-08-05","Date Copy Distributed To Members: 2026-08-06
Date Approved By The House On Third Reading: 2026-08-12
Third Reading Title: AN ACT ESTABLISHING A REGULAR CAMPUS OF THE VISAYAS STATE UNIVERSITY IN THE MUNICIPALITY OF HILONGOS, PROVINCE OF LEYTE, TO BE KNOWN AS THE ""VISAYAS STATE UNIVERSITY-HILONGOS CAMPUS"", AND APPROPRIATING FUNDS THEREFOR
House Votes: YEAS:193 NAYS:0 ABSTAIN:0
Date Transmitted To The Senate: 2026-08-13
Actions Taken By The Senate/House
Date Received By The Senate: 2026-08-13",""
"HB09931","Principal Authored Bills","AN ACT ESTABLISHING REGULAR CAMPUSES OF THE NORTH EASTERN MINDANAO STATE UNIVERSITY IN THE CITY OF BISLIG AND IN THE MUNICIPALITY OF HINATUAN, PROVINCE OF SURIGAO DEL SUR AND APPROPRIATING FUNDS THEREFOR","2026-06-24","Local","1. PIMENTEL, ALEXANDER TY 2. ACIDRE, JUDE A. 3. CALDERON, PATRICIA C. 4. TINIO, ANTONIO L. 5. SAN FERNANDO, ELIJAH RUMBAOA 6. SALI, DIMSZAR M. 7. ORETA, ANTOLIN III A. 8. FRESNEDI, JAIME R. 9. DIOKNO, JOSE MANUEL TADEO ""Chel"" I. 10. SALVADOR, MARIO ""Kokoy"" O. 11. UY, DE CARLO L. 12. DIMAGUILA, WALFREDO ""ARMAN"" R. JR. 13. GATCHALIAN, KENNETH T. 14. LAGBAS, ATTY. JENNIFER ""Karen"" A. 15. KHO, WILTON ""Tonton"" T. 16. BONDOC, ANNA YORK P. MD 17. LOPEZ, MA. CRISTINA TALAVERA 18. YAP, CHRISTOPHERSON ""Coco"" M. 19. BAUTISTA, JOHANNE MONICH G. 20. ROMULO, ROMAN T. 21. YATCO, FLORABEL C. 22. COLLANTES, KING 23. LARA, JOSEPH ""Jojo"" L. 24. ESPARES, FELIMON M. 25. CHUA-TAI, KATRINA REIKO 26. CARI, CARL NICOLAS C. 27. YNARES, REBECCA MARIA ALCANTARA 28. CRUZADO, EDWIN L.,MD. 29. SUANSING, MIKAELA ANGELA B.","2026-07-28","HIGHER AND TECHNICAL EDUCATION","Approved by the House on 2026-08-12, transmitted to the Senate on 2026-08-13 and received by the Senate on 2026-08-13","https://docs.congress.hrep.online/legisdocs/basic_20/hb09931.pdf","https://www.congress.gov.ph/bill/history?billno=HB09931&congress=20","","Referral To The Committee On: RULES On 2026-07-28
Date Included In OB: 2026-07-28
Business For Thu/Fri On: 2026-08-05","Committee Report No.: 00468
Submitted On: 2026-06-24
Submitted By: HIGHER AND TECHNICAL EDUCATION, APPROPRIATIONS
Recommendations: Recommending its approval in substitution of House Bills Numbered 719 and 720
Substituted Bills: HB00719, HB00720","Period Of Sponsorship: 2026-08-05
Sponsored By: Pimentel
Final List of Author
1. Pimentel
2. Acidre
3. Calderon
4. Tinio
5. San Fernando
6. Sali
7. Oreta (A. A.)
8. Fresnedi
9. Diokno
10. Salvador
11. Uy, (D. C. L.)
12. Dimaguila
13. Gatchalian
14. Lagbas
15. Kho (W. T.)
16. Bondoc
17. Lopez
18. Yap (C.)
19. Bautista (J. M. G.)
20. Romulo
21. Yatco
22. Collantes
23. Lara
24. Espares
25. Chua-Tai
26. Cari
27. Ynares
28. Cruzado
29. Suansing (M. A. B.)
Date Approved On Second Reading: 2026-08-05","Date Copy Distributed To Members: 2026-08-06
Date Approved By The House On Third Reading: 2026-08-12
Third Reading Title: AN ACT ESTABLISHING REGULAR CAMPUSES OF THE NORTH EASTERN MINDANAO STATE UNIVERSITY IN THE CITY OF BISLIG AND IN THE MUNICIPALITY OF HINATUAN, PROVINCE OF SURIGAO DEL SUR AND APPROPRIATING FUNDS THEREFOR
House Votes: YEAS:193 NAYS:0 ABSTAIN:0
Date Transmitted To The Senate: 2026-08-13
Actions Taken By The Senate/House
Date Received By The Senate: 2026-08-13",""
"HB09970","Principal Authored Bills","AN ACT DECLARING THE FIRST WEEK OF SEPTEMBER OF EVERY YEAR AS NATIONAL ENGLISH COMPETENCY WEEK TO PROMOTE ENGLISH LANGUAGE PROFICIENCY AND COMPETENCE","2026-06-29","National","1. ROMAN, ANTONINO III B. 2. ROMULO, ROMAN T. 3. GATCHALIAN, KENNETH T. 4. ROQUE, LAARNI LAVIN 5. CHUA-TAI, KATRINA REIKO 6. FRESNEDI, JAIME R. 7. PLEYTO, SALVADOR A. 8. SAGARBARRIA, MA. ISABEL L. 9. MARQUEZ, JESUS ""Jess"" R. 10. FERRER, ANTONIO A. 11. TUAN, DIBU S. 12. CRUZADO, EDWIN L.,MD. 13. LAZATIN, CARMELO JR. G. 14. MONTES, IRIS MARIE DEMESA 15. CO-PILAR, MA. VICTORIA 16. CAYTON, TIMOTHY JOSEPH E. 17. DAYANGHIRANG, NELSON ""JR"" 18. LABADLABAD, IRENE G.","2026-07-28","BASIC EDUCATION AND CULTURE","Approved by the House on 2026-09-02, transmitted to the Senate on 2026-09-03 and received by the Senate on 2026-09-03","https://docs.congress.hrep.online/legisdocs/basic_20/hb09970.pdf","https://www.congress.gov.ph/bill/history?billno=HB09970&congress=20","1. Primicias-Agabas (000 2026-08-17)
2. Dionisio (000 2026-08-17)
3. Gutierrez (000 2026-08-17)
4. Ortega (000 2026-08-17)
5. Khonghun (000 2026-08-17)
6. Adiong (000 2026-08-17)
7. Tan (K. M. D.L.) (000 2026-09-02)
8. Legacion (000 2026-09-07)
Author/s (Final/Third Reading)
1. Roman
2. Romulo
3. Gatchalian
4. Roque
5. Chua-Tai
6. Fresnedi
7. Pleyto
8. Sagarbarria
9. Marquez
10. Ferrer (A. A.)
11. Tuan
12. Cruzado
13. Lazatin
14. Montes
15. Co-Pilar
16. Cayton
17. Dayanghirang
18. Labadlabad
19. Rivera
20. Barzaga
21. Madrona
22. Domogan
23. Oreta (A. A.)
24. Aumentado
25. Uy (R. JR.)
26. Lacson
27. Dimaguila
28. Angeles
29. Bautista-Lim
30. Barba
31. Cagas
32. Legacion
33. Agyao
34. Mangudadatu
35. Emano
36. Collantes
37. Gonzales (A. M.)
38. Gonzales (R.)","Referral To The Committee On: RULES On 2026-07-28
Date Included In OB: 2026-07-28
Date Calendared: 2026-08-05","Committee Report No.: 00474
Submitted On: 2026-06-29
Submitted By: BASIC EDUCATION AND CULTURE
Recommendations: Recommending its approval in substitution of House Bill No. 615
Substituted Bills: HB00615","Period Of Sponsorship: 2026-08-11, 2026-08-12
Sponsored By: Romulo;Roman;Romulo
Period Of Interpellations: 2026-08-12
Interpellated By: Co (R. L. M.)
Final List of Author
1. Roman
2. Romulo
3. Gatchalian
4. Roque
5. Chua-Tai
6. Fresnedi
7. Pleyto
8. Sagarbarria
9. Marquez
10. Ferrer (A. A.)
11. Tuan
12. Cruzado
13. Lazatin
14. Montes
15. Co-Pilar
16. Cayton
17. Dayanghirang
18. Labadlabad
19. Rivera
20. Barzaga
21. Madrona
22. Domogan
23. Oreta (A. A.)
24. Aumentado
25. Uy (R. JR.)
26. Lacson
27. Dimaguila
28. Angeles
29. Bautista-Lim
30. Barba
31. Cagas
32. Legacion
33. Agyao
34. Mangudadatu
35. Emano
36. Collantes
37. Gonzales (A. M.)
38. Gonzales (R.)
Date Approved On Second Reading: 2026-08-12","Date Copy Distributed To Members: 2026-08-20
Date Approved By The House On Third Reading: 2026-09-02
Third Reading Title: AN ACT DECLARING THE FIRST WEEK OF SEPTEMBER OF EVERY YEAR AS NATIONAL ENGLISH COMPETENCY WEEK TO PROMOTE ENGLISH LANGUAGE PROFICIENCY AND COMPETENCE
House Votes: YEAS:252 NAYS:0 ABSTAIN:0
Date Transmitted To The Senate: 2026-09-03
Actions Taken By The Senate/House
Date Received By The Senate: 2026-09-03",""
"HB10459","Principal Authored Bills","AN ACT PROVIDING FREE BOARD EXAMINATION FEES AND SUPPORT SERVICES FOR QUALIFIED INDIGENT EXAMINEES, ESTABLISHING A NATIONAL ASSISTANCE PROGRAM FOR ASPIRING PROFESSIONALS FROM LOW-INCOME FAMILIES, AND APPROPRIATING FUNDS THEREFOR","2026-07-30","National","1. CHUA-TAI, KATRINA REIKO","2026-08-04","CIVIL SERVICE AND PROFESSIONAL REGULATION","Pending with the Committee on CIVIL SERVICE AND PROFESSIONAL REGULATION since 2026-08-04","https://docs.congress.hrep.online/legisdocs/basic_20/hb10459.pdf","https://www.congress.gov.ph/bill/history?billno=HB10459&congress=20","1. Bulut-Begtang (000 2026-09-03)","Referral To The Committee On: CIVIL SERVICE AND PROFESSIONAL REGULATION On 2026-08-04","","","",""
"HB10460","Principal Authored Bills","AN ACT INCREASING THE BED CAPACITY OF THE ZAMBOANGA CITY MEDICAL CENTER IN ZAMBOANGA CITY FROM EIGHT HUNDRED (800) BEDS TO ONE THOUSAND (1,000) BEDS AND APPROPRIATING FUNDS THEREFOR, AMENDING FOR THE PURPOSE REPUBLIC ACT NO. 11087, AS AMENDED, ENTITLED “AN ACT INCREASING THE BED CAPACITY OF THE ZAMBOANGA CITY MEDICAL CENTER IN ZAMBOANGA CITY FROM FIVE HUNDRED (500) TO EIGHT HUNDRED (800) BEDS AND APPROPRIATING FUNDS THEREFOR","2026-07-30","Local","1. CHUA-TAI, KATRINA REIKO","2026-08-04","HEALTH","Pending with the Committee on HEALTH since 2026-08-04","https://docs.congress.hrep.online/legisdocs/basic_20/hb10460.pdf","https://www.congress.gov.ph/bill/history?billno=HB10460&congress=20","","Referral To The Committee On: HEALTH On 2026-08-04","","","",""
"HB10579","Principal Authored Bills","AN ACT STRENGTHENING AND — INSTITUTIONALIZING THE ESTABLISHMENT OF - FISHERFOLK - SETTLEMENT AND RESETTLEMENT AREAS, AMENDING FOR THE PURPOSE SECTION 108 OF REPUBLIC ACT NO. 8550, OTHERWISE KNOWN AS ""THE PHILIPPINE FISHERIES CODE OF 1998,"" AS AMENDED BY REPUBLIC ACT NO. 10654","2026-08-04","National","1. CHUA-TAI, KATRINA REIKO","2026-08-05","AQUACULTURE AND FISHERIES RESOURCES","Pending with the Committee on AQUACULTURE AND FISHERIES RESOURCES since 2026-08-05","https://docs.congress.hrep.online/legisdocs/basic_20/hb10579.pdf","https://www.congress.gov.ph/bill/history?billno=HB10579&congress=20","","Referral To The Committee On: AQUACULTURE AND FISHERIES RESOURCES On 2026-08-05","","","",""
"HB10591","Principal Authored Bills","AN ACT POSTPONING THE NOVEMBER 2, 2026 BARANGAY AND SANGGUNIANG KABATAAN ELECTIONS, SETTING THE SAME ON THE LAST MONDAY OF NOVEMBER 2028, AMENDING FOR THE PURPOSE REPUBLIC ACT NO. 9164, AS AMENDED, APPROPRIATING FUNDS THEREFOR, AND FOR OTHER PURPOSES","2026-08-04","National","1. BENITEZ, JAVIER MIGUEL LOPEZ 2. ARENAS, MARIA RACHEL J. 3. BALINDONG, YASSER ALONTO 4. EMANO, YEVGENY VINCENTE B. 5. ADIONG,ZIAUR-RAHMAN ""Zia"" ALONTO 6. AGARAO, BENJAMIN JR. C. 7. AGYAO, CAROLINE B. MD 8. ALBA, JOSE MANUEL F. 9. ALBANO, ANTONIO ""Tonypet"" T. 10. ALMARIO, CHEENO MIGUEL D. 11. AMANTE, LORETO S. 12. ANGELES, MARIA CRISTINA C. 13. AQUINO, JOSE ""Joboy"" II S. 14. ARROGANCIA, REYNANTE U. 15. AYON, ARLYN P. 16. BARBERS, BERNADETTE S. 17. BASCUG, ALFELITO ""Alfel M."" 18. BONDOC, ANNA YORK P. MD 19. CAGAS, JOHN TRACY F. 20. CAOAGDAN, RUDY S.,DPA 21. CATULPOS, ELMER V. 22. CHAN, JUNARD ""Ahong"" Q. 23. CHUA-TAI, KATRINA REIKO 24. CORVERA, DALE B. 25. DAGOOC, SERGIO C. 26. DAYANGHIRANG, NELSON ""JR"" 27. DIMAGUILA, WALFREDO ""ARMAN"" R. JR. 28. DIMAPORO, IMELDA QUIBRANZA 29. DIMAPORO, SITTIE AMINAH Q. 30. FLORES, JONATHAN KEITH T. 31. GARCIA, ALBERT S. 32. GARCIA, MARIA ANGELA S. 33. GO, ED CHRISTOPHER S. 34. GONZALES, ROY M. 35. LAZATIN, CARMELO JR. G. 36. MANGUDADATU, ESMAEL G. 37. MASTURA, BAI DIMPLE I. 38. MOMO, ROMEO SR. S. 39. NOLASCO, RAMON C. 40. OAMINAL, HENRY ""Indy"" JR F. 41. PIMENTEL, ALEXANDER TY 42. PLAZA, EDDIEBONG G. 43. PLEYTO, SALVADOR A. 44. RODRIGUEZ, EULOGIO ""Leo"" R. 45. SALI, DIMSZAR M. 46. SALVADOR, MARIO ""Kokoy"" O. 47. SOLON, STEVE CHIONGBIAN 48. SUAN, LORDAN G. 49. TAN, AIMAN 50. TAN, JOSEPH S. 51. TARRIELA, LEODY ""Odie"" F. 52. TEVES, JOSE ""Bong"" JR. J. 53. UY, ROBERTO ""Pinpin"" JR. T. 54. VARGAS, PATRICK MICHAEL D. 55. VILLA, ZALDY S. 56. VILLARICA, LINABELLE RUTH R. 57. VIOLAGO, MARK CHOLO I. 58. YAP, CHRISTOPHERSON ""Coco"" M. 59. ZUBIRI, AUDREY KAY T. 60. GOMEZ, RICHARD I., DPA 61. LUMAYAG, ISIDRO D. 62. MADRONA. ELEANDRO JESUS F. 63. RAMA, EDUARDO JR R.","2026-08-05","SUFFRAGE AND ELECTORAL REFORMS","Pending with the Committee on SUFFRAGE AND ELECTORAL REFORMS since 2026-08-05","https://docs.congress.hrep.online/legisdocs/basic_20/hb10591.pdf","https://www.congress.gov.ph/bill/history?billno=HB10591&congress=20","1. Bolilia (000 2026-08-24)
2. Delos Santos (000 2026-09-02)","Referral To The Committee On: SUFFRAGE AND ELECTORAL REFORMS On 2026-08-05","","","",""
"HB10701","Principal Authored Bills","AN ACT PROVIDING FOR THE SURVIVORSHIP BENEFITS IN THE PUBLIC ATTORNEY’S OFFICE, AND FOR OTHER PURPOSES","2026-08-11","National","1. CHUA-TAI, KATRINA REIKO","2026-08-17","JUSTICE","Pending with the Committee on JUSTICE since 2026-08-17","https://docs.congress.hrep.online/legisdocs/basic_20/hb10701.pdf","https://www.congress.gov.ph/bill/history?billno=HB10701&congress=20","","Referral To The Committee On: JUSTICE On 2026-08-17","","","",""
"HB10702","Principal Authored Bills","AN ACT CREATING A TECHNICAL EDUCATION AND SKILLS DEVELOPMENT AUTHORITY (TESDA) DISTRICT OFFICE IN ZAMBOANGA CITY, TO BE KNOWN AS TESDA ZAMBOANGA CITY DISTRICT OFFICE, AND APPROPRIATING FUNDS THEREFOR","2026-08-11","Local","1. CHUA-TAI, KATRINA REIKO","2026-08-17","HIGHER AND TECHNICAL EDUCATION","Pending with the Committee on HIGHER AND TECHNICAL EDUCATION since 2026-08-17","https://docs.congress.hrep.online/legisdocs/basic_20/hb10702.pdf","https://www.congress.gov.ph/bill/history?billno=HB10702&congress=20","","Referral To The Committee On: HIGHER AND TECHNICAL EDUCATION On 2026-08-17","","","",""
"HB10703","Principal Authored Bills","AN ACT MANDATING THE PROVISION OF STAFF HOUSING FOR LARGE PRIVATE ENTERPRISES AND EXPANDING BUSINESSES, PROMOTING THE WELFARE AND WELL BEING OF THE WORKFORCE, PROVIDING MECHANISMS FOR ITS IMPLEMENTATION, AND FOR OTHER PURPOSES","2026-08-11","National","1. CHUA-TAI, KATRINA REIKO","2026-08-17","LABOR AND EMPLOYMENT","Pending with the Committee on LABOR AND EMPLOYMENT since 2026-08-17","https://docs.congress.hrep.online/legisdocs/basic_20/hb10703.pdf","https://www.congress.gov.ph/bill/history?billno=HB10703&congress=20","(Journal Entries)
1. Legazpi(K.) (000 2026-09-07)","Referral To The Committee On: LABOR AND EMPLOYMENT On 2026-08-17","","","",""
"HB10715","Principal Authored Bills","AN ACT REGULATING UNSAFE MOTORCYCLE LANE SPLITTING AND LANE FILTERING PRACTICES, PROMOTING RESPONSIBLE MOTORCYCLE OPERATION, PROVIDING PENALTIES THEREFOR, AND AMENDING FOR THIS PURPOSE REPUBLIC ACT NO. 4136, OTHERWISE KNOWN AS THE ""LAND TRANSPORTATION AND TRAFFIC CODE""","2026-08-11","National","1. CHUA-TAI, KATRINA REIKO","2026-08-17","TRANSPORTATION","Pending with the Committee on TRANSPORTATION since 2026-08-17","https://docs.congress.hrep.online/legisdocs/basic_20/hb10715.pdf","https://www.congress.gov.ph/bill/history?billno=HB10715&congress=20","","Referral To The Committee On: TRANSPORTATION On 2026-08-17","","","",""
"HB10716","Principal Authored Bills","AN ACT ESTABLISHING A COMPREHENSIVE REGULATORY FRAMEWORK FOR THE HOUSE RENTAL INDUSTRY, CREATING A RENTAL HOUSING REGULATORY AUTHORITY, INSTITUTIONALIZING A RENTAL-TO-HOMEOWNERSHIP TRANSITION PROGRAM BY AMENDING REPUBLIC ACT NO. 11201, OTHERWISE KNOWN AS THE ""DEPARTMENT OF HUMAN SETTLEMENTS AND URBAN DEVELOPMENT ACT,"" PROVIDING FOR THE AUTOMATIC REFERRAL AND INCLUSION OF QUALIFIED TENANTS INTO GOVERNMENT HOUSING PROGRAMS, AND APPROPRIATING FUNDS THEREFOR","2026-08-11","National","1. CHUA-TAI, KATRINA REIKO","2026-08-17","HOUSING AND URBAN DEVELOPMENT","Pending with the Committee on HOUSING AND URBAN DEVELOPMENT since 2026-08-17","https://docs.congress.hrep.online/legisdocs/basic_20/hb10716.pdf","https://www.congress.gov.ph/bill/history?billno=HB10716&congress=20","","Referral To The Committee On: HOUSING AND URBAN DEVELOPMENT On 2026-08-17","","","",""
"HB10742","Principal Authored Bills","AN ACT ESTABLISHING A NATIONAL ONLINE SAFETY AND DIGITAL CHILD PROTECTION FRAMEWORK, IMPOSING A STATUTORY DUTY OF CARE ON DIGITAL PLATFORM OPERATORS, PROVIDING FOR AGE ASSURANCE AND A MINIMUM AGE FOR HIGH-RISK SOCIAL MEDIA SERVICES, CREATING THE PHILIPPINE E-SAFETY COMMISSION, PROMOTING DIGITAL LITERACY AND PARENTAL SUPPORT, AND APPROPRIATING FUNDS THEREFOR","2026-08-12","National","1. CHUA-TAI, KATRINA REIKO","2026-08-24","WELFARE OF CHILDREN","Pending with the Committee on WELFARE OF CHILDREN since 2026-08-24","https://docs.congress.hrep.online/legisdocs/basic_20/hb10742.pdf","https://www.congress.gov.ph/bill/history?billno=HB10742&congress=20","","Referral To The Committee On: WELFARE OF CHILDREN On 2026-08-24","","","",""
"HB10743","Principal Authored Bills","AN ACT REGULATING THE USE OF SOCIAL MEDIA PLATFORMS BY MINORS, IMPOSING AGE RESTRICTIONS, PROVIDING PENALTIES FOR VIOLATIONS THEREOF, AND FOR OTHER PURPOSES","2026-08-12","National","1. CHUA-TAI, KATRINA REIKO","2026-08-24","WELFARE OF CHILDREN","Pending with the Committee on WELFARE OF CHILDREN since 2026-08-24","https://docs.congress.hrep.online/legisdocs/basic_20/hb10743.pdf","https://www.congress.gov.ph/bill/history?billno=HB10743&congress=20","","Referral To The Committee On: WELFARE OF CHILDREN On 2026-08-24","","","",""
"HB10858","Principal Authored Bills","AN ACT APPROPRIATING FUNDS FOR THE OPERATION OF THE GOVERNMENT OF THE REPUBLIC OF THE PHILIPPINES FROM JANUARY ONE TO DECEMBER THIRTY ONE, TWO THOUSAND AND TWENTY SEVEN","2026-08-26","National","1. SUANSING, MIKAELA ANGELA B. 2. DY, FAUSTINO III G. 3. MARCOS, FERDINAND ALEXANDER A. 4. GARCIA, ALBERT S. 5. FUENTEBELLA, ARNIE B. 6. ANGARA, ROMMEL RICO T. 7. BONDOC, ANNA YORK P. MD 8. GARCIA, MARIA ANGELA S. 9. TAN, KEITH MICAH ""Atty. Mike"" D.L. 10. HERNANDEZ, FERDINAND L. 11. SUANSING, BELLA VANESSA B. 12. NAVA, JC RAHMAN A., MD. 13. LAGDAMEO, MONIQUE YAZMIN MARIA Q. 14. ONGCHUAN, EDWIN 15. MOMO, ROMEO SR. S. 16. ZAMORA, MARIA CARMEN S. 17. ALVAREZ, JOSE C. 18. ALVAREZ, MERCEDES K. 19. RODRIGUEZ, RUFUS B. 20. TEODORO, MARCELINO ""Marcy"" R. 21. TAN, JOSEPH S. 22. AMANTE, LORETO S. 23. OUANO-DIZON, EMMARIE ""Lolypop"" 24. HERNANDEZ, CHARISSE ANNE C. 25. CAGAS, JOHN TRACY F. 26. DIMAPORO, IMELDA QUIBRANZA 27. BARBERS, BERNADETTE S. 28. GONZALES, ALEXANDRIA ""Queenie"" 29. PANCHO, AGUSTINA DOMINIQUE ""Ditse Tina"" C. 30. DY, IAN PAUL L. 31. CELESTE, ARTHUR F. 32. TEVES, JOSE ""Bong"" JR. J. 33. VARGAS-ALFONSO, BABY ALINE 34. CUA, MIDY N. 35. ESCUDERO, MARIE BERNADETTE G. 36. SAGARBARRIA, MA. ISABEL L. 37. ORDANES, RODOLFO ""Ompong"" M. 38. POE, BRIAN 39. ADIONG,ZIAUR-RAHMAN ""Zia"" ALONTO 40. ARROGANCIA, REYNANTE U. 41. GO, ED CHRISTOPHER S. 42. BRIONES, NICANOR M. 43. ESPINA, GERARDO ""GERRYBOY"" JR. J. 44. CARI, CARL NICOLAS C. 45. GARCIA, DANTE S. 46. OAMINAL, SANCHO FERNANDO ""Ando"" F. 47. BARONDA, JULIENNE ""Jam"" L. 48. MATUGAS, FRANCISCO ""Lalo"" T. 49. TALLADO, JOSEFINA B. 50. LOPEZ, MA. CRISTINA TALAVERA 51. DAZA, NIKO RAUL S.J. 52. JAVIER, LOLITA T. 53. YAP, JOHN GEESNELL ""Baba"" 54. AQUINO, JOSE ""Joboy"" II S. 55. LABADLABAD, IRENE G. 56. ALMARIO, DENNIS ""Alden"" B. 57. AQUINO-MAGSAYSAY, MILAGROS 58. ARBISON, MUNIR M. 59. ATAYDE, JUAN CARLOS ""Arjo"" C. 60. BARBA, ANGELO MARCOS 61. BASCUG, ALFELITO ""Alfel M."" 62. BAUTISTA-LIM, CLAUDINE DIANA D. 63. BELTRAN, FERDINAND ""B1"" L. 64. BENITEZ, JAVIER MIGUEL LOPEZ 65. CALDERON, PATRICIA C. 66. CAYTON, TIMOTHY JOSEPH E. 67. CHUA-TAI, KATRINA REIKO 68. CO-PILAR, MA. VICTORIA 69. CRUZ, RICARDO JR. S. 70. DALOG, MAXIMO JR. Y. 71. ENVERGA, WILFRIDO MARK M. 72. ESPARES, FELIMON M. 73. FERRER, ANTONIO A. 74. HORIBATA, TSUYOSHI ANTHONY ""Hori"" G. 75. IWAY, EMMANUEL L. 76. LACSON, MA. NINA FRANCESCA P. 77. LAGDAMEO, JOSE MANUEL ""JM"" F. 78. LORIA, CARLOS ANDES 79. LUMAYAG, ISIDRO D. 80. ORETA, ANTOLIN III A. 81. PLAZA, EDDIEBONG G. 82. ROQUE, LAARNI LAVIN 83. SANTOS, MARK ANTHONY 84. SINGSON, RICHELLE 85. TERENG, KENNETH PAOLO 86. TULFO, RALPH WENDEL P. 87. VALERIANO, ROLANDO M. 88. YATCO, FLORABEL C. 89. YNARES, REBECCA MARIA ALCANTARA 90. GOMEZ, RICHARD I., DPA 91. ALBANO, ANTONIO ""Tonypet"" T. 92. ARENAS, MARIA RACHEL J. 93. AUMENTADO, MARIA VANESSA ""Van-Van"" C.,RN 94. CENIZA, LEONEL ""Jhong"" D. 95. CRUZ, AGATHA ""Agay"" 96. PLEYTO, SALVADOR A. 97. ROMAN, ANTONINO III B. 98. ROMUALDO, JURDIN JESUS M. 99. TUTOR, KRISTINE ALEXIE B. 100. UY, DE CARLO L. 101. UY, ROBERTO ""Pinpin"" JR. T. 102. REGENCIA, CELSO G. 103. MACAPAGAL-ARROYO, GLORIA 104. YU, JOSEPH KIM C. 105. PANOTES, ROSEMARIE CORNEJOS 106. BERNOS, JB 107. VIOLAGO, MARK CHOLO I. 108. KHO, ANTONIO 109. GONZALES, ROY M. 110. LEGACION, NELSON S. 111. TUAN, DIBU S. 112. TUPAS, BINKY APRIL M. 113. DIMAPORO, SITTIE AMINAH Q. 114. RECTO, RYAN S. 115. LAGON, DAPHNE A. 116. TANCHAY, CAROLINE L. 117. BOLILIA, AMADO CARLOS IV A. 118. YAP, ARTHUR C.","2026-09-14","APPROPRIATIONS","Unfinished Business (Period of Sponsorship)","https://docs.congress.hrep.online/legisdocs/basic_20/hb10858.pdf","https://www.congress.gov.ph/bill/history?billno=HB10858&congress=20","","Referral To The Committee On: APPROPRIATIONS On 2026-09-14
Date Included In OB: 2026-09-14
Date Calendared: 2026-09-15","Committee Report No.: 00638
Submitted On: 2026-09-14
Submitted By: APPROPRIATIONS
Recommendations: Recommending its approval without amendments","","",""
"HB10903","Principal Authored Bills","AN ACT STRENGTHENING THE ONE TOWN, ONE PRODUCT (OTOP) PHILIPPINES PROGRAM THROUGH INTER-AGENCY COORDINATION FOR PRODUCT DEVELOPMENT, INNOVATION, MARKET ACCESS, AND THE DEVELOPMENT OF LOCAL PRODUCTS FOR DISASTER RELIEF AND EMERGENCY OPERATIONS, AMENDING FOR THIS PURPOSE REPUBLIC ACT NO. 11960, OTHERWISE KNOWN AS THE ""OTOP PHILIPPINES ACT,"" AND FOR OTHER PURPOSES","2026-08-24","National","1. CHUA-TAI, KATRINA REIKO","2026-08-26","TRADE AND INDUSTRY","Pending with the Committee on TRADE AND INDUSTRY since 2026-08-26","https://docs.congress.hrep.online/legisdocs/basic_20/hb10903.pdf","https://www.congress.gov.ph/bill/history?billno=HB10903&congress=20","","Referral To The Committee On: TRADE AND INDUSTRY On 2026-08-26","","","",""
"HB10904","Principal Authored Bills","AN ACT MANDATING THE BUREAU OF CORRECTIONS TO ESTABLISH A PRE-RELEASE EDUCATION, UPSKILLING, EMPLOYMENT AND HIGHER EDUCATION PREPARATORY PROGRAM FOR PERSONS DEPRIVED OF LIBERTY, AMENDING FOR THE PURPOSE REPUBLIC ACT NO. 10575, OTHERWISE KNOWN AS THE ""BUREAU OF CORRECTIONS ACT OF 2013,"" AND FOR OTHER PURPOSES","2026-08-24","National","1. CHUA-TAI, KATRINA REIKO","2026-08-26","JUSTICE","Pending with the Committee on JUSTICE since 2026-08-26","https://docs.congress.hrep.online/legisdocs/basic_20/hb10904.pdf","https://www.congress.gov.ph/bill/history?billno=HB10904&congress=20","","Referral To The Committee On: JUSTICE On 2026-08-26","","","",""
"HB10905","Principal Authored Bills","AN ACT AMENDING REPUBLIC ACT NO. 10175 OTHERWISE KNOWN AS THE ""CYBERCRIME PREVENTION ACT OF 2012"", APPROPRIATING FUNDS THEREFOR, AND FOR OTHER PURPOSES","2026-08-24","National","1. CHUA-TAI, KATRINA REIKO","2026-08-26","INFORMATION AND COMMUNICATIONS TECHNOLOGY","Pending with the Committee on INFORMATION AND COMMUNICATIONS TECHNOLOGY since 2026-08-26","https://docs.congress.hrep.online/legisdocs/basic_20/hb10905.pdf","https://www.congress.gov.ph/bill/history?billno=HB10905&congress=20","","Referral To The Committee On: INFORMATION AND COMMUNICATIONS TECHNOLOGY On 2026-08-26","","","",""
"HB10906","Principal Authored Bills","AN ACT STRENGTHENING BUYER PROTECTION AGAINST NON-EXCHANGEABLE DEFECTIVE GOODS, AMENDING FOR THIS PURPOSE SECTIONS 68 AND 100 OF REPUBLIC ACT NO. 7394, OTHERWISE KNOWN AS THE ""CONSUMER ACT OF THE PHILIPPINES,"" AND FOR OTHER PURPOSES","2026-08-24","National","1. CHUA-TAI, KATRINA REIKO","2026-08-26","TRADE AND INDUSTRY","Pending with the Committee on TRADE AND INDUSTRY since 2026-08-26","https://docs.congress.hrep.online/legisdocs/basic_20/hb10906.pdf","https://www.congress.gov.ph/bill/history?billno=HB10906&congress=20","","Referral To The Committee On: TRADE AND INDUSTRY On 2026-08-26","","","",""
"HB10907","Principal Authored Bills","AN ACT INCREASING THE RETIREMENT AGE FOR UNIFORMED PERSONNEL OF THE PHILIPPINE NATIONAL POLICE (PNP) FROM 56 YEARS OLD TO 57 YEARS OLD, AMENDING FOR THE PURPOSE SECTION 39 OF REPUBLIC ACT NO. 6975, OTHERWISE KNOWN AS THE ""DEPARTMENT OF THE INTERIOR AND LOCAL GOVERNMENT ACT OF 1990"", AS AMENDED","2026-08-24","National","1. CHUA-TAI, KATRINA REIKO","2026-08-26","PUBLIC ORDER AND SAFETY","Pending with the Committee on PUBLIC ORDER AND SAFETY since 2026-08-26","https://docs.congress.hrep.online/legisdocs/basic_20/hb10907.pdf","https://www.congress.gov.ph/bill/history?billno=HB10907&congress=20","","Referral To The Committee On: PUBLIC ORDER AND SAFETY On 2026-08-26","","","",""
"HB10923","Principal Authored Bills","AN ACT STRENGTHENING THE PROTECTION OF PATIENTS AGAINST HOSPITAL DETENTION ON GROUNDS OF NONPAYMENT OF HOSPITAL BILLS OR MEDICAL EXPENSES AND PROVIDING STIFFER PENALTIES FOR VIOLATIONS THEREOF, AMENDING FOR THE PURPOSE REPUBLIC ACT NO. 9439, ENTITLED “AN ACT PROHIBITING THE DETENTION OF PATIENTS IN HOSPITALS AND MEDICAL CLINICS ON GROUNDS OF NONPAYMENT OF HOSPITAL BILLS OR MEDICAL EXPENSES”","2026-08-24","National","1. PLEYTO, SALVADOR A. 2. HERNANDEZ, CHARISSE ANNE C. 3. ISMULA, DADAH KIRAM 4. DIOKNO, JOSE MANUEL TADEO ""Chel"" I. 5. CENDAÑA, PERCIVAL ""Perci"" 6. BAG-AO, KAKA J. 7. BOCOBO, JORGE DANIEL S. 8. AYON, ARLYN P. 9. RECTO, RYAN S. 10. SORIANO, JEFFREY 11. LAZATIN, CARMELO JR. G. 12. DE LIMA, LEILA M. 13. GATO, CIRIACO JR. B., MD, FPSO-HNS 14. ORETA, ANTOLIN III A. 15. AQUINO-MAGSAYSAY, MILAGROS 16. BULUT-BEGTANG, ELEANOR C. 17. DIMACUHA, BEVERLEY ROSE A. 18. CARI, CARL NICOLAS C. 19. ARBISON, MUNIR JR. N. 20. REMULLA, CRISPIN DIEGO D. 21. POE, BRIAN 22. CHUA-TAI, KATRINA REIKO 23. ARROGANCIA, REYNANTE U. 24. ARENAS, MARIA RACHEL J. 25. BANCORO, MARLO C. 26. GUINTU, IVAN HOWARD A. 27. SOLON, STEVE CHIONGBIAN 28. ZUBIRI, AUDREY KAY T. 29. ESCUDERO, MARIE BERNADETTE G. 30. HOFER-HASIM, MARLESA ""Doc Marly"" 31. MACAPAGAL-ARROYO, GLORIA 32. ROMUALDO, JURDIN JESUS M. 33. CRUZADO, EDWIN L.,MD. 34. MARQUEZ, JESUS ""Jess"" R. 35. CHUNGALAO, SOLOMON R. 36. OAMINAL, HENRY ""Indy"" JR F. 37. BAUTISTA, JOHANNE MONICH G. 38. LAGBAS, ATTY. JENNIFER ""Karen"" A. 39. PANALIGAN, ARNAN C. 40. TARRIELA, LEODY ""Odie"" F. 41. DAGOOC, SERGIO C. 42. DEGAMO, JANICE 43. ACOSTA, GIL ""KabarangayJr"" 44. IWAY, EMMANUEL L. 45. CRUZ, AGATHA ""Agay"" 46. ROQUE, LAARNI LAVIN 47. VERGARA, JULIUS CESAR ""Jay"" V. 48. SAN FERNANDO, ELIJAH RUMBAOA 49. LARA, JOSEPH ""Jojo"" L. 50. SINGSON-MEEHAN, KRISTINE 51. MACEDA, GISELLE MARY L. 52. GORRICETA, KATHRYN JOYCE F. MD 53. VELOSO, GIRLIE E.","2026-08-25","HEALTH","Measure recommitted on 2026-09-01","https://docs.congress.hrep.online/legisdocs/basic_20/hb10923.pdf","https://www.congress.gov.ph/bill/history?billno=HB10923&congress=20","","Referral To The Committee On: RULES On 2026-08-25
Date Included In OB: 2026-08-25
Date Recommitted: 2026-09-01
Remarks: Recommitted to the Committee on Health for perfecting amendments.","Committee Report No.: 00589
Submitted On: 2026-08-24
Submitted By: HEALTH
Recommendations: Recommending its approval in substitution of House Bills Numbered 302, 1138, 6832, 7442, 7476, 8299, 9785, 9898, and 10135
Substituted Bills: HB00302, HB01138, HB06832, HB07442, HB07476, HB08299, HB09785, HB09898, HB10135","","",""
"HB10924","Principal Authored Bills","AN ACT FIXING THE TERM OF OFFICE OF BARANGAY OFFICIALS AND MEMBERS OF THE SANGGUNIANG KABATAAN TO FIVE (5) YEARS, AMENDING REPUBLIC ACT NO. 12232 OR “AN ACT SETTING THE TERM OF OFFICE OF THE BARANGAY OFFICIALS AND MEMBERS OF THE SANGGUNIANG KABATAAN, AND FOR OTHER PURPOSES”","2026-08-24","National","1. BENITEZ, JAVIER MIGUEL LOPEZ 2. AGARAO, BENJAMIN JR. C. 3. AGYAO, CAROLINE B. MD 4. ALANO,USTADZ YUSOP T. 5. ALBANO, ANTONIO ""Tonypet"" T. 6. AMANTE, LORETO S. 7. ANGELES, MARIA CRISTINA C. 8. CHAN, JUNARD ""Ahong"" Q. 9. CHUA-TAI, KATRINA REIKO 10. CRUZ, AGATHA ""Agay"" 11. DIMAGUILA, WALFREDO ""ARMAN"" R. JR. 12. DIMAPORO, IMELDA QUIBRANZA 13. GARCIA, ALBERT S. 14. GARCIA, MARIA ANGELA S. 15. GO, ED CHRISTOPHER S. 16. GOMEZ, RICHARD I., DPA 17. GONZALES, ROY M. 18. HERNANDEZ, CHARISSE ANNE C. 19. HERNANDEZ, RAMIL LAUREL 20. LAZATIN, CARMELO JR. G. 21. LUMAYAG, ISIDRO D. 22. MANGUDADATU, ESMAEL G. 23. MATIBAG, ANN 24. MATUGAS, FRANCISCO ""Lalo"" T. 25. MERCADO, ROGER GAVIOLA 26. NOLASCO, RAMON C. 27. ONGCHUAN, EDWIN 28. PIMENTEL, ALEXANDER TY 29. SALVADOR, MARIO ""Kokoy"" O. 30. TARRIELA, LEODY ""Odie"" F. 31. UY, ROBERTO ""Pinpin"" JR. T. 32. VARGAS-ALFONSO, BABY ALINE 33. VARGAS, PATRICK MICHAEL D. 34. VERGARA, JULIUS CESAR ""Jay"" V. 35. VILLA, ZALDY S. 36. VIOLAGO, MARK CHOLO I.","2026-08-26","LOCAL GOVERNMENT","Pending with the Committee on LOCAL GOVERNMENT since 2026-08-26","https://docs.congress.hrep.online/legisdocs/basic_20/hb10924.pdf","https://www.congress.gov.ph/bill/history?billno=HB10924&congress=20","","Referral To The Committee On: LOCAL GOVERNMENT On 2026-08-26","","","",""
"HB10971","Principal Authored Bills","AN ACT FIXING THE TERM OF OFFICE OF BARANGAY OFFICIALS AND MEMBERS OF THE SANGGUNIANG KABATAAN TO FIVE (5) YEARS, AMENDING REPUBLIC ACT NO. 12232 OR “AN ACT SETTING THE TERM OF OFFICE OF BARANGAY OFFICIALS AND MEMBERS OF THE SANGGUNIANG KABATAAN, AND FOR OTHER PURPOSES”","2026-08-26","National","1. ESCUDERO, MARIE BERNADETTE G. 2. GARIN, JANETTE L. 3. SUAREZ, DAVID ""Jay-Jay"" C. 4. ORTEGA, FRANCISCO PAOLO V P. 5. KHONGHUN, JEFFERSON F. 6. ZAMORA, YSABEL MARIA J. 7. RIDON, TERRY L. 8. LUISTRO, ATTY. GERVILE ""Jinky Bitrics"" R. 9. ACIDRE, JUDE A. 10. CHUA, JOEL R. 11. LIBANAN, MARCELINO C. 12. GONZALES, CHRISTOPHER SHEEN P. 13. TEODORO, MARCELINO ""Marcy"" R. 14. PIMENTEL, ALEXANDER TY 15. MENDOZA, RAYMOND DEMOCRITO C. 16. BENITEZ, ALFREDO ""Albee"" B. 17. GONZALES, ALYSSA MICHAELA “Mica” M. 18. CO-PILAR, MA. VICTORIA 19. LAGDAMEO, MONIQUE YAZMIN MARIA Q. 20. ROMAN, ANTONINO III B. 21. OAMINAL, HENRY ""Indy"" JR F. 22. MARQUEZ, JESUS ""Jess"" R. 23. CRUZADO, EDWIN L.,MD. 24. CORVERA, DALE B. 25. RODRIGUEZ, MAXIMO JR. B. 26. LEGAZPI, KARL FERNANDEZ 27. BENITEZ, JAVIER MIGUEL LOPEZ 28. AGARAO, BENJAMIN JR. C. 29. AGYAO, CAROLINE B. MD 30. ALANO,USTADZ YUSOP T. 31. ALBANO, ANTONIO ""Tonypet"" T. 32. AMANTE, LORETO S. 33. ANGELES, MARIA CRISTINA C. 34. CHAN, JUNARD ""Ahong"" Q. 35. CHUA-TAI, KATRINA REIKO 36. CRUZ, AGATHA ""Agay"" 37. DIMAGUILA, WALFREDO ""ARMAN"" R. JR. 38. DIMAPORO, IMELDA QUIBRANZA 39. GARCIA, ALBERT S. 40. GARCIA, MARIA ANGELA S. 41. GO, ED CHRISTOPHER S. 42. GOMEZ, RICHARD I., DPA 43. GONZALES, ROY M. 44. HERNANDEZ, CHARISSE ANNE C. 45. HERNANDEZ, RAMIL LAUREL 46. LAZATIN, CARMELO JR. G. 47. LUMAYAG, ISIDRO D. 48. MANGUDADATU, ESMAEL G. 49. MATIBAG, ANN 50. MATUGAS, FRANCISCO ""Lalo"" T. 51. MERCADO, ROGER GAVIOLA 52. NOLASCO, RAMON C. 53. ONGCHUAN, EDWIN 54. SALVADOR, MARIO ""Kokoy"" O. 55. TARRIELA, LEODY ""Odie"" F. 56. UY, ROBERTO ""Pinpin"" JR. T. 57. VARGAS-ALFONSO, BABY ALINE 58. VARGAS, PATRICK MICHAEL D. 59. VERGARA, JULIUS CESAR ""Jay"" V. 60. VILLA, ZALDY S. 61. VIOLAGO, MARK CHOLO I. 62. MIRAFLORES, FLORENCIO T.","2026-08-26","LOCAL GOVERNMENT","House adopted Senate Bill as amendment to House Bill on 2026-09-16","https://docs.congress.hrep.online/legisdocs/basic_20/hb10971.pdf","https://www.congress.gov.ph/bill/history?billno=HB10971&congress=20","1. Primicias-Agabas (000 2026-09-03)
2. Dionisio (000 2026-09-03)
3. Gutierrez (000 2026-09-03)
4. Ortega (000 2026-09-03)
5. Khonghun (000 2026-09-03)
6. Adiong (000 2026-09-03)
7. Sakaluran (000 2026-09-07)
8. Villafuerte (M. L. R.) (000 2026-09-08)
9. Glepa (000 2026-09-09)
10. Yu (J.K.) (000 2026-09-09)
11. Yu (J.V.) (000 2026-09-09)
12. Robes (000 2026-09-08)
13. Abante (000 2026-09-07)
Author/s (Final/Third Reading)
1. Escudero
2. Garin
3. Suarez
4. Ortega
5. Khonghun
6. Zamora (Y.M.)
7. Ridon
8. Luistro
9. Acidre
10. Chua
11. Libanan
12. Gonzales (C. S.)
13. Teodoro
14. Pimentel
15. Mendoza
16. Benitez (A.)
17. Gonzales (A. M.)
18. Co-Pilar
19. Lagdameo (M. Y. M. Q.)
20. Roman
21. Oaminal (H. F.)
22. Marquez
23. Cruzado
24. Corvera
25. Rodriguez (M. B.)
26. Legazpi(K.)
27. Benitez (J.M.)
28. Agarao
29. Agyao
30. Alano
31. Albano
32. Amante
33. Angeles
34. Chan
35. Chua-Tai
36. Cruz (A.)
37. Dimaguila
38. Dimaporo ( I. Q.)
39. Garcia (A.)
40. Garcia (M. A.)
41. Go
42. Gomez
43. Gonzales (R.)
44. Hernandez (C. A.)
45. Hernandez (R. L.)
46. Lazatin
47. Lumayag
48. Mangudadatu
49. Matibag
50. Matugas
51. Mercado
52. Nolasco
53. Ongchuan
54. Salvador
55. Tarriela
56. Uy (R. JR.)
57. Vargas-Alfonso
58. Vargas
59. Vergara
60. Villa ( Z.)
61. Violago
62. Miraflores","Referral To The Committee On: RULES On 2026-08-26
Date Included In OB: 2026-08-26
Date Calendared: 2026-09-01","Committee Report No.: 00591
Submitted On: 2026-08-26
Submitted By: LOCAL GOVERNMENT
Recommendations: Recommending its approval in substitution of House Bills Numbered 1125, 10656, 10713, 10714 and 10807
Substituted Bills: HB10656, HB01125, HB10713, HB10714, HB10807","Period Of Sponsorship: 2026-09-01
Sponsored By: Miraflores;Roman;Benitez (J.M.);Oaminal (H. F.)
Period Of Interpellations: 2026-09-01
Interpellated By: Co (R. L. M.), Tinio
Period Of Individual Amendments: 2026-09-02
Amended By: Benitez (J.M.)
Final List of Author
1. Escudero
2. Garin
3. Suarez
4. Ortega
5. Khonghun
6. Zamora (Y.M.)
7. Ridon
8. Luistro
9. Acidre
10. Chua
11. Libanan
12. Gonzales (C. S.)
13. Teodoro
14. Pimentel
15. Mendoza
16. Benitez (A.)
17. Gonzales (A. M.)
18. Co-Pilar
19. Lagdameo (M. Y. M. Q.)
20. Roman
21. Oaminal (H. F.)
22. Marquez
23. Cruzado
24. Corvera
25. Rodriguez (M. B.)
26. Legazpi(K.)
27. Benitez (J.M.)
28. Agarao
29. Agyao
30. Alano
31. Albano
32. Amante
33. Angeles
34. Chan
35. Chua-Tai
36. Cruz (A.)
37. Dimaguila
38. Dimaporo ( I. Q.)
39. Garcia (A.)
40. Garcia (M. A.)
41. Go
42. Gomez
43. Gonzales (R.)
44. Hernandez (C. A.)
45. Hernandez (R. L.)
46. Lazatin
47. Lumayag
48. Mangudadatu
49. Matibag
50. Matugas
51. Mercado
52. Nolasco
53. Ongchuan
54. Salvador
55. Tarriela
56. Uy (R. JR.)
57. Vargas-Alfonso
58. Vargas
59. Vergara
60. Villa ( Z.)
61. Violago
62. Miraflores
Date Approved On Second Reading: 2026-09-02","Date Copy Distributed To Members: 2026-09-03
Date Approved By The House On Third Reading: 2026-09-08
Third Reading Title: AN ACT FIXING THE TERM OF OFFICE OF BARANGAY OFFICIALS AND MEMBERS OF THE SANGGUNIANG KABATAAN TO FIVE (5) YEARS, AMENDING REPUBLIC ACT NO. 12232 OR ""AN ACT SETTING THE TERM OF OFFICE OF BARANGAY OFFICIALS AND MEMBERS OF THE SANGGUNIANG KABATAAN, AND FOR OTHER PURPOSES""
House Votes: YEAS:211 NAYS:13 ABSTAIN:1
Date Transmitted To The Senate: 2026-09-10
Actions Taken By The Senate/House
Date Received By The Senate: 2026-09-10
Date House Adopted Senate Bill As An Amendment To House Bill: 2026-09-16",""
"HB11093","Principal Authored Bills","AN ACT STRENGTHENING ONE TOWN, ONE PRODUCT PHILIPPINES ENTERPRISES THROUGH THE ESTABLISHMENT OF ONE TOWN, ONE PRODUCT PHILIPPINES CENTERS IN ANY READILY AVAILABLE SPACE IN TRANSPORTATION TERMINALS, PORTS, AIRPORTS, RAILWAY STATIONS, AND INTERMODAL TRANSPORT FACILITIES, AND FOR OTHER PURPOSES","2026-09-02","National","1. CHUA-TAI, KATRINA REIKO","2026-09-07","TRADE AND INDUSTRY","Pending with the Committee on TRADE AND INDUSTRY since 2026-09-07","https://docs.congress.hrep.online/legisdocs/basic_20/hb11093.pdf","https://www.congress.gov.ph/bill/history?billno=HB11093&congress=20","","Referral To The Committee On: TRADE AND INDUSTRY On 2026-09-07","","","",""
"HB11094","Principal Authored Bills","AN ACT ESTABLISHING THE YAKAN WEAVING CULTURAL CENTER IN ZAMBOANGA CITY, PROVIDING FOR ITS FUNCTIONS, ADMINISTRATION, PROGRAMS, AND APPROPRIATING FUNDS THEREFOR","2026-09-02","Local","1. CHUA-TAI, KATRINA REIKO","2026-09-07","TRADE AND INDUSTRY","Pending with the Committee on TRADE AND INDUSTRY since 2026-09-07","https://docs.congress.hrep.online/legisdocs/basic_20/hb11094.pdf","https://www.congress.gov.ph/bill/history?billno=HB11094&congress=20","","Referral To The Committee On: TRADE AND INDUSTRY On 2026-09-07","","","",""
"HB11095","Principal Authored Bills","AN ACT AMENDING REPUBLIC ACT NO. 11960, OTHERWISE KNOWN AS THE ""OTOP PHILIPPINES ACT,"" BY AMENDING SECTION 11 THEREOF AND INSERTING A NEW SECTION 11-A ESTABLISHING THE OTOP PHILIPPINES REGISTRY, AND FOR OTHER PURPOSES","2026-09-02","National","1. CHUA-TAI, KATRINA REIKO","2026-09-07","TRADE AND INDUSTRY","Pending with the Committee on TRADE AND INDUSTRY since 2026-09-07","https://docs.congress.hrep.online/legisdocs/basic_20/hb11095.pdf","https://www.congress.gov.ph/bill/history?billno=HB11095&congress=20","","Referral To The Committee On: TRADE AND INDUSTRY On 2026-09-07","","","",""
"HB11096","Principal Authored Bills","AN ACT STRENGTHENING MICRO, SMALL AND MEDIUM ENTERPRISES THROUGH THE TOURISM PROMOTION AND EXPORT DEVELOPMENT OF ONE TOWN, ONE PRODUCT (OTOP) PRODUCTS AND LOCAL AGRICULTURAL PRODUCE, AND FOR OTHER PURPOSES","2026-09-02","National","1. CHUA-TAI, KATRINA REIKO","2026-09-07","TRADE AND INDUSTRY","Pending with the Committee on TRADE AND INDUSTRY since 2026-09-07","https://docs.congress.hrep.online/legisdocs/basic_20/hb11096.pdf","https://www.congress.gov.ph/bill/history?billno=HB11096&congress=20","","Referral To The Committee On: TRADE AND INDUSTRY On 2026-09-07","","","",""
"HB11097","Principal Authored Bills","AN ACT PROMOTING THE MARKET ACCESS AND ECONOMIC DEVELOPMENT OF ONE TOWN, ONE PRODUCT (OTOP) ENTERPRISES BY ENSURING THE AIR TRANSPORTATION OF QUALIFIED OTOP PRODUCTS, PROVIDING FOR AN OTOP AIR TRANSPORT PRIVILEGE FOR QUALIFIED BENEFICIARIES AND MICRO, SMALL AND MEDIUM ENTERPRISES, SUBJECT TO AVIATION SAFETY, SECURITY, QUARANTINE, SANITARY, PHYTOSANITARY AND OTHER APPLICABLE LAWS, RULES AND REGULATIONS, AND FOR OTHER PURPOSES","2026-09-02","National","1. CHUA-TAI, KATRINA REIKO","2026-09-07","TRADE AND INDUSTRY","Pending with the Committee on TRADE AND INDUSTRY since 2026-09-07","https://docs.congress.hrep.online/legisdocs/basic_20/hb11097.pdf","https://www.congress.gov.ph/bill/history?billno=HB11097&congress=20","","Referral To The Committee On: TRADE AND INDUSTRY On 2026-09-07","","","",""
"HB11098","Principal Authored Bills","AN ACT PROVIDING FOR THE DEVELOPMENT, PROTECTION, PRESERVATION, INNOVATION, AND EXPANSION OF YAKAN WEAVING AND YAKAN TEXTILE PRODUCTION IN THE PHILIPPINES, RECOGNIZING YAKAN MASTER WEAVERS, PROVIDING FOR THEIR TEACHING AND BUSINESS CAPACITY, ESTABLISHING A CREDIT AND EXPORT DEVELOPMENT FACILITY AND A YAKAN WEAVING DEVELOPMENT FUND, AND PROVIDING FUNDS THEREFOR","2026-09-02","National","1. CHUA-TAI, KATRINA REIKO","2026-09-07","TRADE AND INDUSTRY","Pending with the Committee on TRADE AND INDUSTRY since 2026-09-07","https://docs.congress.hrep.online/legisdocs/basic_20/hb11098.pdf","https://www.congress.gov.ph/bill/history?billno=HB11098&congress=20","","Referral To The Committee On: TRADE AND INDUSTRY On 2026-09-07","","","",""
"HB11099","Principal Authored Bills","AN ACT DECLARING FEBRUARY 26 OF EVERY YEAR AS A SPECIAL (NON-WORKING) HOLIDAY THROUGHOUT THE CITY OF ZAMBOANGA IN COMMEMORATION OF ITS CHARTER ANNIVERSARY","2026-09-02","Local","1. CHUA-TAI, KATRINA REIKO","2026-09-07","LOCAL GOVERNMENT","Pending with the Committee on LOCAL GOVERNMENT since 2026-09-07","https://docs.congress.hrep.online/legisdocs/basic_20/hb11099.pdf","https://www.congress.gov.ph/bill/history?billno=HB11099&congress=20","","Referral To The Committee On: LOCAL GOVERNMENT On 2026-09-07","","","",""
"HB11100","Principal Authored Bills","AN ACT ESTABLISHING THE ""YAKAN MASTER WEAVER"" NATIONAL RECOGNITION AND STRENGTHEN THE PRESERVATION AND TRANSMISSION OF YAKAN WEAVING TRADITIONS BY AMENDING REPUBLIC ACT NO. 7355, OTHERWISE KNOWN AS THE ""MANLILIKHA NG BAYAN ACT""","2026-09-02","National","1. CHUA-TAI, KATRINA REIKO","2026-09-07","TRADE AND INDUSTRY","Pending with the Committee on TRADE AND INDUSTRY since 2026-09-07","https://docs.congress.hrep.online/legisdocs/basic_20/hb11100.pdf","https://www.congress.gov.ph/bill/history?billno=HB11100&congress=20","","Referral To The Committee On: TRADE AND INDUSTRY On 2026-09-07","","","",""
"HB11234","Principal Authored Bills","AN ACT CONFERRING UPON THE CADETS OF THE PHILIPPINE NATIONAL POLICE ACADEMY THE STATUS OF GOVERNMENT EMPLOYEES, GRANTING SALARIES, BENEFITS, AND PRIVILEGES, PROVIDING FOR THEIR APPOINTMENT, ELIGIBILITY, DISABILITY AND DEATH BENEFITS, PRESCRIBING AN EIGHT-YEAR SERVICE OBLIGATION FOR PNPA GRADUATES, AND FOR OTHER PURPOSES","2026-09-09","National","1. CHUA-TAI, KATRINA REIKO","2026-09-14","PUBLIC ORDER AND SAFETY","Pending with the Committee on PUBLIC ORDER AND SAFETY since 2026-09-14","https://docs.congress.hrep.online/legisdocs/basic_20/hb11234.pdf","https://www.congress.gov.ph/bill/history?billno=HB11234&congress=20","","Referral To The Committee On: PUBLIC ORDER AND SAFETY On 2026-09-14","","","",""
"HB11235","Principal Authored Bills","AN ACT ESTABLISHING THE NATIONAL CHILD BEHAVIOR, PROTECTION AND POSITIVE DEVELOPMENT FRAMEWORK, PROVIDING A MULTISECTORAL SYSTEM FOR THE PREVENTION OF VIOLENCE, PROMOTION OF POSITIVE CHILD DEVELOPMENT, FAMILY SUPPORT, SAFE LEARNING ENVIRONMENTS, AND ACCESS TO RESPONSE SERVICES, AND APPROPRIATING FUNDS THEREFOR","2026-09-09","National","1. CHUA-TAI, KATRINA REIKO","2026-09-14","WELFARE OF CHILDREN","Pending with the Committee on WELFARE OF CHILDREN since 2026-09-14","https://docs.congress.hrep.online/legisdocs/basic_20/hb11235.pdf","https://www.congress.gov.ph/bill/history?billno=HB11235&congress=20","","Referral To The Committee On: WELFARE OF CHILDREN On 2026-09-14","","","",""
"HB11264","Principal Authored Bills","AN ACT EXPANDING THE SCOPE OF REPUBLIC ACT NO. 11313, OTHERWISE KNOWN AS THE ""SAFE SPACES ACT,"" INCREASING THE PENALTIES FOR GENDER-BASED SEXUAL HARASSMENT ACTS, AND DEFINING AND PENALIZING THE ACT OF GROOMING","2026-09-14","National","1. BAG-AO, KAKA J. 2. DIOKNO, JOSE MANUEL TADEO ""Chel"" I. 3. CENDAÑA, PERCIVAL ""Perci"" 4. ISMULA, DADAH KIRAM 5. ABALOS, JC M. 6. BERNOS, CHING B. 7. ELAGO, SARAH JANE I. 8. TINIO, ANTONIO L. 9. CO, RENEE LOUISE M. 10. MATIBAG, ANN 11. AGARAO, BENJAMIN JR. C. 12. REMULLA, CRISPIN DIEGO D. 13. DE LIMA, LEILA M. 14. MONTES, IRIS MARIE DEMESA 15. LAGMAN, CIELO KRISEL 16. ERICE, EDGAR R. 17. OLIVAREZ, ERIC L. 18. BERNOS, JB 19. VILLARICA, LINABELLE RUTH R. 20. DIMAPORO, SITTIE AMINAH Q. 21. ZAMORA, YSABEL MARIA J. 22. MACEDA, GISELLE MARY L. 23. CRUZ, AGATHA ""Agay"" 24. CHUA-TAI, KATRINA REIKO 25. AGYAO, CAROLINE B. MD 26. DEGAMO, JANICE 27. VELOSO, GIRLIE E. 28. MERCADO-REVILLA, LANI 29. YATCO, FLORABEL C. 30. ANGELES, MARIA CRISTINA C. 31. BULUT-BEGTANG, ELEANOR C. 32. GONZALES, ALEXANDRIA ""Queenie"" 33. GORRICETA, KATHRYN JOYCE F. MD","2026-09-14","RULES","Pending With Rules (Included in OB on 2026-09-14)","https://docs.congress.hrep.online/legisdocs/basic_20/hb11264.pdf","https://www.congress.gov.ph/bill/history?billno=HB11264&congress=20","1. Salceda (000 2026-09-15)","Referral To The Committee On: RULES On 2026-09-14
Date Included In OB: 2026-09-14","Committee Report No.: 00635
Submitted On: 2026-09-14
Submitted By: WOMEN AND GENDER EQUALITY
Recommendations: Recommending its approval in substitution of House Bills Numbered 768, 1047, 3118, 5198, 5464, 5564, 8217, and 8717
Substituted Bills: HB00768, HB01047, HB03118, HB05198, HB05464, HB05564, HB08217, HB08717","","",""
"HR00217","Principal Authored Bills","A RESOLUTION COMMENDING AND CONGRATULATING THE PNP DRUG ENFORCEMENT GROUP — ZAMBOANGA CITY, PDEA REGIONAL OFFICE IX, REGIONAL DRUG ENFORCEMENT UNIT IX, POLICE STATION 11 — ZAMBOANGA CITY, 2ND SEABORNE MOBILE FORCE COMPANY OF THE PNP MARITIME GROUP, AND THE REGIONAL MOBILE FORCE BATTALION 9 OF REGION IX, ZAMBOANGA PENINSULA, FOR THEIR EXEMPLARY PERFORMANCE IN SUCCESSFUL ANTI-ILLEGAL DRUG OPERATIONS AND THEIR UNWAVERING COMMITMENT TO COMBATING THE ILLEGAL DRUG TRADE IN THE COUNTRY","2025-09-01","","1. CHUA-TAI, KATRINA REIKO","2025-09-03","PUBLIC ORDER AND SAFETY","Pending with the Committee on PUBLIC ORDER AND SAFETY since 2025-09-03","https://docs.congress.hrep.online/legisdocs/basic_20/hr00217.pdf","https://www.congress.gov.ph/bill/history?billno=HR00217&congress=20","","Referral To The Committee On: PUBLIC ORDER AND SAFETY On 2025-09-03","","","",""
"HR00735","Principal Authored Bills","A RESOLUTION COMMENDING AND CONGRATULATING THE PHILIPPINE DELEGATION FOR ITS EXEMPLARY AND INSPIRING PERFORMANCE IN THE 2025 SOUTHEAST ASIAN GAMES, WITH SPECIAL RECOGNITION OF THE OUTSTANDING CONTRIBUTIONS OF ATHLETES FROM THE REGIONS WHO BROUGHT HONOR AND DISTINCTION TO THE REPUBLIC OF THE PHILIPPINES","2026-02-04","","1. CHUA-TAI, KATRINA REIKO","2026-02-09","RULES","Pending with the Committee on RULES since 2026-02-09","https://docs.congress.hrep.online/legisdocs/basic_20/hr00735.pdf","https://www.congress.gov.ph/bill/history?billno=HR00735&congress=20","","Referral To The Committee On: RULES On 2026-02-09","","","",""
"HR01379","Principal Authored Bills","A RESOLUTION CALLING UPON THE APPROPRIATE COMMITTEE/S OF THE HOUSE OF REPRESENTATIVES TO CONDUCT AN INVESTIGATION, IN AID OF LEGISLATION, INTO THE AUGUST 18, 2026 SHOOTING INCIDENT AT THE ATENEO DE ZAMBOANGA UNIVERSITY, BARANGAY TUMAGA, ZAMBOANGA CITY, WITH THE END VIEW OF STRENGTHENING SCHOOL SAFETY AND SECURITY MEASURES, IMPROVING FIREARM STORAGE AND ACCOUNTABILITY REGULATIONS, FORTIFYING MENTAL HEALTH AND PSYCHOSOCIAL INTERVENTION PROGRAMS, STRENGTHENING ANTI-BULLYING AND THREAT ASSESSMENT MECHANISMS, AND FORMULATING A COMPREHENSIVE NATIONAL FRAMEWORK FOR THE PREVENTION OF SCHOOL-BASED VIOLENCE, ENSURING THE PROTECTION OF STUDENTS, TEACHERS, SCHOOL PERSONNEL, AND EDUCATIONAL COMMUNITIES FROM ACTS OF VIOLENCE","2026-08-18","","1. CHUA-TAI, KATRINA REIKO","2026-08-24","BASIC EDUCATION AND CULTURE","Pending with the Committee on BASIC EDUCATION AND CULTURE since 2026-09-02","https://docs.congress.hrep.online/legisdocs/basic_20/hr01379.pdf","https://www.congress.gov.ph/bill/history?billno=HR01379&congress=20","","Referral To The Committee On: BASIC EDUCATION AND CULTURE On 2026-09-02
Secondarily Referred To The Committee(s) On: PUBLIC ORDER AND SAFETY
Previous Committee Referrals: PRIMARILY REFERRED TO RULES on 2026-08-24","","","",""
"HB00033","Co-Authored Bills","AN ACT FURTHER STRENGTHENING THE INCENTIVES FOR PRIVATE SECTOR PARTICIPATION IN PUBLIC EDUCATIONAL INSTITUTIONS BY AMENDING CERTAIN PROVISIONS IN REPUBLIC ACT NO. 8525, OTHERWISE KNOWN AS THE ""ADOPT-A-SCHOOL ACT OF 1998""","2025-06-30","National","1. FRESNEDI, JAIME R.","2025-07-29","BASIC EDUCATION AND CULTURE","Pending with the Committee on BASIC EDUCATION AND CULTURE since 2025-07-29","https://docs.congress.hrep.online/legisdocs/basic_20/hb00033.pdf","https://www.congress.gov.ph/bill/history?billno=HB00033&congress=20","1. Rivera (000 2025-08-20)
2. Chua-Tai (000 2025-10-20)
3. Dimacuha (000 2025-12-03)
4. Robes (000 2025-12-15)","Referral To The Committee On: BASIC EDUCATION AND CULTURE On 2025-07-29
Secondarily Referred To The Committee(s) On: HIGHER AND TECHNICAL EDUCATION","","","",""
"HB00035","Co-Authored Bills","AN ACT ESTABLISHING A SAFETY INTERNET EDUCATION PROGRAM IN THE CURRICULUM OF ALL ELEMENTARY AND SECONDARY SCHOOLS","2025-06-30","National","1. FRESNEDI, JAIME R.","2025-07-29","BASIC EDUCATION AND CULTURE","Pending with the Committee on BASIC EDUCATION AND CULTURE since 2025-07-29","https://docs.congress.hrep.online/legisdocs/basic_20/hb00035.pdf","https://www.congress.gov.ph/bill/history?billno=HB00035&congress=20","1. Rivera (000 2025-08-20)
2. Angeles (000 2025-09-02)
3. Chua-Tai (000 2025-10-20)","Referral To The Committee On: BASIC EDUCATION AND CULTURE On 2025-07-29","","","",""
"HB00036","Co-Authored Bills","AN ACT INSTITUTIONALIZING GOVERNMENT SUPPORT FOR GIFTED AND TALENTED STUDENTS, APPROPRIATING FUNDS THEREFOR, AND FOR OTHER PURPOSES","2025-06-30","National","1. FRESNEDI, JAIME R.","2025-07-29","BASIC EDUCATION AND CULTURE","Pending with the Committee on BASIC EDUCATION AND CULTURE since 2025-07-29","https://docs.congress.hrep.online/legisdocs/basic_20/hb00036.pdf","https://www.congress.gov.ph/bill/history?billno=HB00036&congress=20","1. Rivera (000 2025-08-20)
2. Angeles (000 2025-09-02)
3. Chua-Tai (000 2025-10-20)
4. Bulut-Begtang (000 2025-10-21)","Referral To The Committee On: BASIC EDUCATION AND CULTURE On 2025-07-29
Secondarily Referred To The Committee(s) On: HIGHER AND TECHNICAL EDUCATION","","","",""
"HB00041","Co-Authored Bills","AN ACT GRANTING LIFETIME VALIDITY OF PHILIPPINE PASSPORTS ISSUED TO SENIOR CITIZENS, FURTHER AMENDING FOR THE PURPOSE SECTION 10 OF REPUBLIC ACT NO. 8239, OTHERWISE KNOWN AS THE ""PHILIPPINE PASSPORT ACT OF 1996"" AS AMENDED","2025-06-30","National","1. DIONISIO, ERNESTO JR. M.","2025-07-29","FOREIGN AFFAIRS","Pending with the Committee on FOREIGN AFFAIRS since 2025-07-29","https://docs.congress.hrep.online/legisdocs/basic_20/hb00041.pdf","https://www.congress.gov.ph/bill/history?billno=HB00041&congress=20","1. Rivera (000 2025-08-26)
2. Benitez (J.M.) (000 2025-08-26)
3. Chua-Tai (000 2025-11-11)","Referral To The Committee On: FOREIGN AFFAIRS On 2025-07-29","","","",""
"HB00044","Co-Authored Bills","AN ACT DEFINING AND PROTECTING ELDERLY FROM ABUSE, PROVIDING PENALTIES THEREFORE, AND FOR OTHER PURPOSES","2025-06-30","National","1. DIONISIO, ERNESTO JR. M.","2025-07-29","SENIOR CITIZENS","Referred to the Technical Working Group (TWG) on 2026-02-24","https://docs.congress.hrep.online/legisdocs/basic_20/hb00044.pdf","https://www.congress.gov.ph/bill/history?billno=HB00044&congress=20","1. Rivera (000 2025-08-26)
2. Chua-Tai (000 2025-11-11)
3. Bocobo (000 2026-08-17)","Referral To The Committee On: SENIOR CITIZENS On 2025-07-29","Committee Hearings/Actions:
1. Referred to the Technical Working Group (TWG) on 2026-02-24","","",""
"HB00083","Co-Authored Bills","AN ACT AMENDING SECTION 22 OF REPUBLIC ACT NO. 4670, OTHERWISE KNOWN AS THE “MAGNA CARTA FOR PUBLIC SCHOOL TEACHERS,” THEREBY PROVIDING FREE ANNUAL COMPREHENSIVE PHYSICAL CHECK-UP FOR PUBLIC SCHOOL TEACHERS","2025-06-30","National","1. REVILLA, RAMON JOLO III B.                                              2. MERCADO-REVILLA, LANI                                              3. REVILLA, BRYAN B.","2025-07-29","BASIC EDUCATION AND CULTURE","Pending with the Committee on BASIC EDUCATION AND CULTURE since 2025-07-29","https://docs.congress.hrep.online/legisdocs/basic_20/hb00083.pdf","https://www.congress.gov.ph/bill/history?billno=HB00083&congress=20","1. Rivera (000 2025-08-20)
2. Bautista-Lim (000 2025-10-01)
3. Chua-Tai (000 2025-11-12)
4. Tulfo (R. W. P.) (000 2026-08-24)","Referral To The Committee On: BASIC EDUCATION AND CULTURE On 2025-07-29","","","",""
"HB00154","Co-Authored Bills","AN ACT PROVIDING FOR THE MAGNA CARTA OF SENIOR CITIZENS","2025-06-30","National","1. GALANG, GERALD CLOYD ALEXIS V.","2025-07-29","SENIOR CITIZENS","Pending with the Committee on SENIOR CITIZENS since 2025-07-29","https://docs.congress.hrep.online/legisdocs/basic_20/hb00154.pdf","https://www.congress.gov.ph/bill/history?billno=HB00154&congress=20","1. Rivera (000 2025-08-26)
2. Angeles (000 2025-09-03)
3. Chua-Tai (000 2025-10-20)","Referral To The Committee On: SENIOR CITIZENS On 2025-07-29","","","",""
"HB00199","Co-Authored Bills","AN ACT PROVIDING FURTHER OPPORTUNITIES FOR SENIOR CITIZENS AS EMPLOYEES IN PRIVATE ENTITIES BY GRANTING INCREASED INCENTIVES TO PRIVATE ENTITIES THAT EMPLOY SENIOR CITIZENS, AMENDING FOR THE PURPOSE CERTAIN PROVISION OF REPUBLIC ACT NO. 9994, OTHERWISE KNOWN AS THE EXPANDED SENIOR CITIZENS ACT OF 2010","2025-06-30","National","1. YAP, EDVIC G.","2025-07-29","SENIOR CITIZENS","Measure approved by the Committee on 2026-02-24","https://docs.congress.hrep.online/legisdocs/basic_20/hb00199.pdf","https://www.congress.gov.ph/bill/history?billno=HB00199&congress=20","(Journal Entries)
1. Rivera (000 2025-08-20)
2. Chua-Tai (000 2025-10-20)","Referral To The Committee On: SENIOR CITIZENS On 2025-07-29","Committee Hearings/Actions:

1. Deliberated upon by the Mother Committee on 2025-09-16

2. Measure approved by the Committee on 2026-02-24","","",""
"HB00255","Co-Authored Bills","AN ACT ESTABLISHING A RENTAL HOUSING SUBSIDY PROGRAM FOR INFORMAL SETTLER FAMILIES AND APPROPRIATING FUNDS THEREFOR","2025-06-30","National","1. MERCADO-REVILLA, LANI                                              2. REVILLA, BRYAN B.                                              3. REVILLA, RAMON JOLO III B.","2025-07-29","HOUSING AND URBAN DEVELOPMENT","Transmitted to the Committee on Appropriations on 2025-09-09","https://docs.congress.hrep.online/legisdocs/basic_20/hb00255.pdf","https://www.congress.gov.ph/bill/history?billno=HB00255&congress=20","(Journal Entries)
1. Singson-Meehan (000 2025-09-17)
2. Chua-Tai (000 2025-11-12)
3. Tulfo (R. W. P.) (000 2026-08-24)","Referral To The Committee On: HOUSING AND URBAN DEVELOPMENT On 2025-07-29","Committee Hearings/Actions:

1. Deliberated upon by the Mother Committee on 2025-08-20

2. Transmitted to the Committee on Appropriations on 2025-09-09","","",""
"HB00433","Co-Authored Bills","AN ACT STRENGTHENING THE NATIONAL HEALTH PROGRAM FOR SENIOR CITIZENS, AMENDING FOR THE PURPOSE REPUBLIC ACT NO. 7432, AS AMENDED, ENTITLED ""AN ACT TO MAXIMIZE THE CONTRIBUTION OF SENIOR CITIZENS TO NATION BUILDING, GRANT BENEFITS AND SPECIAL PRIVILEGES AND FOR OTHER PURPOSES""","2025-06-30","National","1. ORDANES, RODOLFO ""Ompong"" M.","2025-07-29","SENIOR CITIZENS","Pending with the Committee on SENIOR CITIZENS since 2025-07-29","https://docs.congress.hrep.online/legisdocs/basic_20/hb00433.pdf","https://www.congress.gov.ph/bill/history?billno=HB00433&congress=20","(Journal Entries)
1. Rivera (000 2025-08-20)
2. Chua-Tai (000 2025-10-20)
3. Angeles (000 2025-12-15)","Referral To The Committee On: SENIOR CITIZENS On 2025-07-29","","","",""
"HB00477","Co-Authored Bills","AN ACT PROVIDING EDUCATION PATHWAYS FOR BASIC EDUCATION STUDENTS, AND APPROPRIATING FUNDS THEREFOR","2025-06-30","National","1. ROMULO, ROMAN T.","2025-07-29","BASIC EDUCATION AND CULTURE","Deliberated upon by the Mother Committee on 2025-09-08","https://docs.congress.hrep.online/legisdocs/basic_20/hb00477.pdf","https://www.congress.gov.ph/bill/history?billno=HB00477&congress=20","(Journal Entries)
1. Del Mar (000 2025-08-11)
2. Solon (000 2025-08-20)
3. Rivera (000 2025-08-20)
4. Chua-Tai (000 2025-10-20)
5. Dimacuha (000 2025-12-03)
6. Poe (000 2026-01-28)
7. Zamora (Y.M.) (000 2026-03-04)
8. Emano (000 2026-07-06)","Referral To The Committee On: BASIC EDUCATION AND CULTURE On 2025-07-29","Committee Hearings/Actions:

1. Deliberated upon by the Mother Committee on 2025-09-08","","",""
"HB00484","Co-Authored Bills","AN ACT EXPANDING THE RESTRUCTURING AND CONDONATION PROGRAM FOR SOCIALIZED AND LOW-COST HOUSING LOANS, AMENDING FOR THE PURPOSE SECTIONS 3, 4, AND 5 OF REPUBLIC ACT NO. 9507, OR THE SOCIALIZED AND LOW-COST HOUSING LOAN RESTRUCTURING AND CONDONATION ACT OF 2008","2025-06-30","National","1. ROMULO, ROMAN T.","2025-07-29","HOUSING AND URBAN DEVELOPMENT","Substituted by HB06276","https://docs.congress.hrep.online/legisdocs/basic_20/hb00484.pdf","https://www.congress.gov.ph/bill/history?billno=HB00484&congress=20","(Journal Entries)
1. Rivera (000 2025-08-20)
2. Singson-Meehan (000 2025-09-09)
3. Galang (000 2025-09-29)
4. Chua-Tai (000 2025-10-20)
5. Calixto (000 2025-12-02)","Referral To The Committee On: HOUSING AND URBAN DEVELOPMENT On 2025-07-29","Committee Hearings/Actions:

1. Measure approved by the Committee on 2025-08-20

2. Committee Report filed on 2025-11-24

-CRN21 on HBN6276 - approved by the House on 2025-12-10; transmitted and received by the Senate on 2025-12-11

Mother Bill: HB06276

Co-Substituted Bills: HB01170, HB02111","","",""
"HB06276","Co-Authored Bills","AN ACT EXPANDING THE RESTRUCTURING AND CONDONATION PROGRAM FOR SOCIALIZED AND LOW-COST HOUSING LOANS, AMENDING FOR THE PURPOSE SECTIONS 3, 4, AND 5 OF REPUBLIC ACT NO. 9507, OR THE SOCIALIZED AND LOW-COST HOUSING LOAN RESTRUCTURING AND CONDONATION ACT OF 2008","2025-06-30","National","1. ROMULO, ROMAN T.","2025-07-29","HOUSING AND URBAN DEVELOPMENT","Substituted by HB06276","https://docs.congress.hrep.online/legisdocs/basic_20/hb06276.pdf","https://www.congress.gov.ph/bill/history?billno=HB06276&congress=20","1. Defensor (000 2025-12-03)
2. Marcos (000 2025-12-04)
3. Primicias-Agabas (000 2025-12-03)
4. Dionisio (000 2025-12-03)
5. Gutierrez (000 2025-12-03)
6. Ortega (000 2025-12-03)
7. Khonghun (000 2025-12-03)
8. Adiong (000 2025-12-03)
9. Garin (000 2025-12-03)
10. Santos (M.A.S.) (000 2025-12-03)
11. Remulla (000 2025-12-03)
12. Villafuerte (V. R. L. R.) (000 2025-12-03)
13. Teves (000 2025-12-03)
14. Yu (J.V.) (000 2025-12-03)
15. Veloso-Tuazon (000 2025-12-03)
16. Arbison (M. N. JR.) (000 2025-12-03)
17. Gullas (000 2025-12-03)
18. Lagon (D. A.) (000 2025-12-03)
19. Uy (R. JR.) (000 2025-12-03)
20. Tolentino (000 2025-12-03)
21. Benitez (J.M.) (000 2025-12-03)
22. Recto (R. S.) (000 2025-12-03)
23. Poe (000 2025-12-03)
24. Roman (000 2025-12-03)
25. Zamora (Y.M.) (000 2025-12-03)
26. Calixto (000 2025-12-02)
27. Chua (000 2026-03-19)
28. Tulfo (R. W. P.) (000 2026-07-29)
Author/s (Final/Third Reading)
1. Romulo
2. Robes
3. Guintu
4. Co-Pilar
5. De Lima
6. Gatchalian
7. Padiernos
8. Tereng
9. Oaminal (H. F.)
10. Oreta (A. A.)
11. Labadlabad
12. Galang
13. Ferrer (A. A.)
14. San Fernando
15. Mercado-Revilla
16. Ridon
17. Oducado
18. Gonzales (R.)
19. Lagon (S. L.)
20. Solon
21. Loyola
22. Rivera
23. Singson-Meehan
24. Chua-Tai
25. Calixto
26. Angeles
27. Defensor","Referral To The Committee On: RULES On 2025-11-24
Date Included In OB: 2025-11-24
Date Calendared: 2025-12-02","Committee Report No.: 00021
Submitted On: 2025-11-24
Submitted By: HOUSING AND URBAN DEVELOPMENT
Recommendations: Recommending its approval in substitution of House Bills Numbered 484, 1170, and 2111
Substituted Bills: HB00484, HB01170, HB02111","Period Of Sponsorship: 2025-12-03
Sponsored By: Co-Pilar
Period Of Individual Amendments: 2025-12-03
Amended By: Romulo, Defensor
Final List of Author
1. Romulo
2. Robes
3. Guintu
4. Co-Pilar
5. De Lima
6. Gatchalian
7. Padiernos
8. Tereng
9. Oaminal (H. F.)
10. Oreta (A. A.)
11. Labadlabad
12. Galang
13. Ferrer (A. A.)
14. San Fernando
15. Mercado-Revilla
16. Ridon
17. Oducado
18. Gonzales (R.)
19. Lagon (S. L.)
20. Solon
21. Loyola
22. Rivera
23. Singson-Meehan
24. Chua-Tai
25. Calixto
26. Angeles
27. Defensor
Date Approved On Second Reading: 2025-12-03","Date Copy Distributed To Members: 2025-12-04
Date Approved By The House On Third Reading: 2025-12-10
Third Reading Title: AN ACT INSTITUTING A LOAN RESTRUCTURING AND CONDONATION PROGRAM FOR SOCIALIZED AND LOW-COST HOUSING
House Votes: YEAS:231 NAYS:1 ABSTAIN:0
Voting Details Per Member
(Legend:Y-Yes N-No A-Abstain X-Did Not Vote B-Absent D-N/A)
1. Y---Abalos
2. X---Abante
3. Y---Acidre
4. D---Acop (P.C.)--(N/A)
5. X---Acop
6. Y---Acosta
7. Y---Adiong
8. Y---Advincula
9. Y---Agarao
10. Y---Agyao
11. X---Alano
12. Y---Alba
13. Y---Albano
14. Y---Almario (C.M.)
15. Y---Almario (D.)
16. X---Almonte
17. Y---Alvarez (J.)
18. X---Alvarez (M.)
19. Y---Amante
20. Y---Amatong
21. Y---Ang
22. Y---Angara
23. X---Angeles
24. Y---Aquino
25. Y---Aquino-Magsaysay
26. Y---Arbison (M. N. JR.)
27. Y---Arbison (M. M.)
28. X---Arenas
29. Y---Arrogancia
30. Y---Asistio
31. Y---Atayde
32. Y---Aumentado
33. Y---Ayon
34. Y---Bag-ao
35. Y---Balindong
36. Y---Bañas-Nograles
37. Y---Bancoro
38. X---Barba
39. Y---Barbers
40. Y---Baronda
41. D---Barzaga--(N/A)
42. Y---Bacsug
43. X---Bautista (C. P.)
44. Y---Bautista (J. M. G.)
45. X---Bautista-Lim
46. Y---Beltran
47. Y---Benitez (A.)
48. Y---Benitez (J.M.)
49. Y---Bernos (C.)
50. Y---Bernos (J.B.)
51. X---Biron
52. Y---Bocobo
53. Y---Bolilia
54. Y---Bondoc
55. Y---Briones
56. Y---Bulut-Begtang
57. Y---Cagas
58. Y---Calderon
59. Y---Calixto
60. Y---Caoagdan
61. X---Cari
62. Y---Castro
63. Y---Cayton
64. Y---Celeste
65. Y---Cendaña
66. Y---Ceniza
67. D---Chan (J.)--(N/A)
68. Y---Chan
69. Y---Chua
70. Y---Chua-Tai
71. Y---Chungalao
72. D---Co ( E. S.)--(N/A)
73. Y---Co (R. L. M.)
74. Y---Co-Pilar
75. Y---Cojuangco (J. E. M. D.)
76. N---Cojuangco ( M. O.)
77. X---Collantes
78. X---Corvera
79. Y---Cruz (A.)
80. Y---Cruz (R. JR.)
81. Y---Cruzado
82. X---Cua
83. Y---Dagooc
84. Y---Dalog
85. X---Dayanghirang
86. Y---Daza
87. Y---De Jesus
88. Y---De Lima
89. X---De Venecia
90. X---Defensor
91. Y---Degamo
92. Y---Del Mar
93. Y---Delos Santos
94. X---Dimacuha
95. Y---Dimaguila
96. Y---Dimaporo ( I. Q.)
97. X---Dimaporo ( S. A. Q.)
98. Y---Diokno
99. Y---Dionisio
100. X---Domingo
101. Y---Domogan
102. X---Duterte (H.J.)
103. X---Duterte (O.V.)
104. X---Duterte (P.)
105. Y---Dy (F.)
106. X---Dy (F.M.C.)
107. X---Dy (I.P.)
108. Y---Elago
109. Y---Emano
110. Y---Enverga
111. Y---Erice
112. X---Escudero
113. X---Espares
114. Y---Espina
115. Y---Estrella
116. Y---Ferrer (A. A.)
117. Y---Ferrer (J. )
118. Y---Flores
119. Y---Fortes
120. X---Frasco
121. Y---Fresnedi
122. Y---Fuentebella
123. Y---Galang
124. Y---Galeos
125. X---Garbin
126. Y---Garcia (A.)
127. Y---Garcia (D.)
128. Y---Garcia (J. A.)
129. Y---Garcia (K. H.)
130. X---Garcia (M. A.)
131. X---Gardiola
132. Y---Garin
133. Y---Gatchalian
134. Y---Gato
135. X---Glepa
136. Y---Go
137. X---Gomez
138. Y---Gonzales (A.)
139. Y---Gonzales (A. M.)
140. X---Gonzales (C. S.)
141. Y---Gonzales (R.)
142. X---Gorriceta
143. Y---Guico
144. Y---Guintu
145. Y---Gullas
146. Y---Gutierrez
147. Y---Hernandez (C. A.)
148. Y---Hernandez (D. L.)
149. X---Hernandez (F. L.)
150. Y---Hernandez (R. L.)
151. X---Hofer-Hasim
152. Y---Horibata
153. Y---Ismula
154. X---Iway
155. Y---Javier
156. Y---Kho
157. Y---Kho (E. T.)
158. Y---Kho (W. T.)
159. X---Khonghun
160. Y---Ko
161. X---Labadlabad
162. Y---Lacson
163. Y---Lagbas
164. Y---Lagdameo (J. M. F.)
165. Y---Lagdameo (M. Y. M. Q.)
166. Y---Lagman
167. Y---Lagon (D. A.)
168. Y---Lagon (S. L.)
169. Y---Lara
170. Y---Lazatin
171. Y---Ledesma
172. X---Legacion
173. Y---Legarda
174. Y---Legazpi
175. D---Legazpi(K.)--(N/A)
176. X---Leviste
177. Y---Libanan
178. Y---Lopez
179. Y---Loria
180. Y---Loyola
181. Y---Luistro
182. Y---Lumayag
183. X---Macapagal-Arroyo
184. Y---Macasaet
185. Y---Maceda
186. Y---Madrona
187. Y---Malapitan
188. Y---Mangudadatu
189. Y---Maniquiz
190. Y---Marañon
191. Y---Marcoleta
192. Y---Marcos
193. Y---Marquez
194. Y---Mastura
195. Y---Matibag
196. X---Matugas
197. Y---Mendoza
198. X---Mercado
199. X---Mercado-Revilla
200. Y---Miraflores
201. Y---Momo
202. Y---Montes
203. Y---Nava
204. Y---Nazal
205. Y---Nisay
206. Y---Nolasco
207. Y---Oaminal (H. F.)
208. X---Oaminal (S. F. F.)
209. Y---Oducado
210. Y---Olivarez
211. Y---Ongchuan
212. Y---Ordanes
213. Y---Oreta (A. A.)
214. Y---Ortega
215. Y---Ouano-Dizon
216. X---Padiernos
217. Y---Panaligan
218. Y---Pancho
219. Y---Panotes
220. Y---Pascual
221. X---Perez
222. X---Pimentel
223. Y---Plaza
224. Y---Pleyto
225. Y---Poe
226. Y---Primicias-Agabas
227. Y---Pumaren
228. X---Puno
229. Y---Quimbo
230. Y---Rama
231. Y---Recto (R. S.)
232. Y---Regencia
233. Y---Remulla
234. Y---Revilla ( B. B.)
235. X---Revilla (R. J.)
236. Y---Ridon
237. Y---Rivera
238. Y---Robes
239. Y---Rodriguez ( E. R.)
240. X---Rodriguez (M. B.)
241. Y---Rodriguez (R.B.)
242. Y---Roman
243. X---Romualdez (A.J.)
244. X---Romualdez (F.M.)
245. X---Romualdez (Y.M.)
246. Y---Romualdo
247. Y---Romulo
248. Y---Roque
249. X---Sagarbarria
250. Y---Sakaluran
251. Y---Salceda
252. X---Sali
253. Y---Salvacion
254. Y---Salvador
255. X---Salvame
256. Y---San Fernando
257. Y---Santos (M.A.S.)
258. Y---Santos (M.A.)
259. Y---Shimura
260. X---Singson ( R.)
261. X---Singson (R. V.)
262. Y---Singson-Meehan
263. X---Solon
264. D---Soriano--(N/A)
265. Y---Suan
266. X---Suansing (B. V. B.)
267. X---Suansing (M. A. B.)
268. Y---Suarez
269. Y---Suntay
270. Y---Tallado
271. X---Tan (A.)
272. Y---Tan (J. S.)
273. Y---Tan (K. M. D.L.)
274. X---Tan (R. M.T.)
275. X---Tan (S. A.)
276. X---Tan (S. J. T.)
277. Y---Tanchay
278. Y---Tanjuatco
279. Y---Tarriela
280. Y---Teodoro
281. Y---Tereng
282. Y---Teves
283. Y---Tiangco
284. X---Tieng
285. Y---Tinio
286. X---Tolentino
287. Y---Tuan
288. Y---Tulfo (J. P.)
289. Y---Tulfo (R. W. P.)
290. X---Tupas
291. Y---Tutor
292. Y---Ty
293. Y---Umali
294. X---Ungab
295. X---Uy, (D. C. L.)
296. Y---Uy (R. JR.)
297. Y---Valeriano
298. Y---Vargas
299. Y---Vargas-Alfonso
300. Y---Veloso
301. Y---Veloso-Tuazon
302. Y---Vergara
303. Y---Villa ( Z.)
304. Y---Villafuerte (M. L. R.)
305. Y---Villafuerte (V. R. L. R.)
306. X---Villanueva
307. Y---Villarica
308. X---Violago
309. Y---Yamsuan
310. Y---Yap (A.)
311. X---Yap (C.)
312. X---Yap (EDVIC)
313. X---Yap (ERIC)
314. Y---Yap ( G.)
315. X---Yatco
316. X---Ynares
317. X---Yu (J.V.)
318. Y---Yu (J.K.)
319. Y---Yulo
320. X---Zamora (M.C.)
321. Y---Zamora (Y.M.)
322. X---Zubiri
Date Transmitted To The Senate: 2025-12-11
Actions Taken By The Senate/House
Date Received By The Senate: 2025-12-11",""
"HB00498","Co-Authored Bills","AN ACT TO MODERNIZE ALL PUBLIC SCHOOLS AND STATE COLLEGES AND UNIVERSITIES IN THE PHILIPPINES, APPROPRIATING FUNDS THEREFOR, AND FOR OTHER PURPOSES","2025-06-30","National","1. REMULLA, CRISPIN DIEGO D.","2025-07-29","BASIC EDUCATION AND CULTURE","Pending with the Committee on BASIC EDUCATION AND CULTURE since 2025-07-29","https://docs.congress.hrep.online/legisdocs/basic_20/hb00498.pdf","https://www.congress.gov.ph/bill/history?billno=HB00498&congress=20","1. Rivera (000 2025-08-27)
2. Chua-Tai (000 2025-10-20)
3. Puno (000 2025-11-26)
4. Atayde (000 2026-03-04)","Referral To The Committee On: BASIC EDUCATION AND CULTURE On 2025-07-29
Secondarily Referred To The Committee(s) On: HIGHER AND TECHNICAL EDUCATION","","","",""
"HB00510","Co-Authored Bills","AN ACT TO ENHANCE THE EMPLOYABILITY AND COMPETITIVENESS OF K TO 12 GRADUATES THROUGH THE CREATION OF A TRIPARTITE COUNCIL, APPROPRIATING FUNDS THEREFOR, AND FOR OTHER PURPOSES","2025-06-30","National","1. FRESNEDI, JAIME R.","2025-07-29","BASIC EDUCATION AND CULTURE","Pending with the Committee on BASIC EDUCATION AND CULTURE since 2025-07-29","https://docs.congress.hrep.online/legisdocs/basic_20/hb00510.pdf","https://www.congress.gov.ph/bill/history?billno=HB00510&congress=20","1. Chua-Tai (000 2025-10-20)","Referral To The Committee On: BASIC EDUCATION AND CULTURE On 2025-07-29","","","",""
"HB00513","Co-Authored Bills","AN ACT PROTECTING SENIOR CITIZENS FROM DOMESTIC VIOLENCE, DEFINING ELDER ABUSE, AND PROVIDING PENALTIES THEREFOR","2025-06-30","National","1. FRESNEDI, JAIME R.","2025-07-29","SENIOR CITIZENS","Referred to the Technical Working Group (TWG) on 2026-02-24","https://docs.congress.hrep.online/legisdocs/basic_20/hb00513.pdf","https://www.congress.gov.ph/bill/history?billno=HB00513&congress=20","1. Rivera (000 2025-08-27)
2. Chua-Tai (000 2025-10-20)","Referral To The Committee On: SENIOR CITIZENS On 2025-07-29","Committee Hearings/Actions:
1. Referred to the Technical Working Group (TWG) on 2026-02-24","","",""
"HB00514","Co-Authored Bills","AN ACT GRANTING ADDITIONAL FREE VACCINATIONS TO SENIOR CITIZENS, AMENDING FOR THIS PURPOSE SECTION 4 OF REPUBLIC ACT NO. 7432, AS AMENDED, PROVIDING FUNDS THEREFOR, AND FOR OTHER PURPOSES","2025-06-30","National","1. FRESNEDI, JAIME R.","2025-07-29","SENIOR CITIZENS","Pending with the Committee on SENIOR CITIZENS since 2025-07-29","https://docs.congress.hrep.online/legisdocs/basic_20/hb00514.pdf","https://www.congress.gov.ph/bill/history?billno=HB00514&congress=20","1. Rivera (000 2025-08-27)
2. Chua-Tai (000 2025-10-20)","Referral To The Committee On: SENIOR CITIZENS On 2025-07-29","","","",""
"HB00602","Co-Authored Bills","AN ACT INSTITUTIONALIZING THE POSITION OF ECONOMIC DEVELOPMENT AND INVESTMENT PROMOTIONS OFFICER IN LOCAL GOVERNMENT UNITS, AMENDING FOR THE PURPOSE REPUBLIC ACT NO. 7160, OTHERWISE KNOWN AS THE ""LOCAL GOVERNMENT CODE OF 1991""","2025-06-30","National","1. ONGCHUAN, EDWIN","2025-07-29","LOCAL GOVERNMENT","Pending with the Committee on LOCAL GOVERNMENT since 2025-07-29","https://docs.congress.hrep.online/legisdocs/basic_20/hb00602.pdf","https://www.congress.gov.ph/bill/history?billno=HB00602&congress=20","1. De Venecia (000 2025-08-11)
2. Hernandez (R. L.) (000 2025-08-11)
3. Tan (S. J. T.) (000 2025-08-13)
4. Marquez (000 2026-03-18)
5. Sali (000 2026-03-18)
6. Roman (000 2026-03-18)
7. Poe (000 2026-03-18)
8. Ortega (000 2026-03-18)
9. Bancoro (000 2026-03-18)
10. Dagooc (000 2026-03-18)
11. Vergara (000 2026-03-18)
12. Vargas (000 2026-03-18)
13. Tarriela (000 2026-03-19)
14. Pumaren (000 2026-03-24)
15. Fuentebella (000 2026-03-24)
16. Garcia (D.) (000 2026-03-24)
17. Bulut-Begtang (000 2026-03-24)
18. Santos (M.A.) (000 2026-03-24)
19. Yap ( G.) (000 2026-03-25)
20. Corvera (000 2026-03-25)
21. Oaminal (S. F. F.) (000 2026-03-25)
22. Oaminal (H. F.) (000 2026-04-07)
23. Gonzales (C. S.) (000 2026-04-07)
24. Salceda (000 2026-04-08)
25. Robes (000 2026-04-08)
26. Domingo (000 2026-04-08)
27. Salvador (000 2026-04-14)
28. Dy (I.P.) (000 2026-04-21)
29. Suansing (B. V. B.) (000 2026-04-21)
30. De Lima (000 2026-04-21)
31. Rodriguez ( E. R.) (000 2026-04-21)
32. Suan (000 2026-04-21)
33. Villarica (000 2026-04-22)
34. Rama (000 2026-04-22)
35. Yulo (000 2026-04-28)
36. Legarda (000 2026-05-04)
37. Guintu (000 2026-05-04)
38. Loria (000 2026-05-04)
39. Biron (000 2026-05-04)
40. Veloso-Tuazon (000 2026-05-04)
41. Atayde (000 2026-05-04)
42. Daza (000 2026-05-04)
43. Bautista-Lim (000 2026-05-05)
44. Lagman (000 2026-05-05)
45. Hernandez (C. A.) (000 2026-05-05)
46. Galeos (000 2026-05-05)
47. Caoagdan (000 2026-05-05)
48. Pascual (000 2026-05-05)
49. Cari (000 2026-05-05)
50. Hofer-Hasim (000 2026-05-05)
51. Ongchuan (000 2026-05-05)
52. Arrogancia (000 2026-05-11)
53. Bautista (C. P.) (000 2026-05-11)
54. Lagdameo (M. Y. M. Q.) (000 2026-05-11)
55. Chungalao (000 2026-05-11)
56. Barba (000 2026-05-11)
57. Zubiri (000 2026-05-12)
58. Alano (000 2026-05-12)
59. Aquino-Magsaysay (000 2026-05-13)
60. Kho (E. T.) (000 2026-05-18)
61. Gorriceta (000 2026-05-18)
62. Almonte (000 2026-05-18)
63. Dy (F.M.C.) (000 2026-05-19)
64. Mangudadatu (000 2026-05-19)
65. Ferrer (J. ) (000 2026-05-19)
66. Nazal (000 2026-05-19)
67. Santos (M.A.S.) (000 2026-05-19)
68. Rivera (000 2026-05-19)
69. Romualdez (A.J.) (000 2026-05-19)
70. Tutor (000 2026-05-19)
71. Abalos (000 2026-05-19)
72. Suntay (000 2026-05-25)
73. Montes (000 2026-05-26)
74. Co-Pilar (000 2026-06-01)
75. Acop (P.C.) (000 2026-06-02)
76. Beltran (000 2026-06-02)
77. Alvarez (M.) (000 2026-06-02)
78. Tiangco (000 2026-06-10)
79. Fortes (000 2026-06-11)
80. Tereng (000 2026-06-15)
81. Acidre (000 2026-06-16)
82. Dalog (000 2026-06-16)
83. Espares (000 2026-06-17)
84. Lacson (000 2026-06-30)
85. Hernandez (F. L.) (000 2026-07-02)
86. Marañon (000 2026-07-02)
87. Ledesma (000 2026-07-16)
88. Zamora (Y.M.) (000 2026-07-28)
89. Domogan (000 2026-07-28)
90. Chua-Tai (000 2026-08-03)
91. Singson ( R.) (000 2026-08-03)
92. Collantes (000 2026-08-24)
93. Revilla (R. J.) (000 2026-08-24)
94. Teodoro (000 2026-08-27)
95. Gatchalian (000 2026-09-15)","Referral To The Committee On: LOCAL GOVERNMENT On 2025-07-29","","","",""
"HB00644","Co-Authored Bills","AN ACT FURTHER PROMOTING THE WELFARE OF PUBLIC SCHOOL TEACHERS BY AMENDING REPUBLIC ACT NO. 4670, OTHERWISE KNOWN AS THE ""MAGNA CARTA FOR PUBLIC SCHOOL TEACHERS"", AND PROVIDING APPROPRIATIONS FOR ITS IMPLEMENTATION","2025-06-30","National","1. TIANGCO, TOBIAS ""Toby"" M.","2025-07-29","BASIC EDUCATION AND CULTURE","Pending with the Committee on BASIC EDUCATION AND CULTURE since 2025-07-29","https://docs.congress.hrep.online/legisdocs/basic_20/hb00644.pdf","https://www.congress.gov.ph/bill/history?billno=HB00644&congress=20","1. Del Mar (000 2025-08-11)
2. Angeles (000 2025-09-09)
3. Rivera (000 2025-09-10)
4. Chua-Tai (000 2025-10-13)","Referral To The Committee On: BASIC EDUCATION AND CULTURE On 2025-07-29","","","",""
"HB00645","Co-Authored Bills","AN ACT ESTABLISHING A RENTAL HOUSING SUBSIDY PROGRAM FOR INFORMAL SETTLER FAMILIES AND APPROPRIATING FUNDS THEREFOR","2025-06-30","National","1. TIANGCO, TOBIAS ""Toby"" M.","2025-07-29","HOUSING AND URBAN DEVELOPMENT","Transmitted to the Committee on Appropriations on 2025-09-09","https://docs.congress.hrep.online/legisdocs/basic_20/hb00645.pdf","https://www.congress.gov.ph/bill/history?billno=HB00645&congress=20","1. Rivera (000 2025-09-10)
2. Chua-Tai (000 2025-10-08)","Referral To The Committee On: HOUSING AND URBAN DEVELOPMENT On 2025-07-29","Committee Hearings/Actions:
1. Deliberated upon by the Mother Committee on 2025-08-20
2. Transmitted to the Committee on Appropriations on 2025-09-09","","",""
"HB00766","Co-Authored Bills","AN ACT PROVIDING FOR A TWO HUNDRED PESOS (P200.00) DAILY WAGE INCREASE FOR MINIMUM WAGE WORKERS IN THE PRIVATE SECTOR","2025-07-01","National","1. CENDAÑA, PERCIVAL ""Perci""                                              2. DIOKNO, JOSE MANUEL TADEO ""Chel"" I.                                              3. ISMULA, DADAH KIRAM                                              4. BAG-AO, KAKA J.","2025-07-29","LABOR AND EMPLOYMENT","Pending with the Committee on LABOR AND EMPLOYMENT since 2025-07-29","https://docs.congress.hrep.online/legisdocs/basic_20/hb00766.pdf","https://www.congress.gov.ph/bill/history?billno=HB00766&congress=20","1. Rama (000 2026-05-20)
2. Veloso-Tuazon (000 2026-05-21)
3. Dalog (000 2026-05-21)
4. Madrona (000 2026-05-21)
5. Pimentel (000 2026-05-25)
6. Suan (000 2026-05-25)
7. Hernandez (F. L.) (000 2026-05-25)
8. Salceda (000 2026-05-26)
9. Lagbas (000 2026-05-26)
10. Pleyto (000 2026-05-28)
11. Chua-Tai (000 2026-05-28)
12. Tan (S. J. T.) (000 2026-05-28)
13. Macasaet (000 2026-05-28)
14. Bernos (C.) (000 2026-06-01)
15. Matugas (000 2026-06-01)
16. Loria (000 2026-06-01)
17. Violago (000 2026-06-01)
18. Suansing (B. V. B.) (000 2026-06-02)
19. Hernandez (D. L.) (000 2026-06-02)
20. Miraflores (000 2026-06-03)
21. Gatchalian (000 2026-06-03)
22. Kho (W. T.) (000 2026-06-30)
23. Mangudadatu (000 2026-07-13)
24. Atayde (000 2026-07-28)","Referral To The Committee On: LABOR AND EMPLOYMENT On 2025-07-29","","","",""
"HB00770","Co-Authored Bills","AN ACT ESTABLISHING A RENTAL HOUSING SUBSIDY PROGRAM FOR INFORMAL SETTLER FAMILIES AND APPROPRIATING FUNDS THEREFOR","2025-07-01","National","1. CO-PILAR, MA. VICTORIA","2025-07-29","HOUSING AND URBAN DEVELOPMENT","Transmitted to the Committee on Appropriations on 2025-09-09","https://docs.congress.hrep.online/legisdocs/basic_20/hb00770.pdf","https://www.congress.gov.ph/bill/history?billno=HB00770&congress=20","1. Yu (J.K.) (000 2025-08-20)
2. Rivera (000 2025-08-20)
3. Chua-Tai (000 2025-10-20)
4. Puno (000 2025-11-25)","Referral To The Committee On: HOUSING AND URBAN DEVELOPMENT On 2025-07-29","Committee Hearings/Actions:
1. Deliberated upon by the Mother Committee on 2025-08-20
2. Transmitted to the Committee on Appropriations on 2025-09-09","","",""
"HB00837","Co-Authored Bills","AN ACT INSTITUTIONALIZING THE PROVISION OF FINANCIAL ASSISTANCE, SOCIAL PENSION, AND FINANCIAL PROTECTION FOR FILIPINO PERSONS WITH DISABILITIES, AND FOR RELATED PURPOSES","2025-07-01","National","1. TUTOR, KRISTINE ALEXIE B.","2025-07-29","PERSONS WITH DISABILITIES","Transmitted to the Committee on Appropriations on 2026-03-25","https://docs.congress.hrep.online/legisdocs/basic_20/hb00837.pdf","https://www.congress.gov.ph/bill/history?billno=HB00837&congress=20","1. Angeles (000 2025-09-03)
2. Chua-Tai (000 2025-10-20)
3. Aquino-Magsaysay (000 2025-12-02)
4. Loria (000 2026-06-15)
5. Plaza (000 2026-07-28)
6. Pumaren (000 2026-08-04)
7. Ferrer (A. A.) (000 2026-09-02)","Referral To The Committee On: PERSONS WITH DISABILITIES On 2025-07-29","Committee Hearings/Actions:
1. Transmitted to the Committee on Appropriations on 2026-03-25","","",""
"HB00885","Co-Authored Bills","AN ACT GRANTING SCHOLARSHIP TO PERSONS WITH DISABILITIES (PWDs) AND THEIR CHILDREN AND APPROPRIATING FUNDS THEREFOR AND FOR OTHER PURPOSES","2025-07-01","National","1. HERNANDEZ, FERDINAND L.","2025-07-29","PERSONS WITH DISABILITIES","Pending with the Committee on PERSONS WITH DISABILITIES since 2025-07-29","https://docs.congress.hrep.online/legisdocs/basic_20/hb00885.pdf","https://www.congress.gov.ph/bill/history?billno=HB00885&congress=20","1. Rivera (000 2025-08-20)
2. Angeles (000 2025-09-24)
3. Chua-Tai (000 2025-10-20)
4. Salvador (000 2026-02-03)
5. Bocobo (000 2026-02-09)
6. Espina (000 2026-02-19)","Referral To The Committee On: PERSONS WITH DISABILITIES On 2025-07-29","","","",""
"HB00888","Co-Authored Bills","AN ACT GRANTING FREE MAINTENANCE MEDICINES TO SENIOR CITIZENS","2025-07-01","National","1. HERNANDEZ, FERDINAND L.","2025-07-29","SENIOR CITIZENS","Pending with the Committee on SENIOR CITIZENS since 2025-07-29","https://docs.congress.hrep.online/legisdocs/basic_20/hb00888.pdf","https://www.congress.gov.ph/bill/history?billno=HB00888&congress=20","1. Rivera (000 2025-08-20)
2. Bulut-Begtang (000 2025-09-24)
3. Angeles (000 2025-09-24)
4. Chua-Tai (000 2025-10-20)
5. Dayanghirang (000 2026-09-07)","Referral To The Committee On: SENIOR CITIZENS On 2025-07-29","","","",""
"HB00892","Co-Authored Bills","AN ACT STRENGTHENING THE TECHNICAL, VOCATIONAL AND LIVELIHOOD CURRICULUM FOR THE SENIOR HIGH SCHOOL AND APPROPRIATING FUNDS THEREFOR","2025-07-01","National","1. HERNANDEZ, FERDINAND L.","2025-07-29","BASIC EDUCATION AND CULTURE","Pending with the Committee on BASIC EDUCATION AND CULTURE since 2025-07-29","https://docs.congress.hrep.online/legisdocs/basic_20/hb00892.pdf","https://www.congress.gov.ph/bill/history?billno=HB00892&congress=20","1. Rivera (000 2025-08-20)
2. Solon (000 2025-09-04)
3. Chua-Tai (000 2025-10-20)","Referral To The Committee On: BASIC EDUCATION AND CULTURE On 2025-07-29
Secondarily Referred To The Committee(s) On: HIGHER AND TECHNICAL EDUCATION","","","",""
"HB01058","Co-Authored Bills","AN ACT DEVELOPING GLOBALLY COMPETITIVE SCIENCE AND MATHEMATICS TEACHERS","2025-07-02","National","1. MACAPAGAL-ARROYO, GLORIA","2025-07-29","BASIC EDUCATION AND CULTURE","Pending with the Committee on BASIC EDUCATION AND CULTURE since 2025-07-29","https://docs.congress.hrep.online/legisdocs/basic_20/hb01058.pdf","https://www.congress.gov.ph/bill/history?billno=HB01058&congress=20","1. Rivera (000 2025-09-03)
2. Chua-Tai (000 2025-10-20)
3. Bondoc (000 2025-10-22)
4. Bautista-Lim (000 2026-05-20)","Referral To The Committee On: BASIC EDUCATION AND CULTURE On 2025-07-29","","","",""
"HB01063","Co-Authored Bills","AN ACT STRENGTHENING THE PHILIPPINE BASIC EDUCATION SYSTEM, AMENDING FOR THE PURPOSE REPUBLIC ACT NO. 10533, APPROPRIATING FUNDS THEREFOR, AND FOR OTHER PURPOSES","2025-07-02","National","1. MACAPAGAL-ARROYO, GLORIA","2025-07-29","BASIC EDUCATION AND CULTURE","Pending with the Committee on BASIC EDUCATION AND CULTURE since 2025-07-29","https://docs.congress.hrep.online/legisdocs/basic_20/hb01063.pdf","https://www.congress.gov.ph/bill/history?billno=HB01063&congress=20","1. Rivera (000 2025-09-03)
2. Chua-Tai (000 2025-10-20)
3. Bondoc (000 2025-10-22)","Referral To The Committee On: BASIC EDUCATION AND CULTURE On 2025-07-29","","","",""
"HB01676","Co-Authored Bills","AN ACT INSTITUTIONALIZING BARANGAY TANOD AS AUXILIARY POLICE PERSONNEL, PROVIDING FOR THEIR ELIGIBILITY REQUIREMENTS, MANDATORY TRAINING, EQUIPMENT, ALLOWANCE, LIFE AND DISABILITY INSURANCE, AND FOR OTHER PURPOSES","2025-07-09","National","1. ERICE, EDGAR R.","2025-07-30","LOCAL GOVERNMENT","Pending with the Committee on LOCAL GOVERNMENT since 2025-07-30","https://docs.congress.hrep.online/legisdocs/basic_20/hb01676.pdf","https://www.congress.gov.ph/bill/history?billno=HB01676&congress=20","1. Cagas (000 2025-10-07)
2. Bag-ao (000 2026-03-10)
3. Umali (000 2026-03-10)
4. Diokno (000 2026-03-11)
5. Tan (K. M. D.L.) (000 2026-03-18)
6. Tarriela (000 2026-03-18)
7. Iway (000 2026-03-18)
8. Suntay (000 2026-03-19)
9. Ongchuan (000 2026-03-25)
10. Salvador (000 2026-04-14)
11. Ungab (000 2026-04-14)
12. Ko (000 2026-04-14)
13. Bañas-Nograles (000 2026-04-14)
14. Dalog (000 2026-04-14)
15. Salceda (000 2026-04-14)
16. Veloso (000 2026-04-14)
17. Salvame (000 2026-04-14)
18. Beltran (000 2026-04-14)
19. Macasaet (000 2026-04-14)
20. Vergara (000 2026-04-14)
21. Alvarez (M.) (000 2026-04-14)
22. Cua (000 2026-04-14)
23. Shimura (000 2026-04-14)
24. Tereng (000 2026-04-14)
25. Tallado (000 2026-04-14)
26. Mangudadatu (000 2026-04-14)
27. Madrona (000 2026-04-14)
28. Co-Pilar (000 2026-04-14)
29. Amatong (000 2026-04-14)
30. Lagbas (000 2026-04-14)
31. Ledesma (000 2026-04-14)
32. Marquez (000 2026-04-21)
33. Defensor (000 2026-04-22)
34. Rama (000 2026-04-22)
35. Bautista (C. P.) (000 2026-04-23)
36. Yulo (000 2026-04-28)
37. Espina (000 2026-05-04)
38. Dimaguila (000 2026-05-04)
39. Bautista-Lim (000 2026-05-05)
40. Dy (F.M.C.) (000 2026-05-05)
41. Loria (000 2026-05-06)
42. Romualdez (A.J.) (000 2026-05-06)
43. Legarda (000 2026-05-06)
44. Celeste (000 2026-05-06)
45. Cruzado (000 2026-05-06)
46. Arenas (000 2026-05-06)
47. Almonte (000 2026-05-18)
48. Ferrer (J. ) (000 2026-05-19)
49. Cari (000 2026-05-19)
50. Kho (W. T.) (000 2026-05-19)
51. Abalos (000 2026-05-19)
52. Pancho (000 2026-05-19)
53. Dimacuha (000 2026-05-20)
54. Momo (000 2026-05-20)
55. Fresnedi (000 2026-05-20)
56. Bondoc (000 2026-05-20)
57. Ty (000 2026-05-20)
58. Tan (J. S.) (000 2026-05-20)
59. De Lima (000 2026-05-20)
60. Chua-Tai (000 2026-05-25)
61. Santos (M.A.) (000 2026-05-25)
62. Garbin (000 2026-05-25)
63. Ayon (000 2026-05-25)
64. Chan (J.) (000 2026-05-25)
65. Robes (000 2026-05-25)
66. Lacson (000 2026-06-08)
67. Yap (C.) (000 2026-06-09)
68. Solon (000 2026-06-09)
69. Tiangco (000 2026-06-09)
70. Galang (000 2026-08-04)
71. Tutor (000 2026-08-04)","Referral To The Committee On: LOCAL GOVERNMENT On 2025-07-30","","","",""
"HB02378","Co-Authored Bills","AN ACT INSTITUTIONALIZING THE EXPANDED SPECIAL PROGRAM FOR SPORTS (SPS+) IN MAJOR PUBLIC HIGH SCHOOLS, ESTABLISHING CAREER PATHWAYS IN SPORTS SCIENCES, PROVIDING FOR TESDA CERTIFICATION AND COLLEGE LADDERIZATION, AND FOR OTHER PURPOSES","2025-07-28","National","1. SALCEDA, ADRIAN E.","2025-08-04","BASIC EDUCATION AND CULTURE","Pending with the Committee on BASIC EDUCATION AND CULTURE since 2025-08-04","https://docs.congress.hrep.online/legisdocs/basic_20/hb02378.pdf","https://www.congress.gov.ph/bill/history?billno=HB02378&congress=20","1. Rivera (000 2025-10-08)
2. Chua-Tai (000 2025-10-20)
3. Bernos (C.) (000 2025-10-23)
4. Cagas (000 2026-01-13)","Referral To The Committee On: BASIC EDUCATION AND CULTURE On 2025-08-04
Secondarily Referred To The Committee(s) On: HIGHER AND TECHNICAL EDUCATION","","","",""
"HB02425","Co-Authored Bills","AN ACT ESTABLISHING A FREE BREAKFAST PROGRAM FOR ALL PUBLIC SCHOOL STUDENTS FROM KINDERGARTEN TO GRADE 12, TO BE KNOWN AS THE ""LIBRENG ALMUSAL PARA SA BATANG PILIPINO PROGRAM,"" AND APPROPRIATING FUNDS THEREFOR","2025-07-29","National","1. GARIN, JANETTE L.","2025-08-04","BASIC EDUCATION AND CULTURE","Substituted by HB09466","https://docs.congress.hrep.online/legisdocs/basic_20/hb02425.pdf","https://www.congress.gov.ph/bill/history?billno=HB02425&congress=20","1. Bulut-Begtang (000 2025-10-07)
2. Chua-Tai (000 2025-10-20)
3. Lagman (000 2025-11-26)
4. Arenas (000 2026-06-03)","Referral To The Committee On: BASIC EDUCATION AND CULTURE On 2025-08-04","Mother Bill: HB09466
Co-Substituted Bills: HB01193, HB02191, HB02325, HB02487, HB03157, HB03202, HB03551, HB04173, HB04929, HB05046, HB05236, HB05248, HB05433, HB05562, HB05641, HB05681, HB05689, HB05718, HB05800, HB05838, HB05881, HB05989, HB05991, HB05992, HB06089, HB06240, HB06311, HB06419, HB06671, HB07940, HB08051, HB08131","","",""
"HB09466","Co-Authored Bills","AN ACT ESTABLISHING A FREE BREAKFAST PROGRAM FOR ALL PUBLIC SCHOOL STUDENTS FROM KINDERGARTEN TO GRADE 12, TO BE KNOWN AS THE ""LIBRENG ALMUSAL PARA SA BATANG PILIPINO PROGRAM,"" AND APPROPRIATING FUNDS THEREFOR","2025-07-29","National","1. GARIN, JANETTE L.","2025-08-04","BASIC EDUCATION AND CULTURE","Substituted by HB09466","https://docs.congress.hrep.online/legisdocs/basic_20/hb09466.pdf","https://www.congress.gov.ph/bill/history?billno=HB09466&congress=20","1. Garin (000 2026-06-01)
2. Primicias-Agabas (000 2026-06-01)
3. Dionisio (000 2026-06-01)
4. Gutierrez (000 2026-06-01)
5. Ortega (000 2026-06-01)
6. Khonghun (000 2026-06-01)
7. Adiong (000 2026-06-01)
8. Villanueva (000 2026-05-30)
9. Zamora (Y.M.) (000 2026-06-01)
10. Gonzales (A.) (000 2026-06-02)
11. Arenas (000 2026-06-02)
12. Frasco (000 2026-06-03)
13. Padiernos (000 2026-06-02)
14. Legacion (000 2026-06-03)
15. Diokno (000 2026-06-17)
16. Cagas (000 2026-06-23)
17. Villafuerte (V. R. L. R.) (000 2026-06-16)
18. Teodoro (000 2026-06-16)
19. Dimacuha (000 2026-08-04)
20. Olivarez (000 2026-08-05)
21. Gardiola (000 2026-09-08)
Author/s (Final/Third Reading)
1. Dy (F.)
2. Marcos
3. Romulo
4. Poe
5. Suansing (B. V. B.)
6. Suansing (M. A. B.)
7. Garin
8. Gonzales (R.)
9. Atayde
10. Primicias-Agabas
11. Lazatin
12. Romualdez (F.M.)
13. Romualdez (Y.M.)
14. Romualdez (A.J.)
15. Acidre
16. Cruz (A.)
17. Fresnedi
18. Rama
19. Villanueva
20. Agarao
21. Mercado-Revilla
22. Revilla ( B. B.)
23. Revilla (R. J.)
24. Vargas
25. Olivarez
26. Yap (ERIC)
27. Lacson
28. Arbison (M. N. JR.)
29. Singson-Meehan
30. Zubiri
31. Salceda
32. Yamsuan
33. Mastura
34. Regencia
35. Cendaña
36. Diokno
37. Ismula
38. Bag-ao
39. Yatco
40. Gatchalian
41. Roque
42. Corvera
43. Pleyto
44. Sagarbarria
45. Loria
46. Alano
47. Veloso-Tuazon
48. Vergara
49. Lagbas
50. Rodriguez ( E. R.)
51. De Lima
52. Escudero
53. Teves
54. Garcia (A.)
55. Fuentebella
56. Tan (K. M. D.L.)
57. Lagdameo (M. Y. M. Q.)
58. Momo
59. Alvarez (J.)
60. Rodriguez (R.B.)
61. Tan (J. S.)
62. Amante
63. Gonzales (A.)
64. Arrogancia
65. Espina
66. Garcia (D.)
67. Lopez
68. Aquino-Magsaysay
69. Bautista-Lim
70. Calderon
71. Cayton
72. Cruz (R. JR.)
73. Dalog
74. Espares
75. Oreta (A. A.)
76. Valeriano
77. Roman
78. Legacion
79. Tuan
80. Bolilia
81. Ayon
82. Montes
83. San Fernando
84. Chan (J.)
85. Cojuangco ( M. O.)
86. Galang
87. Marquez
88. Villarica
89. Yap (EDVIC)
90. Dimacuha
91. Recto (R. S.)
92. Guintu
93. Rivera
94. Angeles
95. Beltran
96. Cagas
97. Emano
98. Bulut-Begtang
99. Chua-Tai
100. Lagman
101. Vargas-Alfonso
102. Macasaet
103. Rodriguez (M. B.)
104. Ty
105. Legazpi
106. Albano
107. Alvarez (M.)
108. Salvacion
109. Daza
110. Ordanes
111. Maniquiz
112. Marañon
113. Singson ( R.)
114. Hofer-Hasim
115. Hernandez (D. L.)
116. Dimaporo ( S. A. Q.)
117. Javier
118. Matugas
119. Khonghun
120. Shimura
121. Cari
122. Kho (W. T.)
123. Bernos (C.)
124. Violago
125. Yap (A.)
126. Bondoc
127. Arbison (M. M.)
128. Lumayag
129. Erice
130. Suntay
131. Hernandez (R. L.)
132. Gato
133. Ko
134. Loyola
135. Tinio
136. Advincula
137. Kho (E. T.)
138. De Venecia
139. Horibata
140. Tan (R. M.T.)
141. Tan (S. J. T.)
142. Abalos
143. Santos (M.A.S.)
144. Veloso
145. Degamo
146. Puno
147. Romualdo
148. Domogan
149. Sakaluran
150. Zamora (Y.M.)
151. Arenas
152. Benitez (A.)
153. Bañas-Nograles","Referral To The Committee On: RULES On 2026-05-26
Date Included In OB: 2026-05-26
Date Calendared: 2026-05-26","Committee Report No.: 00353
Submitted On: 2026-05-26
Submitted By: BASIC EDUCATION AND CULTURE, APPROPRIATIONS
Recommendations: Recommending its approval in substitution of House Bills Numbered 1193, 2191, 2325, 2425, 2487, 3157, 3202, 3551, 4173, 4929, 5046, 5236, 5248, 5433, 5562, 5641, 5681, 5689, 5718, 5800, 5838, 5881, 5989, 5991, 5992, 6089, 6240, 6311, 6419, 6671, 7940, 8051, 8131
Substituted Bills: HB01193, HB02191, HB02325, HB02425, HB02487, HB03157, HB03202, HB03551, HB04173, HB04929, HB05046, HB05236, HB05248, HB05433, HB05562, HB05641, HB05681, HB05689, HB05718, HB05800, HB05838, HB05881, HB05989, HB05991, HB05992, HB06089, HB06240, HB06311, HB06419, HB06671, HB07940, HB08051, HB08131","Period Of Sponsorship: 2026-05-26
Sponsored By: Romulo
Final List of Author
1. Dy (F.)
2. Marcos
3. Romulo
4. Poe
5. Suansing (B. V. B.)
6. Suansing (M. A. B.)
7. Garin
8. Gonzales (R.)
9. Atayde
10. Primicias-Agabas
11. Lazatin
12. Romualdez (F.M.)
13. Romualdez (Y.M.)
14. Romualdez (A.J.)
15. Acidre
16. Cruz (A.)
17. Fresnedi
18. Rama
19. Villanueva
20. Agarao
21. Mercado-Revilla
22. Revilla ( B. B.)
23. Revilla (R. J.)
24. Vargas
25. Olivarez
26. Yap (ERIC)
27. Lacson
28. Arbison (M. N. JR.)
29. Singson-Meehan
30. Zubiri
31. Salceda
32. Yamsuan
33. Mastura
34. Regencia
35. Cendaña
36. Diokno
37. Ismula
38. Bag-ao
39. Yatco
40. Gatchalian
41. Roque
42. Corvera
43. Pleyto
44. Sagarbarria
45. Loria
46. Alano
47. Veloso-Tuazon
48. Vergara
49. Lagbas
50. Rodriguez ( E. R.)
51. De Lima
52. Escudero
53. Teves
54. Garcia (A.)
55. Fuentebella
56. Tan (K. M. D.L.)
57. Lagdameo (M. Y. M. Q.)
58. Momo
59. Alvarez (J.)
60. Rodriguez (R.B.)
61. Tan (J. S.)
62. Amante
63. Gonzales (A.)
64. Arrogancia
65. Espina
66. Garcia (D.)
67. Lopez
68. Aquino-Magsaysay
69. Bautista-Lim
70. Calderon
71. Cayton
72. Cruz (R. JR.)
73. Dalog
74. Espares
75. Oreta (A. A.)
76. Valeriano
77. Roman
78. Legacion
79. Tuan
80. Bolilia
81. Ayon
82. Montes
83. San Fernando
84. Chan (J.)
85. Cojuangco ( M. O.)
86. Galang
87. Marquez
88. Villarica
89. Yap (EDVIC)
90. Dimacuha
91. Recto (R. S.)
92. Guintu
93. Rivera
94. Angeles
95. Beltran
96. Cagas
97. Emano
98. Bulut-Begtang
99. Chua-Tai
100. Lagman
101. Vargas-Alfonso
102. Macasaet
103. Rodriguez (M. B.)
104. Ty
105. Legazpi
106. Albano
107. Alvarez (M.)
108. Salvacion
109. Daza
110. Ordanes
111. Maniquiz
112. Marañon
113. Singson ( R.)
114. Hofer-Hasim
115. Hernandez (D. L.)
116. Dimaporo ( S. A. Q.)
117. Javier
118. Matugas
119. Khonghun
120. Shimura
121. Cari
122. Kho (W. T.)
123. Bernos (C.)
124. Violago
125. Yap (A.)
126. Bondoc
127. Arbison (M. M.)
128. Lumayag
129. Erice
130. Suntay
131. Hernandez (R. L.)
132. Gato
133. Ko
134. Loyola
135. Tinio
136. Advincula
137. Kho (E. T.)
138. De Venecia
139. Horibata
140. Tan (R. M.T.)
141. Tan (S. J. T.)
142. Abalos
143. Santos (M.A.S.)
144. Veloso
145. Degamo
146. Puno
147. Romualdo
148. Domogan
149. Sakaluran
150. Zamora (Y.M.)
151. Arenas
152. Benitez (A.)
153. Bañas-Nograles
Date Approved On Second Reading: 2026-05-26","Date Copy Distributed To Members: 2026-05-28
Date Approved By The House On Third Reading: 2026-06-03
Third Reading Title: AN ACT CONVERTING THE NATIONAL FEEDING PROGRAM INTO A NATIONAL NUTRITION PROGRAM BY EXPANDING ITS SCOPE AND COVERAGE AND ENHANCING ITS SUPPORT MECHANISMS, AND APPROPRIATING FUNDS THEREFOR, AMENDING FOR THE PURPOSE REPUBLIC ACT NO. 11037, OR THE ""MASUSTANSYANG PAGKAIN PARA SA BATANG PILIPINO ACT""
House Votes: YEAS:297 NAYS:0 ABSTAIN:0
Date Transmitted To The Senate: 2026-06-08
Actions Taken By The Senate/House
Date Received By The Senate: 2026-06-08",""
"HB02615","Co-Authored Bills","AN ACT INSTITUTIONALIZING AND STRENGTHENING THE ARABIC LANGUAGE AND ISLAMIC VALUES EDUCATION PROGRAM IN ALL PUBLIC AND PRIVATE BASIC EDUCATION SCHOOLS AND APPROPRIATING FUNDS THEREFOR","2025-07-30","National","1. GATCHALIAN, KENNETH T.","2025-08-04","BASIC EDUCATION AND CULTURE","Pending with the Committee on BASIC EDUCATION AND CULTURE since 2025-08-04","https://docs.congress.hrep.online/legisdocs/basic_20/hb02615.pdf","https://www.congress.gov.ph/bill/history?billno=HB02615&congress=20","1. Chua-Tai (000 2025-10-20)
2. Cagas (000 2026-02-25)","Referral To The Committee On: BASIC EDUCATION AND CULTURE On 2025-08-04","","","",""
"HB02786","Co-Authored Bills","AN ACT REQUIRING THE RECOGNITION OF HEALTHCARE PROXIES BY ALL HEALTH SERVICE PROVIDERS AND APPROPRIATING FUNDS THEREFOR","2025-07-31","National","1. CENDAÑA, PERCIVAL ""Perci""                                              2. DIOKNO, JOSE MANUEL TADEO ""Chel"" I.                                              3. ISMULA, DADAH KIRAM                                              4. BAG-AO, KAKA J.","2025-08-05","HEALTH","Pending with the Committee on HEALTH since 2025-08-05","https://docs.congress.hrep.online/legisdocs/basic_20/hb02786.pdf","https://www.congress.gov.ph/bill/history?billno=HB02786&congress=20","1. Cagas (000 2026-03-19)
2. Vargas (000 2026-03-19)
3. Rama (000 2026-05-20)
4. Hofer-Hasim (000 2026-05-20)
5. Veloso-Tuazon (000 2026-05-21)
6. Dalog (000 2026-05-21)
7. Madrona (000 2026-05-21)
8. Cruz (A.) (000 2026-05-21)
9. Zamora (Y.M.) (000 2026-05-21)
10. Olivarez (000 2026-05-25)
11. Pimentel (000 2026-05-25)
12. Hernandez (F. L.) (000 2026-05-25)
13. Lagbas (000 2026-05-26)
14. Ty (000 2026-05-28)
15. Marañon (000 2026-05-28)
16. Pleyto (000 2026-05-28)
17. Chua-Tai (000 2026-05-28)
18. Tan (S. J. T.) (000 2026-05-28)
19. Macasaet (000 2026-05-28)
20. Espares (000 2026-05-28)
21. Matibag (000 2026-05-28)
22. Gonzales (A. M.) (000 2026-05-28)
23. Bernos (C.) (000 2026-06-01)
24. Matugas (000 2026-06-01)
25. Loria (000 2026-06-01)
26. Violago (000 2026-06-01)
27. Gonzales (A.) (000 2026-06-01)
28. Umali (000 2026-06-01)
29. Abalos (000 2026-06-02)
30. Suansing (B. V. B.) (000 2026-06-02)
31. Villafuerte (V. R. L. R.) (000 2026-06-03)
32. Miraflores (000 2026-06-03)
33. Gatchalian (000 2026-06-03)
34. Arenas (000 2026-06-17)
35. Kho (W. T.) (000 2026-06-30)
36. Sagarbarria (000 2026-08-03)
37. Cari (000 2026-09-02)
38. Fortes (000 2026-09-09)","Referral To The Committee On: HEALTH On 2025-08-05","","","",""
"HB02942","Co-Authored Bills","AN ACT ESTABLISHING PERSONS WITH DISABILITY (PWD) CENTERS IN EVERY CITY AND MUNICIPALITY AND APPROPRIATING FUNDS THEREFOR","2025-08-04","National","1. GORRICETA, KATHRYN JOYCE F. MD","2025-08-06","PERSONS WITH DISABILITIES","Pending with the Committee on PERSONS WITH DISABILITIES since 2025-08-06","https://docs.congress.hrep.online/legisdocs/basic_20/hb02942.pdf","https://www.congress.gov.ph/bill/history?billno=HB02942&congress=20","1. Olivarez (000 2025-09-17)
2. Corvera (000 2025-10-07)
3. Agyao (000 2025-10-07)
4. Alvarez (M.) (000 2025-10-08)
5. Defensor (000 2025-10-09)
6. Angeles (000 2025-10-10)
7. Salvame (000 2025-10-13)
8. Chua-Tai (000 2025-10-20)
9. Bañas-Nograles (000 2025-10-22)
10. Biron (000 2025-11-11)
11. Ang (000 2025-11-17)
12. Marquez (000 2025-11-18)
13. Baronda (000 2025-11-19)
14. Diokno (000 2025-12-11)
15. Lagon (S. L.) (000 2026-03-03)
16. Zubiri (000 2026-05-12)
17. Veloso-Tuazon (000 2026-06-23)","Referral To The Committee On: PERSONS WITH DISABILITIES On 2025-08-06","","","",""
"HB02957","Co-Authored Bills","AN ACT PROVIDING FOR THE DISABILITY SUPPORT ALLOWANCE FOR PERSONS WITH DISABILITIES, APPROPRIATING FUNDS THEREFOR, AND FOR OTHER PURPOSES","2025-08-04","National","1. LAGBAS, ATTY. JENNIFER ""Karen""  A.","2025-08-06","PERSONS WITH DISABILITIES","Transmitted to the Committee on Appropriations on 2026-03-25","https://docs.congress.hrep.online/legisdocs/basic_20/hb02957.pdf","https://www.congress.gov.ph/bill/history?billno=HB02957&congress=20","1. Olivarez (000 2025-09-09)
2. Yatco (000 2025-08-14)
3. Cua (000 2025-10-01)
4. Gorriceta (000 2025-10-07)
5. Rodriguez (R.B.) (000 2025-11-12)
6. Puno (000 2025-11-26)
7. Chua-Tai (000 2025-12-01)
8. Roman (000 2025-12-02)
9. Zubiri (000 2026-02-03)
10. Daza (000 2026-02-04)
11. Villafuerte (M. L. R.) (000 2026-02-10)
12. Oreta (A. A.) (000 2026-02-10)
13. Gonzales (R.) (000 2026-02-12)
14. Tolentino (000 2026-03-03)
15. Atayde (000 2026-03-18)
16. Tiangco (000 2026-06-03)","Referral To The Committee On: PERSONS WITH DISABILITIES On 2025-08-06","Committee Hearings/Actions:
1. Transmitted to the Committee on Appropriations on 2026-03-25","","",""
"HB02995","Co-Authored Bills","AN ACT ESTABLISHING THE TEACHERS' WELFARE AND INNOVATION PROGRAM, PROVIDING COMPENSATION ENHANCEMENTS, PERFORMANCE INCENTIVES, AND SUPPORT SERVICES FOR PUBLIC SCHOOL EDUCATORS, AND APPROPRIATING FUNDS THEREFOR","2025-08-04","National","1. PEREZ, JERRY EVANGELISTA","2025-08-06","BASIC EDUCATION AND CULTURE","Pending with the Committee on BASIC EDUCATION AND CULTURE since 2025-08-06","https://docs.congress.hrep.online/legisdocs/basic_20/hb02995.pdf","https://www.congress.gov.ph/bill/history?billno=HB02995&congress=20","1. Chua-Tai (000 2025-10-20)
2. Puno (000 2025-11-25)","Referral To The Committee On: BASIC EDUCATION AND CULTURE On 2025-08-06","","","",""
"HB03160","Co-Authored Bills","AN ACT ESTABLISHING A LEVEL 3 GENERAL HOSPITAL TO BE KNOWN AS THE VITALI MEDICAL CENTER IN THE DISTRICT OF VITALI, CITY OF ZAMBOANGA, UNDER THE DIRECT SUPERVISION AND CONTROL OF THE DEPARTMENT OF HEALTH, AND APPROPRIATING FUNDS THEREFOR","2025-08-05","Local","1. PEREZ, JERRY EVANGELISTA","2025-08-11","HEALTH","Pending with the Committee on HEALTH since 2025-08-11","https://docs.congress.hrep.online/legisdocs/basic_20/hb03160.pdf","https://www.congress.gov.ph/bill/history?billno=HB03160&congress=20","1. Macasaet (000 2025-08-27)
2. Chua-Tai (000 2025-10-20)","Referral To The Committee On: HEALTH On 2025-08-11","","","",""
"HB03436","Co-Authored Bills","AN ACT PROVIDING A MECHANISM FOR THE EQUITABLE ACCESS TO AND OWNERSHIP OF PUBLIC LANDS BY FARMERS AND FISHERFOLK, MANDATING FOR THAT PURPOSE AN ADMINISTRATIVE PROCESS FOR THE TITLING OF SUCH PUBLIC LANDS THROUGH THE ISSUANCE OF FREE PATENT AND FOR OTHER PURPOSES","2025-08-11","National","1. REMULLA, CRISPIN DIEGO D.","2025-08-13","NATURAL RESOURCES","Pending with the Committee on NATURAL RESOURCES since 2025-08-13","https://docs.congress.hrep.online/legisdocs/basic_20/hb03436.pdf","https://www.congress.gov.ph/bill/history?billno=HB03436&congress=20","1. Chua-Tai (000 2025-10-20)
2. Atayde (000 2026-03-04)
3. Cagas (000 2026-05-05)","Referral To The Committee On: NATURAL RESOURCES On 2025-08-13","","","",""
"HB03676","Co-Authored Bills","AN ACT ESTABLISHING THE UNIVERSAL DISABILITY SUPPORT FUND FOR THE EMPOWERMENT, FULL PARTICIPATION AND INCLUSION OF PERSONS WITH DISABILITIES IN SOCIETY AND APPROPRIATING FUNDS THEREFOR","2025-08-13","National","1. BASCUG, ALFELITO ""Alfel M.""                                              2. ZAMORA, YSABEL MARIA J.                                              3. ROQUE, LAARNI LAVIN","2025-08-18","PERSONS WITH DISABILITIES","Pending with the Committee on PERSONS WITH DISABILITIES since 2025-08-18","https://docs.congress.hrep.online/legisdocs/basic_20/hb03676.pdf","https://www.congress.gov.ph/bill/history?billno=HB03676&congress=20","1. Puno (000 2025-11-24)
2. Chua-Tai (000 2025-12-10)
3. Atayde (000 2026-03-04)","Referral To The Committee On: PERSONS WITH DISABILITIES On 2025-08-18","","","",""
"HB04098","Co-Authored Bills","AN ACT ESTABLISHING A NATIONAL PROGRAM FOR THE FILIPINO GIFTED CHILDREN AND APPROPRIATING FUNDS THEREFOR","2025-08-27","National","1. GUICO, RAMON JR. N.","2025-09-01","BASIC EDUCATION AND CULTURE","Pending with the Committee on BASIC EDUCATION AND CULTURE since 2025-09-01","https://docs.congress.hrep.online/legisdocs/basic_20/hb04098.pdf","https://www.congress.gov.ph/bill/history?billno=HB04098&congress=20","1. Chua-Tai (000 2025-11-11)","Referral To The Committee On: BASIC EDUCATION AND CULTURE On 2025-09-01","","","",""
"HB04888","Co-Authored Bills","AN ACT INSTITUTIONALIZING GREEN INFRASTRUCTURE AND NATURE-BASED SOLUTIONS FOR SUSTAINABLE AND RESILIENT NATIONAL DEVELOPMENT, PROVIDING MECHANISMS FOR IMPLEMENTATION AND FINANCING, AND FOR OTHER PURPOSES","2025-09-24","National","1. ALBA, JOSE MANUEL F.","2025-09-26","DISASTER RESILIENCE","Pending with the Committee on DISASTER RESILIENCE since 2026-01-27","https://docs.congress.hrep.online/legisdocs/basic_20/hb04888.pdf","https://www.congress.gov.ph/bill/history?billno=HB04888&congress=20","(Journal Entries)
1. Chua-Tai (000 2026-03-12)
2. Javier (000 2026-03-17)","Referral To The Committee On: DISASTER RESILIENCE On 2026-01-27

Previous Committee Referrals: PRIMARILY REFERRED TO ECONOMIC AFFAIRS on 2025-09-26","","","",""
"HB04905","Co-Authored Bills","AN ACT STRENGTHENING THE RIGHTS, WELFARE, AND SECURITY OF BARANGAY HEALTH WORKERS BY TRANSFERRING ADMINISTRATIVE SUPERVISION TO THE DEPARTMENT OF HEALTH, ASSIGNING SALARY GRADES, PROVIDING PROTECTION FROM POLITICAL HARASSMENT, AND STANDARDIZING DEPLOYMENT RATIOS, AMENDING FOR THE PURPOSE REPUBLIC ACT NO. 7883, OTHERWISE KNOWN AS BARANGAY HEALTH WORKERS' BENEFITS AND INCENTIVES ACT OF 1995","2025-09-25","National","1. ERICE, EDGAR R.","2025-09-29","LOCAL GOVERNMENT","Pending with the Committee on LOCAL GOVERNMENT since 2025-09-29","https://docs.congress.hrep.online/legisdocs/basic_20/hb04905.pdf","https://www.congress.gov.ph/bill/history?billno=HB04905&congress=20","(Journal Entries)
1. Umali (000 2026-03-10)
2. Diokno (000 2026-03-11)
3. Tan (K. M. D.L.) (000 2026-03-18)
4. Tarriela (000 2026-03-18)
5. Suntay (000 2026-03-19)
6. Ongchuan (000 2026-03-25)
7. Salvador (000 2026-04-14)
8. Ungab (000 2026-04-14)
9. Ko (000 2026-04-14)
10. Bañas-Nograles (000 2026-04-14)
11. Dalog (000 2026-04-14)
12. Salceda (000 2026-04-14)
13. Veloso (000 2026-04-14)
14. Beltran (000 2026-04-14)
15. Macasaet (000 2026-04-14)
16. Salvame (000 2026-04-14)
17. Vergara (000 2026-04-14)
18. Cua (000 2026-04-14)
19. Amatong (000 2026-04-14)
20. Yap (A.) (000 2026-04-14)
21. Shimura (000 2026-04-14)
22. Tereng (000 2026-04-14)
23. Tallado (000 2026-04-14)
24. Mangudadatu (000 2026-04-14)
25. Madrona (000 2026-04-14)
26. Alvarez (M.) (000 2026-04-14)
27. Lagbas (000 2026-04-14)
28. Ledesma (000 2026-04-14)
29. Marquez (000 2026-04-21)
30. Defensor (000 2026-04-22)
31. Rama (000 2026-04-22)
32. Bautista (C. P.) (000 2026-04-23)
33. Yulo (000 2026-04-28)
34. Dimaguila (000 2026-05-04)
35. Bautista-Lim (000 2026-05-05)
36. Dy (F.M.C.) (000 2026-05-05)
37. Loria (000 2026-05-06)
38. Romualdez (A.J.) (000 2026-05-06)
39. Legarda (000 2026-05-06)
40. Celeste (000 2026-05-06)
41. Cruzado (000 2026-05-06)
42. Galeos (000 2026-05-06)
43. Ferrer (J. ) (000 2026-05-19)
44. Cari (000 2026-05-19)
45. Kho (W. T.) (000 2026-05-19)
46. Pancho (000 2026-05-19)
47. Dimacuha (000 2026-05-20)
48. Momo (000 2026-05-20)
49. Fresnedi (000 2026-05-20)
50. Bondoc (000 2026-05-20)
51. Ty (000 2026-05-20)
52. Tan (J. S.) (000 2026-05-20)
53. Chua-Tai (000 2026-05-25)
54. Santos (M.A.) (000 2026-05-25)
55. Garbin (000 2026-05-25)
56. Ayon (000 2026-05-25)
57. Chan (J.) (000 2026-05-25)
58. Robes (000 2026-05-25)
59. Tutor (000 2026-05-25)
60. Lacson (000 2026-06-08)
61. Yap (C.) (000 2026-06-09)
62. Tiangco (000 2026-06-10)
63. Galang (000 2026-08-04)","Referral To The Committee On: LOCAL GOVERNMENT On 2025-09-29","","","",""
"HB05179","Co-Authored Bills","AN ACT REQUIRING PUBLIC SCHOOLS AND HEALTH CARE PROVIDERS TO MAKE PERIOD PRODUCTS AVAILABLE FREE OF CHARGE, APPROPRIATING FUNDS THEREFOR","2025-10-06","National","1. ISMULA, DADAH KIRAM                                              2. DIOKNO, JOSE MANUEL TADEO ""Chel"" I.                                              3. CENDAÑA, PERCIVAL ""Perci""                                              4. BAG-AO, KAKA J.","2025-10-08","HEALTH","Pending with the Committee on HEALTH since 2025-10-08","https://docs.congress.hrep.online/legisdocs/basic_20/hb05179.pdf","https://www.congress.gov.ph/bill/history?billno=HB05179&congress=20","(Journal Entries)
1. De Lima (000 2026-03-11)
2. Bautista (J. M. G.) (000 2026-03-16)
3. Hofer-Hasim (000 2026-03-16)
4. Yatco (000 2026-03-16)
5. Aquino-Magsaysay (000 2026-03-23)
6. Matibag (000 2026-05-18)
7. Chua-Tai (000 2026-05-18)
8. Dimaporo ( S. A. Q.) (000 2026-03-23)
9. Angeles (000 2026-06-18)
10. Lagbas (000 2026-06-18)","Referral To The Committee On: HEALTH On 2025-10-08","","","",""
"HB05403","Co-Authored Bills","AN ACT INSTITUTIONALIZING THE EDUCATION-TO-EMPLOYMENT FRAMEWORK TO ALIGN THE PHILIPPINE EDUCATION SYSTEM WITH LABOR MARKET DEMANDS, ESTABLISHING LOCAL INDUSTRY-ACADEME COUNCILS, AND FOR OTHER PURPOSES","2025-10-09","National","1. ERICE, EDGAR R.","2025-10-13","BASIC EDUCATION AND CULTURE","Pending with the Committee on BASIC EDUCATION AND CULTURE since 2025-10-13","https://docs.congress.hrep.online/legisdocs/basic_20/hb05403.pdf","https://www.congress.gov.ph/bill/history?billno=HB05403&congress=20","(Journal Entries)
1. Tan (K. M. D.L.) (000 2026-03-18)
2. Tarriela (000 2026-03-18)
3. Suntay (000 2026-03-19)
4. Ongchuan (000 2026-03-25)
5. Salvador (000 2026-04-14)
6. Madrona (000 2026-04-14)
7. Mangudadatu (000 2026-04-14)
8. Tallado (000 2026-04-14)
9. Tereng (000 2026-04-14)
10. Shimura (000 2026-04-14)
11. Yap (A.) (000 2026-04-14)
12. Olivarez (000 2026-04-14)
13. Cua (000 2026-04-14)
14. Alvarez (M.) (000 2026-04-14)
15. Vergara (000 2026-04-14)
16. Macasaet (000 2026-04-14)
17. Beltran (000 2026-04-14)
18. Salvame (000 2026-04-14)
19. Atayde (000 2026-04-14)
20. Veloso (000 2026-04-14)
21. Salceda (000 2026-04-14)
22. Dalog (000 2026-04-14)
23. Bañas-Nograles (000 2026-04-14)
24. Ko (000 2026-04-14)
25. Ungab (000 2026-04-14)
26. Ledesma (000 2026-04-14)
27. Marquez (000 2026-04-21)
28. Defensor (000 2026-04-22)
29. Rama (000 2026-04-22)
30. Bautista (C. P.) (000 2026-04-23)
31. Yulo (000 2026-04-28)
32. Espina (000 2026-05-04)
33. Dimaguila (000 2026-05-04)
34. Bautista-Lim (000 2026-05-05)
35. Dy (F.M.C.) (000 2026-05-05)
36. Loria (000 2026-05-06)
37. Romualdez (A.J.) (000 2026-05-06)
38. Legarda (000 2026-05-06)
39. Celeste (000 2026-05-06)
40. Cruzado (000 2026-05-06)
41. Galeos (000 2026-05-06)
42. Arenas (000 2026-05-06)
43. Ferrer (J. ) (000 2026-05-19)
44. Cari (000 2026-05-19)
45. Kho (W. T.) (000 2026-05-19)
46. Momo (000 2026-05-20)
47. Fresnedi (000 2026-05-20)
48. Dimacuha (000 2026-05-20)
49. Bondoc (000 2026-05-20)
50. Ty (000 2026-05-20)
51. Tan (J. S.) (000 2026-05-20)
52. Chua-Tai (000 2026-05-25)
53. Santos (M.A.) (000 2026-05-25)
54. Garbin (000 2026-05-25)
55. Ayon (000 2026-05-25)
56. Chan (J.) (000 2026-05-25)
57. Robes (000 2026-05-25)
58. Tutor (000 2026-05-25)
59. Lacson (000 2026-06-08)
60. Yap (C.) (000 2026-06-09)
61. Tiangco (000 2026-06-10)
62. Galang (000 2026-08-04)
63. Fortes (000 2026-09-09)","Referral To The Committee On: BASIC EDUCATION AND CULTURE On 2025-10-13

Secondarily Referred To The Committee(s) On: HIGHER AND TECHNICAL EDUCATION","","","",""
"HB05404","Co-Authored Bills","AN ACT PROMOTING THE DEVELOPMENT OF SMART AND DIGITALLY-ENABLED PUBLIC SCHOOLS NATIONWIDE, INSTITUTIONALIZING DIGITAL LITERACY TRAINING FOR EDUCATION STAKEHOLDERS, AND APPROPRIATING FUNDS THEREFOR","2025-10-09","National","1. ERICE, EDGAR R.","2025-10-13","BASIC EDUCATION AND CULTURE","Pending with the Committee on BASIC EDUCATION AND CULTURE since 2025-10-13","https://docs.congress.hrep.online/legisdocs/basic_20/hb05404.pdf","https://www.congress.gov.ph/bill/history?billno=HB05404&congress=20","(Journal Entries)
1. Bag-ao (000 2026-03-10)
2. Umali (000 2026-03-10)
3. Diokno (000 2026-03-11)
4. Tan (K. M. D.L.) (000 2026-03-18)
5. Tarriela (000 2026-03-18)
6. Suntay (000 2026-03-19)
7. Ongchuan (000 2026-03-25)
8. Salvador (000 2026-04-14)
9. Madrona (000 2026-04-14)
10. Mangudadatu (000 2026-04-14)
11. Tallado (000 2026-04-14)
12. Tereng (000 2026-04-14)
13. Shimura (000 2026-04-14)
14. Yap (A.) (000 2026-04-14)
15. Amatong (000 2026-04-14)
16. Cua (000 2026-04-14)
17. Co-Pilar (000 2026-04-14)
18. Tinio (000 2026-04-14)
19. Alvarez (M.) (000 2026-04-14)
20. Vergara (000 2026-04-14)
21. Salvame (000 2026-04-14)
22. Macasaet (000 2026-04-14)
23. Beltran (000 2026-04-14)
24. Atayde (000 2026-04-14)
25. Veloso (000 2026-04-14)
26. Salceda (000 2026-04-14)
27. Dalog (000 2026-04-14)
28. Bañas-Nograles (000 2026-04-14)
29. Ko (000 2026-04-14)
30. Ungab (000 2026-04-14)
31. Ledesma (000 2026-04-14)
32. Marquez (000 2026-04-21)
33. Defensor (000 2026-04-22)
34. Bautista (C. P.) (000 2026-04-23)
35. Yulo (000 2026-04-28)
36. Espina (000 2026-05-04)
37. Dimaguila (000 2026-05-04)
38. Bautista-Lim (000 2026-05-05)
39. Dy (F.M.C.) (000 2026-05-05)
40. Albano (000 2026-05-05)
41. Loria (000 2026-05-06)
42. Romualdez (A.J.) (000 2026-05-06)
43. Legarda (000 2026-05-06)
44. Celeste (000 2026-05-06)
45. Cruzado (000 2026-05-06)
46. Galeos (000 2026-05-06)
47. Arenas (000 2026-05-06)
48. Almonte (000 2026-05-18)
49. Ferrer (J. ) (000 2026-05-19)
50. Cari (000 2026-05-19)
51. Kho (W. T.) (000 2026-05-19)
52. Abalos (000 2026-05-19)
53. Pancho (000 2026-05-19)
54. Momo (000 2026-05-20)
55. Fresnedi (000 2026-05-20)
56. Dimacuha (000 2026-05-20)
57. Bondoc (000 2026-05-20)
58. Ty (000 2026-05-20)
59. Tan (J. S.) (000 2026-05-20)
60. De Lima (000 2026-05-20)
61. Chua-Tai (000 2026-05-25)
62. Santos (M.A.) (000 2026-05-25)
63. Garbin (000 2026-05-25)
64. Ayon (000 2026-05-25)
65. Chan (J.) (000 2026-05-25)
66. Robes (000 2026-05-25)
67. Tutor (000 2026-05-25)
68. Lacson (000 2026-06-08)
69. Yap (C.) (000 2026-06-09)
70. Tiangco (000 2026-06-10)
71. Galang (000 2026-08-04)
72. Fortes (000 2026-09-09)","Referral To The Committee On: BASIC EDUCATION AND CULTURE On 2025-10-13","","","",""
"HB05481","Co-Authored Bills","AN ACT ESTABLISHING THE PRESIDENTIAL SCHOLARSHIP MERIT PROGRAM TO RECOGNIZE AND REWARD OUTSTANDING ACADEMIC ACHIEVEMENT AMONG HIGH SCHOOL GRADUATES, PROVIDING FINANCIAL ASSISTANCE FOR HIGHER EDUCATION, AND APPROPRIATING FUNDS THEREFOR","2025-10-13","National","1. PLEYTO, SALVADOR A.","2025-11-11","HIGHER AND TECHNICAL EDUCATION","Substituted by HB08477","https://docs.congress.hrep.online/legisdocs/basic_20/hb05481.pdf","https://www.congress.gov.ph/bill/history?billno=HB05481&congress=20","1. Chua-Tai (000 2025-12-22)
2. Yu (J.K.) (000 2026-03-16)
3. Cari (000 2026-06-03)","Referral To The Committee On: HIGHER AND TECHNICAL EDUCATION On 2025-11-11","Committee Hearings/Actions:
1. Measure approved by the Committee on 2025-11-25
Mother Bill: HB08477
Co-Substituted Bills: HB02583, HB02698, HB05229, HB05676, HB05686, HB05763, HB05980, HB06038, HB06151","","",""
"HB08477","Co-Authored Bills","AN ACT ESTABLISHING THE PRESIDENTIAL SCHOLARSHIP MERIT PROGRAM TO RECOGNIZE AND REWARD OUTSTANDING ACADEMIC ACHIEVEMENT AMONG HIGH SCHOOL GRADUATES, PROVIDING FINANCIAL ASSISTANCE FOR HIGHER EDUCATION, AND APPROPRIATING FUNDS THEREFOR","2025-10-13","National","1. PLEYTO, SALVADOR A.","2025-11-11","HIGHER AND TECHNICAL EDUCATION","Substituted by HB08477","https://docs.congress.hrep.online/legisdocs/basic_20/hb08477.pdf","https://www.congress.gov.ph/bill/history?billno=HB08477&congress=20","1. Robes (000 2026-03-11)
2. Veloso-Tuazon (000 2026-03-11)
3. Garin (000 2026-03-12)
4. Primicias-Agabas (000 2026-03-12)
5. Dionisio (000 2026-03-12)
6. Gutierrez (000 2026-03-12)
7. Ortega (000 2026-03-12)
8. Khonghun (000 2026-03-12)
9. Adiong (000 2026-03-12)
10. Marquez (000 2026-03-16)
11. Yu (J.K.) (000 2026-03-16)
12. Javier (000 2026-03-16)
13. Abante (000 2026-03-13)
14. Cua (000 2026-03-16)
15. Arenas (000 2026-03-16)
16. Pumaren (000 2026-03-16)
17. Legacion (000 2026-03-17)
18. Cari (000 2026-06-03)
19. Tulfo (R. W. P.) (000 2026-06-22)
20. Teodoro (000 2026-06-16)
21. Bulut-Begtang (000 2026-02-25)
Author/s (Final/Third Reading)
1. Acidre
2. Suansing (M. A. B.)
3. Recto (R. S.)
4. Marcos
5. Dy (F.)
6. Cruz (A.)
7. Pleyto
8. Escudero
9. Olivarez
10. Romualdez (F.M.)
11. Romualdez (Y.M.)
12. Romualdez (A.J.)
13. Villafuerte (M. L. R.)
14. Villafuerte (V. R. L. R.)
15. Horibata
16. Ridon
17. Montes
18. Atayde
19. Zubiri
20. Bautista (J. M. G.)
21. Rodriguez ( E. R.)
22. Gato
23. Amante
24. Cagas
25. Galang
26. Alano
27. Ynares
28. Solon
29. Gatchalian
30. Hernandez (F. L.)
31. Cruzado
32. Lopez
33. Uy, (D. C. L.)
34. Garin
35. Ortega
36. Khonghun
37. Defensor
38. Baronda
39. Dionisio
40. Panaligan
41. Gonzales (A. M.)
42. Guintu
43. Acosta
44. Teves
45. Gutierrez
46. Dagooc
47. Bondoc
48. Tan (K. M. D.L.)
49. Lagdameo (M. Y. M. Q.)
50. Momo
51. Alvarez (J.)
52. Alvarez (M.)
53. Rodriguez (R.B.)
54. Tan (J. S.)
55. Corvera
56. Hernandez (C. A.)
57. Dimaporo ( I. Q.)
58. Gonzales (A.)
59. Pancho
60. Ordanes
61. Arrogancia
62. Go
63. Yap (C.)
64. Matugas
65. Aquino-Magsaysay
66. Bautista-Lim
67. Beltran
68. Cruz (R. JR.)
69. Lagdameo (J. M. F.)
70. Oducado
71. Valeriano
72. Ceniza
73. Yu (J.K.)
74. Gonzales (R.)
75. Tuan
76. Labadlabad
77. Yap (A.)
78. Gonzales (C. S.)
79. Diokno
80. Marcoleta
81. Dimaguila
82. Mercado-Revilla
83. Salvame
84. Tan (S. J. T.)
85. Singson-Meehan
86. Sakaluran
87. Zamora (Y.M.)
88. Rama
89. Co-Pilar
90. Emano
91. Espina
92. Flores
93. Tiangco
94. Loyola
95. Chua-Tai
96. Hernandez (R. L.)
97. Adiong
98. Tupas
99. Romualdo
100. Bernos (C.)
101. Bernos (J.B.)
102. Puno
103. Fortes
104. Robes
105. Tan (S. A.)
106. Vargas
107. Veloso-Tuazon
108. Bulut-Begtang","Referral To The Committee On: RULES On 2026-03-11
Date Included In OB: 2026-03-11
Date Calendared: 2026-03-11","Committee Report No.: 00167
Submitted On: 2026-03-11
Submitted By: HIGHER AND TECHNICAL EDUCATION, APPROPRIATIONS
Recommendations: Recommending its approval in substitution of House Bills Numbered 2583, 2698, 5229, 5481, 5676, 5686, 5763, 5980, 6038, and 6151
Substituted Bills: HB02583, HB02698, HB05229, HB05481, HB05676, HB05686, HB05763, HB05980, HB06038, HB06151","Period Of Sponsorship: 2026-03-11
Sponsored By: Acidre
Final List of Author
1. Acidre
2. Suansing (M. A. B.)
3. Recto (R. S.)
4. Marcos
5. Dy (F.)
6. Cruz (A.)
7. Pleyto
8. Escudero
9. Olivarez
10. Romualdez (F.M.)
11. Romualdez (Y.M.)
12. Romualdez (A.J.)
13. Villafuerte (M. L. R.)
14. Villafuerte (V. R. L. R.)
15. Horibata
16. Ridon
17. Montes
18. Atayde
19. Zubiri
20. Bautista (J. M. G.)
21. Rodriguez ( E. R.)
22. Gato
23. Amante
24. Cagas
25. Galang
26. Alano
27. Ynares
28. Solon
29. Gatchalian
30. Hernandez (F. L.)
31. Cruzado
32. Lopez
33. Uy, (D. C. L.)
34. Garin
35. Ortega
36. Khonghun
37. Defensor
38. Baronda
39. Dionisio
40. Panaligan
41. Gonzales (A. M.)
42. Guintu
43. Acosta
44. Teves
45. Gutierrez
46. Dagooc
47. Bondoc
48. Tan (K. M. D.L.)
49. Lagdameo (M. Y. M. Q.)
50. Momo
51. Alvarez (J.)
52. Alvarez (M.)
53. Rodriguez (R.B.)
54. Tan (J. S.)
55. Corvera
56. Hernandez (C. A.)
57. Dimaporo ( I. Q.)
58. Gonzales (A.)
59. Pancho
60. Ordanes
61. Arrogancia
62. Go
63. Yap (C.)
64. Matugas
65. Aquino-Magsaysay
66. Bautista-Lim
67. Beltran
68. Cruz (R. JR.)
69. Lagdameo (J. M. F.)
70. Oducado
71. Valeriano
72. Ceniza
73. Yu (J.K.)
74. Gonzales (R.)
75. Tuan
76. Labadlabad
77. Yap (A.)
78. Gonzales (C. S.)
79. Diokno
80. Marcoleta
81. Dimaguila
82. Mercado-Revilla
83. Salvame
84. Tan (S. J. T.)
85. Singson-Meehan
86. Sakaluran
87. Zamora (Y.M.)
88. Rama
89. Co-Pilar
90. Emano
91. Espina
92. Flores
93. Tiangco
94. Loyola
95. Chua-Tai
96. Hernandez (R. L.)
97. Adiong
98. Tupas
99. Romualdo
100. Bernos (C.)
101. Bernos (J.B.)
102. Puno
103. Fortes
104. Robes
105. Tan (S. A.)
106. Vargas
107. Veloso-Tuazon
108. Bulut-Begtang
Date Approved On Second Reading: 2026-03-11","Date Copy Distributed To Members: 2026-03-12
Date Approved By The House On Third Reading: 2026-03-16
Third Reading Title: AN ACT INSTITUTIONALIZING THE PRESIDENTIAL MERIT SCHOLARSHIP PROGRAM, INTEGRATING THE BAGONG PILIPINAS MERIT SCHOLARSHIP PROGRAM INTO A NATIONAL FRAMEWORK TO SUPPORT TOP-PERFORMING STUDENTS, AND APPROPRIATING FUNDS THEREFOR
House Votes: YEAS:259 NAYS:0 ABSTAIN:1
Voting Details Per Member
(Legend:Y-Yes N-No A-Abstain X-Did Not Vote B-Absent D-N/A)
1. Y---Abalos
2. X---Abante
3. Y---Acidre
4. Y---Acop (P.C.)
5. D---Acop--(N/A)
6. Y---Acosta
7. Y---Adiong
8. Y---Advincula
9. Y---Agarao
10. Y---Agyao
11. Y---Alano
12. Y---Alba
13. Y---Albano
14. X---Almario (C.M.)
15. Y---Almario (D.)
16. Y---Almonte
17. Y---Alvarez (J.)
18. X---Alvarez (M.)
19. Y---Amante
20. Y---Amatong
21. Y---Ang
22. Y---Angara
23. Y---Angeles
24. X---Aquino
25. Y---Aquino-Magsaysay
26. Y---Arbison (M. N. JR.)
27. Y---Arbison (M. M.)
28. Y---Arenas
29. Y---Arrogancia
30. Y---Asistio
31. Y---Atayde
32. X---Aumentado
33. Y---Ayon
34. Y---Bag-ao
35. Y---Balindong
36. Y---Bañas-Nograles
37. Y---Bancoro
38. Y---Barba
39. Y---Barbers
40. Y---Baronda
41. D---Barzaga--(N/A)
42. Y---Bacsug
43. X---Bautista (C. P.)
44. Y---Bautista (J. M. G.)
45. X---Bautista-Lim
46. Y---Beltran
47. Y---Benitez (A.)
48. Y---Benitez (J.M.)
49. Y---Bernos (C.)
50. Y---Bernos (J.B.)
51. Y---Biron
52. X---Bocobo
53. Y---Bolilia
54. Y---Bondoc
55. Y---Briones
56. Y---Bulut-Begtang
57. Y---Cagas
58. Y---Calderon
59. Y---Calixto
60. Y---Caoagdan
61. Y---Cari
62. Y---Castro
63. Y---Cayton
64. Y---Celeste
65. Y---Cendaña
66. Y---Ceniza
67. X---Chan (J.)
68. X---Chan
69. Y---Chua
70. X---Chua-Tai
71. Y---Chungalao
72. D---Co ( E. S.)--(N/A)
73. Y---Co (R. L. M.)
74. Y---Co-Pilar
75. Y---Cojuangco (J. E. M. D.)
76. Y---Cojuangco ( M. O.)
77. Y---Collantes
78. Y---Corvera
79. Y---Cruz (A.)
80. Y---Cruz (R. JR.)
81. Y---Cruzado
82. Y---Cua
83. Y---Dagooc
84. Y---Dalog
85. X---Dayanghirang
86. Y---Daza
87. Y---De Jesus
88. Y---De Lima
89. Y---De Venecia
90. Y---Defensor
91. Y---Degamo
92. Y---Del Mar
93. X---Delos Santos
94. Y---Dimacuha
95. Y---Dimaguila
96. Y---Dimaporo ( I. Q.)
97. Y---Dimaporo ( S. A. Q.)
98. Y---Diokno
99. Y---Dionisio
100. Y---Domingo
101. Y---Domogan
102. X---Duterte (H.J.)
103. X---Duterte (O.V.)
104. X---Duterte (P.)
105. Y---Dy (F.)
106. Y---Dy (F.M.C.)
107. X---Dy (I.P.)
108. Y---Elago
109. Y---Emano
110. Y---Enverga
111. Y---Erice
112. Y---Escudero
113. Y---Espares
114. Y---Espina
115. Y---Estrella
116. Y---Ferrer (A. A.)
117. Y---Ferrer (J. )
118. X---Flores
119. Y---Fortes
120. X---Frasco
121. Y---Fresnedi
122. X---Fuentebella
123. Y---Galang
124. Y---Galeos
125. X---Garbin
126. Y---Garcia (A.)
127. Y---Garcia (D.)
128. Y---Garcia (J. A.)
129. Y---Garcia (K. H.)
130. X---Garcia (M. A.)
131. Y---Gardiola
132. Y---Garin
133. Y---Gatchalian
134. Y---Gato
135. Y---Glepa
136. Y---Go
137. Y---Gomez
138. Y---Gonzales (A.)
139. Y---Gonzales (A. M.)
140. Y---Gonzales (C. S.)
141. Y---Gonzales (R.)
142. Y---Gorriceta
143. Y---Guico
144. Y---Guintu
145. X---Gullas
146. Y---Gutierrez
147. Y---Hernandez (C. A.)
148. Y---Hernandez (D. L.)
149. Y---Hernandez (F. L.)
150. Y---Hernandez (R. L.)
151. Y---Hofer-Hasim
152. X---Horibata
153. Y---Ismula
154. Y---Iway
155. Y---Javier
156. Y---Kho
157. Y---Kho (E. T.)
158. Y---Kho (W. T.)
159. Y---Khonghun
160. Y---Ko
161. Y---Labadlabad
162. X---Lacson
163. Y---Lagbas
164. Y---Lagdameo (J. M. F.)
165. Y---Lagdameo (M. Y. M. Q.)
166. X---Lagman
167. Y---Lagon (D. A.)
168. Y---Lagon (S. L.)
169. Y---Lara
170. Y---Lazatin
171. A---Ledesma
172. Y---Legacion
173. Y---Legarda
174. Y---Legazpi
175. D---Legazpi(K.)--(N/A)
176. X---Leviste
177. Y---Libanan
178. Y---Lopez
179. Y---Loria
180. Y---Loyola
181. Y---Luistro
182. Y---Lumayag
183. Y---Macapagal-Arroyo
184. Y---Macasaet
185. Y---Maceda
186. Y---Madrona
187. Y---Malapitan
188. Y---Mangudadatu
189. Y---Maniquiz
190. Y---Marañon
191. Y---Marcoleta
192. Y---Marcos
193. Y---Marquez
194. Y---Mastura
195. X---Matibag
196. Y---Matugas
197. X---Mendoza
198. Y---Mercado
199. Y---Mercado-Revilla
200. X---Miraflores
201. Y---Momo
202. Y---Montes
203. Y---Nava
204. Y---Nazal
205. X---Nisay
206. Y---Nolasco
207. Y---Oaminal (H. F.)
208. Y---Oaminal (S. F. F.)
209. Y---Oducado
210. Y---Olivarez
211. Y---Ongchuan
212. Y---Ordanes
213. Y---Oreta (A. A.)
214. Y---Ortega
215. X---Ouano-Dizon
216. X---Padiernos
217. Y---Panaligan
218. Y---Pancho
219. Y---Panotes
220. X---Pascual
221. Y---Perez
222. Y---Pimentel
223. Y---Plaza
224. X---Pleyto
225. Y---Poe
226. Y---Primicias-Agabas
227. Y---Pumaren
228. X---Puno
229. Y---Quimbo
230. X---Rama
231. Y---Recto (R. S.)
232. X---Regencia
233. Y---Remulla
234. Y---Revilla ( B. B.)
235. X---Revilla (R. J.)
236. Y---Ridon
237. Y---Rivera
238. Y---Robes
239. Y---Rodriguez ( E. R.)
240. Y---Rodriguez (M. B.)
241. Y---Rodriguez (R.B.)
242. Y---Roman
243. Y---Romualdez (A.J.)
244. Y---Romualdez (F.M.)
245. Y---Romualdez (Y.M.)
246. Y---Romualdo
247. Y---Romulo
248. Y---Roque
249. Y---Sagarbarria
250. Y---Sakaluran
251. Y---Salceda
252. X---Sali
253. Y---Salvacion
254. Y---Salvador
255. X---Salvame
256. Y---San Fernando
257. Y---Santos (M.A.S.)
258. Y---Santos (M.A.)
259. X---Shimura
260. Y---Singson ( R.)
261. Y---Singson (R. V.)
262. Y---Singson-Meehan
263. Y---Solon
264. Y---Soriano
265. Y---Suan
266. X---Suansing (B. V. B.)
267. Y---Suansing (M. A. B.)
268. Y---Suarez
269. Y---Suntay
270. Y---Tallado
271. X---Tan (A.)
272. Y---Tan (J. S.)
273. Y---Tan (K. M. D.L.)
274. X---Tan (R. M.T.)
275. X---Tan (S. A.)
276. X---Tan (S. J. T.)
277. Y---Tanchay
278. Y---Tanjuatco
279. Y---Tarriela
280. Y---Teodoro
281. Y---Tereng
282. Y---Teves
283. Y---Tiangco
284. Y---Tieng
285. Y---Tinio
286. X---Tolentino
287. Y---Tuan
288. Y---Tulfo (J. P.)
289. Y---Tulfo (R. W. P.)
290. Y---Tupas
291. X---Tutor
292. X---Ty
293. Y---Umali
294. Y---Ungab
295. X---Uy, (D. C. L.)
296. Y---Uy (R. JR.)
297. Y---Valeriano
298. Y---Vargas
299. Y---Vargas-Alfonso
300. Y---Veloso
301. Y---Veloso-Tuazon
302. Y---Vergara
303. Y---Villa ( Z.)
304. X---Villafuerte (M. L. R.)
305. Y---Villafuerte (V. R. L. R.)
306. Y---Villanueva
307. X---Villarica
308. X---Violago
309. Y---Yamsuan
310. Y---Yap (A.)
311. X---Yap (C.)
312. D---Yap (EDVIC)--(N/A)
313. X---Yap (ERIC)
314. Y---Yap ( G.)
315. Y---Yatco
316. Y---Ynares
317. Y---Yu (J.V.)
318. Y---Yu (J.K.)
319. Y---Yulo
320. Y---Zamora (M.C.)
321. X---Zamora (Y.M.)
322. Y---Zubiri
Date Transmitted To The Senate: 2026-03-17
Actions Taken By The Senate/House
Date Received By The Senate: 2026-03-17",""
"HB05482","Co-Authored Bills","AN ACT PROVIDING FOR THE COMPREHENSIVE REHABILITATION AND UPGRADING OF EXISTING RESETTLEMENT AREAS, PROVIDING FOR EMPLOYMENT OPPORTUNITIES AND UPLIFTING THE LIVING CONDITIONS OF RESIDENTS THEREIN, AND FOR OTHER PURPOSES","2025-10-13","National","1. PLEYTO, SALVADOR A.","2025-11-11","HOUSING AND URBAN DEVELOPMENT","Pending with the Committee on HOUSING AND URBAN DEVELOPMENT since 2025-11-11","https://docs.congress.hrep.online/legisdocs/basic_20/hb05482.pdf","https://www.congress.gov.ph/bill/history?billno=HB05482&congress=20","1. Chua-Tai (000 2025-12-22)","Referral To The Committee On: HOUSING AND URBAN DEVELOPMENT On 2025-11-11","","","",""
"HB05493","Co-Authored Bills","AN ACT REORGANIZING THE WOMEN AND CHILDREN PROTECTION CENTER (WCPC) OF THE PHILIPPINE NATIONAL POLICE INTO THE WOMEN AND CHILDREN PROTECTION GROUP (WCPG), DEFINING ITS FUNCTIONS, STRUCTURE, AND APPROPRIATING FUNDS THEREFOR","2025-10-13","National","1. VALERIANO, ROLANDO M.                                              2. PUNO, RONALDO V.                                              3. LAGBAS, ATTY. JENNIFER ""Karen""  A.                                              4. VELOSO-TUAZON, ANNA VICTORIA                                              5. TOLENTINO, ANIELA BIANCA D.                                              6. ORETA, ANTOLIN III A.                                              7. ACOP, ROMEO M.","2025-11-11","PUBLIC ORDER AND SAFETY","Pending with the Committee on PUBLIC ORDER AND SAFETY since 2025-11-11","https://docs.congress.hrep.online/legisdocs/basic_20/hb05493.pdf","https://www.congress.gov.ph/bill/history?billno=HB05493&congress=20","1. Montes (000 2025-11-27)
2. Chua-Tai (000 2026-02-23)
3. Suansing (B. V. B.) (000 2026-05-06)","Referral To The Committee On: PUBLIC ORDER AND SAFETY On 2025-11-11","","","",""
"HB05494","Co-Authored Bills","AN ACT AMENDING REPUBLIC ACT NO. 11930 ENTITLED “AN ACT PUNISHING ONLINE SEXUAL ABUSE OF EXPLOITATION OF CHILDREN, PENALIZING THE PRODUCTION, DISTRIBUTION, POSSESSION AND ACCESS OF CHILD SEXUAL ABUSE OR EXPLOITATION MATERIALS”","2025-10-13","National","1. VALERIANO, ROLANDO M.                                              2. PUNO, RONALDO V.                                              3. LAGBAS, ATTY. JENNIFER ""Karen""  A.                                              4. VELOSO-TUAZON, ANNA VICTORIA                                              5. TOLENTINO, ANIELA BIANCA D.                                              6. ORETA, ANTOLIN III A.                                              7. ACOP, ROMEO M.","2025-11-11","PUBLIC ORDER AND SAFETY","Substituted by HB09461","https://docs.congress.hrep.online/legisdocs/basic_20/hb05494.pdf","https://www.congress.gov.ph/bill/history?billno=HB05494&congress=20","1. Montes (000 2025-11-27)
2. Chua-Tai (000 2026-02-23)
3. Emano (000 2026-02-25)
4. Cari (000 2026-03-09)
5. Escudero (000 2026-03-17)
6. Atayde (000 2026-04-14)
7. Zamora (Y.M.) (000 2026-05-21)
8. Chua (000 2026-05-26)
9. Co-Pilar (000 2026-05-26)
10. Arenas (000 2026-06-01)
11. Cruz (A.) (000 2026-06-01)","Referral To The Committee On: PUBLIC ORDER AND SAFETY On 2026-01-27
Previous Committee Referrals: PRIMARILY REFERRED TO WELFARE OF CHILDREN on 2025-11-11","Mother Bill: HB09461
Co-Substituted Bills: HB00809, HB02319, HB07858, HB07901, HB08276","","",""
"HB09461","Co-Authored Bills","AN ACT AMENDING REPUBLIC ACT NO. 11930 ENTITLED “AN ACT PUNISHING ONLINE SEXUAL ABUSE OF EXPLOITATION OF CHILDREN, PENALIZING THE PRODUCTION, DISTRIBUTION, POSSESSION AND ACCESS OF CHILD SEXUAL ABUSE OR EXPLOITATION MATERIALS”","2025-10-13","National","1. VALERIANO, ROLANDO M.                                              2. PUNO, RONALDO V.                                              3. LAGBAS, ATTY. JENNIFER ""Karen""  A.                                              4. VELOSO-TUAZON, ANNA VICTORIA                                              5. TOLENTINO, ANIELA BIANCA D.                                              6. ORETA, ANTOLIN III A.                                              7. ACOP, ROMEO M.","2025-11-11","PUBLIC ORDER AND SAFETY","Substituted by HB09461","https://docs.congress.hrep.online/legisdocs/basic_20/hb09461.pdf","https://www.congress.gov.ph/bill/history?billno=HB09461&congress=20","1. Zamora (Y.M.) (000 2026-05-26)
2. Chua (000 2026-05-26)
3. Co-Pilar (000 2026-05-26)
4. Acop (P.C.) (000 2026-05-30)
5. Garin (000 2026-06-01)
6. Primicias-Agabas (000 2026-06-01)
7. Dionisio (000 2026-06-01)
8. Gutierrez (000 2026-06-01)
9. Ortega (000 2026-06-01)
10. Khonghun (000 2026-06-01)
11. Adiong (000 2026-06-01)
12. Villanueva (000 2026-05-30)
13. Arenas (000 2026-06-01)
14. Cruz (A.) (000 2026-06-01)
15. Arrogancia (000 2026-06-01)
16. Gonzales (A.) (000 2026-06-02)
17. Marquez (000 2026-06-02)
18. Soriano (000 2026-06-03)
19. Loyola (000 2026-06-03)
20. Maceda (000 2026-06-03)
21. Padiernos (000 2026-06-02)
22. Abante (000 2026-06-02)
23. Legacion (000 2026-06-03)
24. Rama (000 2026-06-17)
25. Frasco (000 2026-09-16)
Author/s (Final/Third Reading)
1. Valeriano
2. Suansing (B. V. B.)
3. Puno
4. Veloso-Tuazon
5. Lagbas
6. Tolentino
7. Oreta (A. A.)
8. Acop (P.C.)
9. Suansing (M. A. B.)
10. Yap (ERIC)
11. Ismula
12. Diokno
13. Cendaña
14. Bag-ao
15. Suan
16. Solon
17. Montes
18. Pleyto
19. Roman
20. Oaminal (H. F.)
21. Co (R. L. M.)
22. Elago
23. Chua-Tai
24. Emano
25. Oducado
26. Labadlabad
27. Chan (J.)
28. Lacson
29. Bautista (J. M. G.)
30. Tan (K. M. D.L.)
31. Dy (F.)
32. Marcos
33. Cari
34. Gonzales (A. M.)
35. Arenas
36. De Lima
37. Sakaluran
38. Escudero
39. Dimaguila
40. Cua
41. Flores
42. Vergara
43. Atayde
44. Matibag
45. Bernos (J.B.)
46. Pimentel
47. Fuentebella
48. Rodriguez (R.B.)
49. Ordanes
50. Poe
51. Aquino-Magsaysay
52. Bautista-Lim
53. Espares
54. Galang
55. Regencia
56. Adiong
57. Zamora (Y.M.)
58. Chua
59. Co-Pilar","Referral To The Committee On: RULES On 2026-05-26
Date Included In OB: 2026-05-26
Date Calendared: 2026-05-26","Committee Report No.: 00348
Submitted On: 2026-05-26
Submitted By: PUBLIC ORDER AND SAFETY, APPROPRIATIONS
Recommendations: Recommending its approval in substitution of House Bills Numbered 809, 2319, 5494, 7858, 7901, and 8276
Substituted Bills: HB00809, HB02319, HB05494, HB07858, HB07901, HB08276","Period Of Sponsorship: 2026-05-26
Sponsored By: Valeriano;Suansing (B. V. B.)
Period Of Individual Amendments: 2026-05-26
Amended By: Elago
Final List of Author
1. Valeriano
2. Suansing (B. V. B.)
3. Puno
4. Veloso-Tuazon
5. Lagbas
6. Tolentino
7. Oreta (A. A.)
8. Acop (P.C.)
9. Suansing (M. A. B.)
10. Yap (ERIC)
11. Ismula
12. Diokno
13. Cendaña
14. Bag-ao
15. Suan
16. Solon
17. Montes
18. Pleyto
19. Roman
20. Oaminal (H. F.)
21. Co (R. L. M.)
22. Elago
23. Chua-Tai
24. Emano
25. Oducado
26. Labadlabad
27. Chan (J.)
28. Lacson
29. Bautista (J. M. G.)
30. Tan (K. M. D.L.)
31. Dy (F.)
32. Marcos
33. Cari
34. Gonzales (A. M.)
35. Arenas
36. De Lima
37. Sakaluran
38. Escudero
39. Dimaguila
40. Cua
41. Flores
42. Vergara
43. Atayde
44. Matibag
45. Bernos (J.B.)
46. Pimentel
47. Fuentebella
48. Rodriguez (R.B.)
49. Ordanes
50. Poe
51. Aquino-Magsaysay
52. Bautista-Lim
53. Espares
54. Galang
55. Regencia
56. Adiong
57. Zamora (Y.M.)
58. Chua
59. Co-Pilar
Date Approved On Second Reading: 2026-05-26","Date Copy Distributed To Members: 2026-05-28
Date Approved By The House On Third Reading: 2026-06-02
Third Reading Title: AN ACT STRENGTHENING CHILD PROTECTION SAFEGUARDS, REGULATORY MEASURES, POLICIES AND ENFORCEMENT MECHANISMS AGAINST ONLINE SEXUAL ABUSE OR EXPLOITATION OF CHILDREN (OSAEC) AND CHILD SEXUAL ABUSE OR EXPLOITATION MATERIALS (CSAEM), REPEALING FOR THE PURPOSE REPUBLIC ACT NO. 11930, OTHERWISE KNOWN AS THE ""ANTI-ONLINE SEXUAL ABUSE OR EXPLOITATION OF CHILDREN (OSAEC) AND ANTI-CHILD SEXUAL ABUSE OR EXPLOITATION MATERIALS (CSAEM) ACT,"" PROVIDING PENALTIES FOR VIOLATIONS THEREOF AND APPROPRIATING FUNDS THEREFOR
House Votes: YEAS:284 NAYS:0 ABSTAIN:0
Date Transmitted To The Senate: 2026-06-08
Actions Taken By The Senate/House
Date Received By The Senate: 2026-06-08",""
"HB05506","Co-Authored Bills","AN ACT ENSURING THE ACCESS OF ALL FILIPINOS TO THE HIGHEST ATTAINABLE STANDARD OF HEALTH AND IMPROVING HEALTH FINANCING SECURITY OF ALL FILIPINOS THROUGH HEALTH MAINTENANCE ORGANIZATIONS, REGULATING THEIR OPERATIONS BY ESTABLISHING A CENTER FOR MANAGED CARE SERVICES, APPROPRIATING FUNDS THEREFOR AND FOR OTHER PURPOSES","2025-10-13","National","1. MATUGAS, FRANCISCO ""Lalo"" T.","2025-11-11","HEALTH","Pending with the Committee on HEALTH since 2025-11-11","https://docs.congress.hrep.online/legisdocs/basic_20/hb05506.pdf","https://www.congress.gov.ph/bill/history?billno=HB05506&congress=20","1. Chua-Tai (000 2025-11-19)
2. Montes (000 2025-11-27)
3. Emano (000 2025-12-02)
4. Cari (000 2025-12-03)","Referral To The Committee On: HEALTH On 2025-11-11","","","",""
"HB05507","Co-Authored Bills","AN ACT AMENDING REPUBLIC ACT NO. 11977, OTHERWISE KNOWN AS “KABALIKAT SA PAGTUTURO ACT,” BROADENING THE COVERAGE OF TEACHING ALLOWANCE TO PUBLIC SCHOOL TEACHERS TO INCLUDE THOSE IN THE TERTIARY LEVEL AND THOSE PUBLIC SCHOOL TEACHERS APPOINTED BY LOCAL CHIEF EXECUTIVES IN LOCALLY OWNED AND OPERATED SCHOOLS WHOSE SALARIES ARE FULLY OR PARTIALLY PAID OUT OF LOCAL FUNDS AND WITHOUT ANY NATIONAL GOVERNMENT SUBSIDY, AND FOR OTHER PURPOSES","2025-10-13","National","1. YNARES, REBECCA MARIA ALCANTARA","2025-11-11","BASIC EDUCATION AND CULTURE","Pending with the Committee on BASIC EDUCATION AND CULTURE since 2025-11-11","https://docs.congress.hrep.online/legisdocs/basic_20/hb05507.pdf","https://www.congress.gov.ph/bill/history?billno=HB05507&congress=20","1. Chua-Tai (000 2025-11-19)
2. Diokno (000 2026-08-04)","Referral To The Committee On: BASIC EDUCATION AND CULTURE On 2025-11-11
Secondarily Referred To The Committee(s) On: HIGHER AND TECHNICAL EDUCATION","","","",""
"HB05508","Co-Authored Bills","AN ACT INSTITUTIONALIZING THE COMMUNITY-DRIVEN DEVELOPMENT APPROACH AS A NATIONAL STRATEGY FOR INCLUSIVE GROWTH AND SOCIAL PROTECTION, AND APPROPRIATING FUNDS THEREFOR","2025-10-13","National","1. FORTES, WOWO","2025-11-11","POVERTY ALLEVIATION","Referred to the Technical Working Group (TWG) on 2026-03-17","https://docs.congress.hrep.online/legisdocs/basic_20/hb05508.pdf","https://www.congress.gov.ph/bill/history?billno=HB05508&congress=20","1. Chua-Tai (000 2025-11-18)
2. Legacion (000 2026-03-04)","Referral To The Committee On: POVERTY ALLEVIATION On 2025-11-11","Committee Hearings/Actions:
1. Scheduled for Meeting/Hearing on 2025-10-14
-Initial deliberation: October 14, 2025 - 5th Regular Meeting - Mandaluyong City For TWG Meeting under Hon. Dalog
2. Referred to the Technical Working Group (TWG) on 2026-03-17
-TWG Meeting to be Chaired by Cong. Dalog Scheduled on 17 March 2026","","",""
"HB05509","Co-Authored Bills","AN ACT ESTABLISHING THE PHILIPPINE BLOOD CENTER, DEFINING ITS OBJECTIVES, POWERS AND FUNCTIONS, AND APPROPRIATING FUNDS THEREFOR","2025-10-13","National","1. FORTES, WOWO","2025-11-11","HEALTH","Pending with the Committee on HEALTH since 2025-11-11","https://docs.congress.hrep.online/legisdocs/basic_20/hb05509.pdf","https://www.congress.gov.ph/bill/history?billno=HB05509&congress=20","1. Chua-Tai (000 2025-11-18)","Referral To The Committee On: HEALTH On 2025-11-11","","","",""
"HB05515","Co-Authored Bills","AN ACT STRENGTHENING INCLUSIVE AND SPECIAL EDUCATION FOR PERSONS WITH DISABILITIES THROUGH SPECIALIZED PROGRAMS, TEACHER TRAINING, AND INCENTIVES, AMENDING REPUBLIC ACT NO. 7277, OTHERWISE KNOWN AS THE 'MAGNA CARTA FOR PERSONS WITH DISABILITIES,' AS AMENDED","2025-10-13","National","1. GORRICETA, KATHRYN JOYCE F. MD","2025-11-11","PERSONS WITH DISABILITIES","Pending with the Committee on PERSONS WITH DISABILITIES since 2025-11-11","https://docs.congress.hrep.online/legisdocs/basic_20/hb05515.pdf","https://www.congress.gov.ph/bill/history?billno=HB05515&congress=20","1. Legacion (000 2025-11-25)
2. Chua-Tai (000 2025-12-03)
3. Villafuerte (M. L. R.) (000 2026-08-04)","Referral To The Committee On: PERSONS WITH DISABILITIES On 2025-11-11","","","",""
"HB05521","Co-Authored Bills","AN ACT DIGITIZING ALL BOOKS NECESSARY FOR PUBLIC EDUCATION, ESTABLISHING THE PHILIPPINE ONLINE LIBRARY, AND APPROPRIATING FUNDS THEREFOR","2025-10-13","National","1. LEGACION, NELSON S.","2025-11-11","BASIC EDUCATION AND CULTURE","Pending with the Committee on BASIC EDUCATION AND CULTURE since 2025-11-11","https://docs.congress.hrep.online/legisdocs/basic_20/hb05521.pdf","https://www.congress.gov.ph/bill/history?billno=HB05521&congress=20","1. Chua-Tai (000 2025-12-01)
2. Fortes (000 2026-03-09)","Referral To The Committee On: BASIC EDUCATION AND CULTURE On 2025-11-11","","","",""
"HB05536","Co-Authored Bills","AN ACT PROVIDING FOR THE COMPREHENSIVE REFORMATION AND SOCIAL REINTEGRATION PROGRAM OF SENIOR CITIZEN PERSONS DEPRIVED OF LIBERTY (SC PDLs) AND FOR OTHER PURPOSES","2025-10-13","National","1. GALANG, GERALD CLOYD ALEXIS V.","2025-11-11","JUSTICE","Pending with the Committee on JUSTICE since 2025-11-11","https://docs.congress.hrep.online/legisdocs/basic_20/hb05536.pdf","https://www.congress.gov.ph/bill/history?billno=HB05536&congress=20","1. Chua-Tai (000 2025-12-03)","Referral To The Committee On: JUSTICE On 2025-11-11","","","",""
"HB05545","Co-Authored Bills","AN ACT PROVIDING FOR A COMPREHENSIVE AND RESPONSIVE CIVIL REGISTRATION AND VITAL STATISTICS SYSTEM","2025-10-13","National","1. CRUZ, AGATHA ""Agay""","2025-11-11","POPULATION AND FAMILY RELATIONS","Pending with the Committee on POPULATION AND FAMILY RELATIONS since 2025-11-11","https://docs.congress.hrep.online/legisdocs/basic_20/hb05545.pdf","https://www.congress.gov.ph/bill/history?billno=HB05545&congress=20","1. Chua-Tai (000 2025-12-01)
2. Hernandez (D. L.) (000 2026-08-06)","Referral To The Committee On: POPULATION AND FAMILY RELATIONS On 2025-11-11","","","",""
"HB05546","Co-Authored Bills","AN ACT ESTABLISHING THE PHILIPPINE SCIENCE INSTITUTE UNDER THE SUPERVISION OF THE DEPARTMENT OF SCIENCE AND TECHNOLOGY AND APPROPRIATING FUNDS THEREFOR","2025-10-13","National","1. LEDESMA, JULIO IV A.","2025-11-11","SCIENCE AND TECHNOLOGY","Pending with the Committee on SCIENCE AND TECHNOLOGY since 2025-11-11","https://docs.congress.hrep.online/legisdocs/basic_20/hb05546.pdf","https://www.congress.gov.ph/bill/history?billno=HB05546&congress=20","1. Chua-Tai (000 2025-11-19)","Referral To The Committee On: SCIENCE AND TECHNOLOGY On 2025-11-11","","","",""
"HB05568","Co-Authored Bills","AN ACT GRANTING HAZARD PAY TO PUBLIC PROSECUTORS EXPOSED TO HAZARDOUS SITUATIONS AND PERFORMING HAZARDOUS DUTIES RELATED TO ASSIGNED CASES, AND APPROPRIATING FUNDS THEREFOR","2025-10-14","National","1. BAÑAS-NOGRALES, SHIRLYN L.","2025-11-11","JUSTICE","Pending with the Committee on JUSTICE since 2025-11-11","https://docs.congress.hrep.online/legisdocs/basic_20/hb05568.pdf","https://www.congress.gov.ph/bill/history?billno=HB05568&congress=20","1. Chua-Tai (000 2025-12-01)","Referral To The Committee On: JUSTICE On 2025-11-11","","","",""
"HB05574","Co-Authored Bills","AN ACT ENHANCING THE WELFARE AND PROFESSIONAL DEVELOPMENT OF SPECIAL NEEDS EDUCATION TEACHERS BY UPGRADING THEIR SALARY GRADE AND FOR OTHER PURPOSES","2025-10-15","National","1. YAMSUAN, BRIAN RAYMUND S.","2025-11-11","BASIC EDUCATION AND CULTURE","Pending with the Committee on BASIC EDUCATION AND CULTURE since 2025-11-11","https://docs.congress.hrep.online/legisdocs/basic_20/hb05574.pdf","https://www.congress.gov.ph/bill/history?billno=HB05574&congress=20","1. Chua-Tai (000 2025-11-19)","Referral To The Committee On: BASIC EDUCATION AND CULTURE On 2025-11-11","","","",""
"HB05611","Co-Authored Bills","AN ACT PROVIDING FOR THE MAGNA CARTA OF THE OUT-OF-SCHOOL YOUTH, INSTITUTING MECHANISMS FOR THEIR HOLISTIC DEVELOPMENT, AND APPROPRIATING FUNDS THEREFOR","2025-10-20","National","1. PLEYTO, SALVADOR A.","2025-11-11","YOUTH AND SPORTS DEVELOPMENT","Deliberated upon by the Mother Committee on 2026-05-20","https://docs.congress.hrep.online/legisdocs/basic_20/hb05611.pdf","https://www.congress.gov.ph/bill/history?billno=HB05611&congress=20","1. Chua-Tai (000 2025-12-22)","Referral To The Committee On: YOUTH AND SPORTS DEVELOPMENT On 2025-11-11","Committee Hearings/Actions:
1. Deliberated upon by the Mother Committee on 2026-05-20
-DELIBERATION ON HOUSE BILLS SEEKING TO PROVIDE FOR THE MAGNA CARTA OF THE OUT-OF-SCHOOL YOUTH House Bills Numbered 181, 814, 1321, 1495, 1653, 3415, 3704, 4364, 4418, 5328, 5419, 5500, 5611, 6847, 8039, and 9181 For further Committee deliberation, adopted House Bill No. 8039 as the working draft.","","",""
"HB05641","Co-Authored Bills","AN ACT EXPANDING THE NATIONAL FEEDING PROGRAM TO INCLUDE UNDERNOURISHED CHILDREN IN SECONDARY SCHOOLS AND MANDATING THE PROCUREMENT FROM SMALL-SCALE FARMERS IN THE IMPLEMENTATION OF THE NATIONAL FEEDING PROGRAM, AMENDING FOR THE PURPOSE REPUBLIC ACT NO. 11037, OTHERWISE KNOWN AS THE “MASUSTANSYANG PAGKAIN PARA SA BATANG PILIPINO ACT”","2025-10-21","National","1. MERCADO-REVILLA, LANI                                              2. REVILLA, BRYAN B.                                              3. REVILLA, RAMON JOLO III B.","2025-11-11","BASIC EDUCATION AND CULTURE","Substituted by HB09466","https://docs.congress.hrep.online/legisdocs/basic_20/hb05641.pdf","https://www.congress.gov.ph/bill/history?billno=HB05641&congress=20","1. Chua-Tai (000 2025-12-22)","Referral To The Committee On: BASIC EDUCATION AND CULTURE On 2025-11-11","Mother Bill: HB09466
Co-Substituted Bills: HB01193, HB02191, HB02325, HB02425, HB02487, HB03157, HB03202, HB03551, HB04173, HB04929, HB05046, HB05236, HB05248, HB05433, HB05562, HB05681, HB05689, HB05718, HB05800, HB05838, HB05881, HB05989, HB05991, HB05992, HB06089, HB06240, HB06311, HB06419, HB06671, HB07940, HB08051, HB08131","","",""
"HB05648","Co-Authored Bills","AN ACT EXPANDING THE COVERAGE OF THE SENIOR CITIZENS PRIVILEGES AND BENEFITS, FURTHER AMENDING REPUBLIC ACT NO. 7432, AS AMENDED, ENTITLED ""AN ACT TO MAXIMIZE THE CONTRIBUTION OF SENTOR CITIZENS TO NATION BUILDING, GRANT BENEFITS, AND SPECIAL PRIVILEGES AND FOR OTHER PURPOSES""","2025-10-21","National","1. MONTES, IRIS MARIE DEMESA","2025-11-11","SENIOR CITIZENS","Referred to the Technical Working Group (TWG) on 2026-02-24","https://docs.congress.hrep.online/legisdocs/basic_20/hb05648.pdf","https://www.congress.gov.ph/bill/history?billno=HB05648&congress=20","1. Chua-Tai (000 2025-11-19)","Referral To The Committee On: SENIOR CITIZENS On 2025-11-11","Committee Hearings/Actions:
1. Deliberated upon by the Mother Committee on 2025-09-16
2. Referred to the Technical Working Group (TWG) on 2026-02-24","","",""
"HB05649","Co-Authored Bills","AN ACT ESTABLISHING THE PHILIPPINE GERIATRIC CENTER UNDER THE DEPARTMENT OF HEALTH AND APPROPRIATING FUNDS THEREFOR","2025-10-21","National","1. MONTES, IRIS MARIE DEMESA","2025-11-11","HEALTH","Substituted by HB06739","https://docs.congress.hrep.online/legisdocs/basic_20/hb05649.pdf","https://www.congress.gov.ph/bill/history?billno=HB05649&congress=20","1. Chua-Tai (000 2025-11-19)
2. Tan (K. M. D.L.) (000 2025-12-17)","Referral To The Committee On: HEALTH On 2025-11-11","Mother Bill: HB06739
Co-Substituted Bills: HB00183, HB00430, HB02290, HB02969, HB03042, HB03354, HB03872, HB03916, HB04511, HB04605, HB04809, HB05230, HB05292, HB05572, HB05997, HB06018, HB06217, HB06307, HB06569, HB06570, HB06620","","",""
"HB06739","Co-Authored Bills","AN ACT ESTABLISHING THE PHILIPPINE GERIATRIC CENTER UNDER THE DEPARTMENT OF HEALTH AND APPROPRIATING FUNDS THEREFOR","2025-10-21","National","1. MONTES, IRIS MARIE DEMESA","2025-11-11","HEALTH","Substituted by HB06739","https://docs.congress.hrep.online/legisdocs/basic_20/hb06739.pdf","https://www.congress.gov.ph/bill/history?billno=HB06739&congress=20","1. Primicias-Agabas (000 2025-12-11)
2. Dionisio (000 2025-12-11)
3. Gutierrez (000 2025-12-11)
4. Ortega (000 2025-12-11)
5. Khonghun (000 2025-12-11)
6. Adiong (000 2025-12-11)
7. Beltran (000 2025-12-15)
8. Tan (K. M. D.L.) (000 2025-12-17)
9. Olivarez (000 2026-01-19)
10. Loyola (000 2026-01-19)
11. Legacion (000 2025-12-17)
12. Romualdo (000 2026-02-02)
13. Cari (000 2026-02-18)
14. Garin (000 2026-02-12)
15. Maceda (000 2026-06-03)
16. Galang (000 2026-06-15)
17. Villafuerte (V. R. L. R.) (000 2026-06-16)
18. Teodoro (000 2026-06-16)
Author/s (Final/Third Reading)
1. Gato
2. Aquino-Magsaysay
3. Ordanes
4. Co-Pilar
5. Romualdez (F.M.)
6. Romualdez (Y.M.)
7. Romualdez (A.J.)
8. Acidre
9. Abante
10. Vargas
11. Pleyto
12. Fresnedi
13. Nisay
14. Veloso
15. Salvame
16. Cruz (A.)
17. Regencia
18. Tulfo (R. W. P.)
19. Tulfo (J. P.)
20. Montes
21. Yap (ERIC)
22. Yap (EDVIC)
23. Arbison (M. N. JR.)
24. Yap (C.)
25. Yamsuan
26. Oreta (A. A.)
27. Lara
28. Garcia (D.)
29. Tereng
30. Dy (F.)
31. Marcos
32. Gonzales (R.)
33. Zamora (Y.M.)
34. Dimacuha
35. Mastura
36. Rivera
37. Puno
38. Singson-Meehan
39. Bulut-Begtang
40. Chua-Tai
41. Quimbo
42. Macapagal-Arroyo
43. Amante
44. Marquez
45. De Jesus
46. Angeles
47. Legarda
48. San Fernando
49. Beltran
50. Nazal
51. Chua
52. Roman
53. Dimaguila
54. Suansing (M. A. B.)
55. Baronda
56. Acosta
57. Singson (R. V.)
58. Tan (K. M. D.L.)
59. Suansing (B. V. B.)
60. Nava
61. Lagdameo (M. Y. M. Q.)
62. Ongchuan
63. Alvarez (J.)
64. Corvera
65. Ouano-Dizon
66. Dimaporo ( I. Q.)
67. Pancho
68. Mercado
69. Lopez
70. Roque
71. Ceniza
72. Yap (A.)
73. Daza
74. Gatchalian
75. Emano","Referral To The Committee On: RULES On 2025-12-10
Date Included In OB: 2025-12-10
Date Calendared: 2025-12-10","Committee Report No.: 00045
Submitted On: 2025-12-09
Submitted By: HEALTH, APPROPRIATIONS, WAYS AND MEANS
Recommendations: Recommending its approval in substitution of House Bills Numbered 183, 430, 2290, 2969, 3042, 3354, 3872, 3916, 4511, 4605, 4809, 5230, 5292, 5572, 5649, 5997, 6018, 6217, 6307, 6569, 6570, and 6620
Substituted Bills: HB00183, HB00430, HB02290, HB02969, HB03042, HB03354, HB03872, HB03916, HB04511, HB04605, HB04809, HB05230, HB05292, HB05572, HB05649, HB05997, HB06018, HB06217, HB06307, HB06569, HB06570, HB06620","Period Of Sponsorship: 2025-12-10
Sponsored By: Gato
Final List of Author
1. Gato
2. Aquino-Magsaysay
3. Ordanes
4. Co-Pilar
5. Romualdez (F.M.)
6. Romualdez (Y.M.)
7. Romualdez (A.J.)
8. Acidre
9. Abante
10. Vargas
11. Pleyto
12. Fresnedi
13. Nisay
14. Veloso
15. Salvame
16. Cruz (A.)
17. Regencia
18. Tulfo (R. W. P.)
19. Tulfo (J. P.)
20. Montes
21. Yap (ERIC)
22. Yap (EDVIC)
23. Arbison (M. N. JR.)
24. Yap (C.)
25. Yamsuan
26. Oreta (A. A.)
27. Lara
28. Garcia (D.)
29. Tereng
30. Dy (F.)
31. Marcos
32. Gonzales (R.)
33. Zamora (Y.M.)
34. Dimacuha
35. Mastura
36. Rivera
37. Puno
38. Singson-Meehan
39. Bulut-Begtang
40. Chua-Tai
41. Quimbo
42. Macapagal-Arroyo
43. Amante
44. Marquez
45. De Jesus
46. Angeles
47. Legarda
48. San Fernando
49. Beltran
50. Nazal
51. Chua
52. Roman
53. Dimaguila
54. Suansing (M. A. B.)
55. Baronda
56. Acosta
57. Singson (R. V.)
58. Tan (K. M. D.L.)
59. Suansing (B. V. B.)
60. Nava
61. Lagdameo (M. Y. M. Q.)
62. Ongchuan
63. Alvarez (J.)
64. Corvera
65. Ouano-Dizon
66. Dimaporo ( I. Q.)
67. Pancho
68. Mercado
69. Lopez
70. Roque
71. Ceniza
72. Yap (A.)
73. Daza
74. Gatchalian
75. Emano
Date Approved On Second Reading: 2025-12-10","Date Copy Distributed To Members: 2025-12-11
Date Approved By The House On Third Reading: 2025-12-16
Third Reading Title: AN ACT CONVERTING THE DR. EVA MACARAEG-MACAPAGAL NATIONAL CENTER FOR GERIATRIC HEALTH UNDER THE JOSE R. REYES MEMORIAL MEDICAL CENTER AS THE DR. EVA MACARAEG-MACAPAGAL NATIONAL CENTER FOR GERIATRIC HEALTH AND RESEARCH INSTITUTE, DEFINING ITS POWERS AND FUNCTIONS, AND APPROPRIATING FUNDS THEREFOR
House Votes: YEAS:279 NAYS:0 ABSTAIN:0
Voting Details Per Member
(Legend:Y-Yes N-No A-Abstain X-Did Not Vote B-Absent D-N/A)
1. Y---Abalos
2. Y---Abante
3. Y---Acidre
4. D---Acop (P.C.)--(N/A)
5. X---Acop
6. Y---Acosta
7. Y---Adiong
8. Y---Advincula
9. Y---Agarao
10. Y---Agyao
11. Y---Alano
12. Y---Alba
13. Y---Albano
14. Y---Almario (C.M.)
15. Y---Almario (D.)
16. Y---Almonte
17. Y---Alvarez (J.)
18. Y---Alvarez (M.)
19. Y---Amante
20. X---Amatong
21. Y---Ang
22. Y---Angara
23. Y---Angeles
24. Y---Aquino
25. Y---Aquino-Magsaysay
26. Y---Arbison (M. N. JR.)
27. Y---Arbison (M. M.)
28. Y---Arenas
29. Y---Arrogancia
30. Y---Asistio
31. Y---Atayde
32. Y---Aumentado
33. Y---Ayon
34. Y---Bag-ao
35. Y---Balindong
36. Y---Bañas-Nograles
37. Y---Bancoro
38. Y---Barba
39. Y---Barbers
40. Y---Baronda
41. D---Barzaga--(N/A)
42. Y---Bacsug
43. Y---Bautista (C. P.)
44. Y---Bautista (J. M. G.)
45. Y---Bautista-Lim
46. Y---Beltran
47. Y---Benitez (A.)
48. Y---Benitez (J.M.)
49. Y---Bernos (C.)
50. Y---Bernos (J.B.)
51. X---Biron
52. Y---Bocobo
53. Y---Bolilia
54. Y---Bondoc
55. Y---Briones
56. Y---Bulut-Begtang
57. Y---Cagas
58. Y---Calderon
59. Y---Calixto
60. Y---Caoagdan
61. Y---Cari
62. Y---Castro
63. Y---Cayton
64. Y---Celeste
65. Y---Cendaña
66. Y---Ceniza
67. D---Chan (J.)--(N/A)
68. Y---Chan
69. Y---Chua
70. Y---Chua-Tai
71. Y---Chungalao
72. D---Co ( E. S.)--(N/A)
73. Y---Co (R. L. M.)
74. Y---Co-Pilar
75. Y---Cojuangco (J. E. M. D.)
76. Y---Cojuangco ( M. O.)
77. X---Collantes
78. Y---Corvera
79. Y---Cruz (A.)
80. X---Cruz (R. JR.)
81. Y---Cruzado
82. Y---Cua
83. Y---Dagooc
84. Y---Dalog
85. X---Dayanghirang
86. Y---Daza
87. X---De Jesus
88. Y---De Lima
89. Y---De Venecia
90. Y---Defensor
91. Y---Degamo
92. Y---Del Mar
93. Y---Delos Santos
94. Y---Dimacuha
95. Y---Dimaguila
96. Y---Dimaporo ( I. Q.)
97. Y---Dimaporo ( S. A. Q.)
98. Y---Diokno
99. Y---Dionisio
100. Y---Domingo
101. Y---Domogan
102. X---Duterte (H.J.)
103. X---Duterte (O.V.)
104. X---Duterte (P.)
105. Y---Dy (F.)
106. Y---Dy (F.M.C.)
107. Y---Dy (I.P.)
108. Y---Elago
109. Y---Emano
110. Y---Enverga
111. Y---Erice
112. Y---Escudero
113. Y---Espares
114. Y---Espina
115. Y---Estrella
116. Y---Ferrer (A. A.)
117. Y---Ferrer (J. )
118. X---Flores
119. Y---Fortes
120. Y---Frasco
121. Y---Fresnedi
122. X---Fuentebella
123. Y---Galang
124. Y---Galeos
125. X---Garbin
126. Y---Garcia (A.)
127. Y---Garcia (D.)
128. Y---Garcia (J. A.)
129. Y---Garcia (K. H.)
130. Y---Garcia (M. A.)
131. Y---Gardiola
132. Y---Garin
133. Y---Gatchalian
134. Y---Gato
135. Y---Glepa
136. X---Go
137. X---Gomez
138. Y---Gonzales (A.)
139. Y---Gonzales (A. M.)
140. Y---Gonzales (C. S.)
141. Y---Gonzales (R.)
142. X---Gorriceta
143. Y---Guico
144. Y---Guintu
145. Y---Gullas
146. Y---Gutierrez
147. Y---Hernandez (C. A.)
148. Y---Hernandez (D. L.)
149. Y---Hernandez (F. L.)
150. Y---Hernandez (R. L.)
151. Y---Hofer-Hasim
152. Y---Horibata
153. Y---Ismula
154. X---Iway
155. Y---Javier
156. Y---Kho
157. Y---Kho (E. T.)
158. Y---Kho (W. T.)
159. Y---Khonghun
160. Y---Ko
161. Y---Labadlabad
162. Y---Lacson
163. Y---Lagbas
164. Y---Lagdameo (J. M. F.)
165. Y---Lagdameo (M. Y. M. Q.)
166. Y---Lagman
167. Y---Lagon (D. A.)
168. Y---Lagon (S. L.)
169. Y---Lara
170. Y---Lazatin
171. Y---Ledesma
172. Y---Legacion
173. Y---Legarda
174. X---Legazpi
175. D---Legazpi(K.)--(N/A)
176. X---Leviste
177. Y---Libanan
178. Y---Lopez
179. Y---Loria
180. Y---Loyola
181. Y---Luistro
182. Y---Lumayag
183. X---Macapagal-Arroyo
184. Y---Macasaet
185. Y---Maceda
186. Y---Madrona
187. Y---Malapitan
188. Y---Mangudadatu
189. Y---Maniquiz
190. Y---Marañon
191. Y---Marcoleta
192. Y---Marcos
193. Y---Marquez
194. Y---Mastura
195. Y---Matibag
196. Y---Matugas
197. Y---Mendoza
198. X---Mercado
199. Y---Mercado-Revilla
200. Y---Miraflores
201. Y---Momo
202. Y---Montes
203. Y---Nava
204. Y---Nazal
205. Y---Nisay
206. Y---Nolasco
207. Y---Oaminal (H. F.)
208. Y---Oaminal (S. F. F.)
209. Y---Oducado
210. Y---Olivarez
211. Y---Ongchuan
212. Y---Ordanes
213. Y---Oreta (A. A.)
214. Y---Ortega
215. Y---Ouano-Dizon
216. Y---Padiernos
217. Y---Panaligan
218. Y---Pancho
219. X---Panotes
220. Y---Pascual
221. Y---Perez
222. Y---Pimentel
223. Y---Plaza
224. Y---Pleyto
225. Y---Poe
226. Y---Primicias-Agabas
227. X---Pumaren
228. X---Puno
229. Y---Quimbo
230. Y---Rama
231. Y---Recto (R. S.)
232. Y---Regencia
233. Y---Remulla
234. Y---Revilla ( B. B.)
235. X---Revilla (R. J.)
236. Y---Ridon
237. Y---Rivera
238. Y---Robes
239. Y---Rodriguez ( E. R.)
240. Y---Rodriguez (M. B.)
241. Y---Rodriguez (R.B.)
242. Y---Roman
243. Y---Romualdez (A.J.)
244. Y---Romualdez (F.M.)
245. Y---Romualdez (Y.M.)
246. Y---Romualdo
247. Y---Romulo
248. Y---Roque
249. Y---Sagarbarria
250. Y---Sakaluran
251. Y---Salceda
252. Y---Sali
253. Y---Salvacion
254. Y---Salvador
255. Y---Salvame
256. Y---San Fernando
257. Y---Santos (M.A.S.)
258. Y---Santos (M.A.)
259. Y---Shimura
260. Y---Singson ( R.)
261. Y---Singson (R. V.)
262. Y---Singson-Meehan
263. Y---Solon
264. D---Soriano--(N/A)
265. Y---Suan
266. Y---Suansing (B. V. B.)
267. Y---Suansing (M. A. B.)
268. X---Suarez
269. Y---Suntay
270. Y---Tallado
271. Y---Tan (A.)
272. Y---Tan (J. S.)
273. Y---Tan (K. M. D.L.)
274. X---Tan (R. M.T.)
275. X---Tan (S. A.)
276. X---Tan (S. J. T.)
277. Y---Tanchay
278. X---Tanjuatco
279. Y---Tarriela
280. Y---Teodoro
281. Y---Tereng
282. Y---Teves
283. Y---Tiangco
284. Y---Tieng
285. Y---Tinio
286. X---Tolentino
287. Y---Tuan
288. Y---Tulfo (J. P.)
289. Y---Tulfo (R. W. P.)
290. Y---Tupas
291. Y---Tutor
292. Y---Ty
293. Y---Umali
294. X---Ungab
295. Y---Uy, (D. C. L.)
296. Y---Uy (R. JR.)
297. Y---Valeriano
298. Y---Vargas
299. Y---Vargas-Alfonso
300. Y---Veloso
301. Y---Veloso-Tuazon
302. Y---Vergara
303. Y---Villa ( Z.)
304. Y---Villafuerte (M. L. R.)
305. Y---Villafuerte (V. R. L. R.)
306. X---Villanueva
307. Y---Villarica
308. Y---Violago
309. Y---Yamsuan
310. Y---Yap (A.)
311. Y---Yap (C.)
312. X---Yap (EDVIC)
313. X---Yap (ERIC)
314. Y---Yap ( G.)
315. X---Yatco
316. Y---Ynares
317. X---Yu (J.V.)
318. Y---Yu (J.K.)
319. Y---Yulo
320. Y---Zamora (M.C.)
321. Y---Zamora (Y.M.)
322. Y---Zubiri
Date Transmitted To The Senate: 2025-12-17
Actions Taken By The Senate/House
Date Received By The Senate: 2025-12-17
Conference Committee Information
Date Requested To Form A Conference Committee: 2026-02-10
Conference Committee Requested By: SENATE
Date CC Request Received By The House: 2026-02-12
Date CC Request Received By The Senate: 2026-02-12
Date Agreed To Form A Conference Committee: 2026-02-11
Remarks: Printed copies were electronically distributed to members on December 11, 2025.
Concom Members (House): Gato, Veloso, Aquino-Magsaysay, Hofer-Hasim, Cruz (A.), Arbison (M. N. JR.), Zubiri
Concom Members (Senate): Hontiveros, Cayetano, Ejercito, Ejercito-Estrada, Padilla",""
"HB05659","Co-Authored Bills","AN ACT ESTABLISHING THE PANTAWID PARA SA PILIPINONG MAGBUBUKID PROGRAM, PROVIDING CONDITIONAL CASH TRANSFERS AND SUPPORT SERVICES TO RICE FARMING HOUSEHOLDS, APPROPRIATING FUNDS THEREFOR, AND FOR OTHER PURPOSES","2025-10-21","National","1. PRIMICIAS-AGABAS, MARLYN L.","2025-11-11","AGRICULTURE AND FOOD","Pending with the Committee on AGRICULTURE AND FOOD since 2025-11-11","https://docs.congress.hrep.online/legisdocs/basic_20/hb05659.pdf","https://www.congress.gov.ph/bill/history?billno=HB05659&congress=20","1. Chua-Tai (000 2025-12-03)","Referral To The Committee On: AGRICULTURE AND FOOD On 2025-11-11","","","",""
"HB05660","Co-Authored Bills","AN ACT PROMOTING ENVIRONMENTAL RESPONSIBILITY THROUGH THE IMPLEMENTATION OF THE ‘CLEAN AS YOU GO’ (CLAYGO) PRACTICES IN ALL FOOD ESTABLISHMENTS IN THE PHILIPPINES","2025-10-21","National","1. PRIMICIAS-AGABAS, MARLYN L.","2025-11-11","ECOLOGY","Pending with the Committee on ECOLOGY since 2025-11-11","https://docs.congress.hrep.online/legisdocs/basic_20/hb05660.pdf","https://www.congress.gov.ph/bill/history?billno=HB05660&congress=20","1. Chua-Tai (000 2025-12-03)","Referral To The Committee On: ECOLOGY On 2025-11-11","","","",""
"HB05670","Co-Authored Bills","AN ACT ESTABLISHING A GRANT PROGRAM TO PROVIDE COMPREHENSIVE EYE EXAMINATIONS TO CHILDREN","2025-10-22","National","1. VARGAS, PATRICK MICHAEL D.","2025-11-11","HEALTH","Pending with the Committee on HEALTH since 2025-11-11","https://docs.congress.hrep.online/legisdocs/basic_20/hb05670.pdf","https://www.congress.gov.ph/bill/history?billno=HB05670&congress=20","1. Chua-Tai (000 2025-11-19)","Referral To The Committee On: HEALTH On 2025-11-11","","","",""
"HB05682","Co-Authored Bills","AN ACT STRENGTHENING THE ROLE OF PARENTS' ASSOCIATIONS AND CREATING FOR THE PURPOSE THE NATIONAL PARENT COUNCIL, AND APPROPRIATING FUNDS THEREFOR","2025-10-23","National","1. VARGAS, PATRICK MICHAEL D.","2025-11-11","BASIC EDUCATION AND CULTURE","Pending with the Committee on BASIC EDUCATION AND CULTURE since 2025-11-11","https://docs.congress.hrep.online/legisdocs/basic_20/hb05682.pdf","https://www.congress.gov.ph/bill/history?billno=HB05682&congress=20","1. Chua-Tai (000 2025-11-19)","Referral To The Committee On: BASIC EDUCATION AND CULTURE On 2025-11-11","","","",""
"HB05683","Co-Authored Bills","AN ACT REQUIRING THE TEACHING OF BASIC ROAD SAFETY AND COMPREHENSIVE DRIVERS' EDUCATION AS PART OF THE CURRICULUM OF THE K-12 PROGRAM, AND FOR OTHER PURPOSES","2025-10-23","National","1. VARGAS, PATRICK MICHAEL D.","2025-11-11","BASIC EDUCATION AND CULTURE","Pending with the Committee on BASIC EDUCATION AND CULTURE since 2025-11-11","https://docs.congress.hrep.online/legisdocs/basic_20/hb05683.pdf","https://www.congress.gov.ph/bill/history?billno=HB05683&congress=20","1. Chua-Tai (000 2025-11-19)","Referral To The Committee On: BASIC EDUCATION AND CULTURE On 2025-11-11","","","",""
"HB05759","Co-Authored Bills","AN ACT PROVIDING FOR THE INCLUSION OF THE STUDY OF THE CONSTITUTION AS A SUBJECT IN THE CURRICULUM OF SENIOR HIGH SCHOOL STUDENTS UNDER THE ENHANCED BASIC EDUCATION (K TO 12) PROGRAM","2025-11-04","National","1. DEFENSOR, LORENZ R.","2025-11-12","BASIC EDUCATION AND CULTURE","Substituted by HB09377","https://docs.congress.hrep.online/legisdocs/basic_20/hb05759.pdf","https://www.congress.gov.ph/bill/history?billno=HB05759&congress=20","1. Escudero (000 2025-12-09)
2. Suntay (000 2025-12-10)
3. Defensor (000 2025-12-09)
4. Adiong (000 2025-12-15)
5. Dy (F.) (000 2025-12-15)
6. Suansing (B. V. B.) (000 2025-12-16)
7. Chua-Tai (000 2025-12-22)
8. Poe (000 2026-01-27)
9. Diokno (000 2026-03-02)
10. Nazal (000 2026-03-03)
11. Puno (000 2026-03-10)
12. Gonzales (A. M.) (000 2026-03-10)
13. Atayde (000 2026-03-16)
14. Yap ( G.) (000 2026-04-22)
15. Abalos (000 2026-05-11)
16. Aquino-Magsaysay (000 2026-05-13)
17. Almonte (000 2026-05-18)","Referral To The Committee On: BASIC EDUCATION AND CULTURE On 2025-11-12","Mother Bill: HB09377
Co-Substituted Bills: HB01912, HB04567, HB07716","","",""
"HB09377","Co-Authored Bills","AN ACT PROVIDING FOR THE INCLUSION OF THE STUDY OF THE CONSTITUTION AS A SUBJECT IN THE CURRICULUM OF SENIOR HIGH SCHOOL STUDENTS UNDER THE ENHANCED BASIC EDUCATION (K TO 12) PROGRAM","2025-11-04","National","1. DEFENSOR, LORENZ R.","2025-11-12","BASIC EDUCATION AND CULTURE","Substituted by HB09377","https://docs.congress.hrep.online/legisdocs/basic_20/hb09377.pdf","https://www.congress.gov.ph/bill/history?billno=HB09377&congress=20","1. Primicias-Agabas (000 2026-06-01)
2. Dionisio (000 2026-06-01)
3. Gutierrez (000 2026-06-01)
4. Ortega (000 2026-06-01)
5. Khonghun (000 2026-06-01)
6. Adiong (000 2026-06-01)
7. Villanueva (000 2026-05-30)
8. Montes (000 2026-06-01)
9. Loyola (000 2026-06-02)
10. Maceda (000 2026-06-03)
11. Padiernos (000 2026-06-02)
12. Emano (000 2026-06-02)
Author/s (Final/Third Reading)
1. Roman
2. Primicias-Agabas
3. Defensor
4. Guintu
5. Romulo
6. Dy (F.)
7. Marcos
8. Gatchalian
9. Cruz (A.)
10. Roque
11. Escudero
12. Co-Pilar
13. Tuan
14. Corvera
15. Rodriguez ( E. R.)
16. Lazatin
17. Solon
18. Pleyto
19. Alano
20. Lacson
21. Dagooc
22. Vergara
23. Legacion
24. Cagas
25. Vargas
26. Suntay
27. Adiong
28. Suansing (B. V. B.)
29. Chua-Tai
30. Poe
31. Diokno
32. Nazal
33. Puno
34. Gonzales (A. M.)
35. Atayde
36. Yap ( G.)
37. Abalos
38. Aquino-Magsaysay
39. Almonte","Referral To The Committee On: RULES On 2026-05-20
Date Included In OB: 2026-05-20
Date Calendared: 2026-05-26","Committee Report No.: 00322
Submitted On: 2026-05-20
Submitted By: BASIC EDUCATION AND CULTURE
Recommendations: Recommending its approval in substitution of House Bills Numbered 1912, 4567, 5759, and 7716
Substituted Bills: HB01912, HB04567, HB05759, HB07716","Period Of Sponsorship: 2026-05-26
Sponsored By: Romulo
Final List of Author
1. Roman
2. Primicias-Agabas
3. Defensor
4. Guintu
5. Romulo
6. Dy (F.)
7. Marcos
8. Gatchalian
9. Cruz (A.)
10. Roque
11. Escudero
12. Co-Pilar
13. Tuan
14. Corvera
15. Rodriguez ( E. R.)
16. Lazatin
17. Solon
18. Pleyto
19. Alano
20. Lacson
21. Dagooc
22. Vergara
23. Legacion
24. Cagas
25. Vargas
26. Suntay
27. Adiong
28. Suansing (B. V. B.)
29. Chua-Tai
30. Poe
31. Diokno
32. Nazal
33. Puno
34. Gonzales (A. M.)
35. Atayde
36. Yap ( G.)
37. Abalos
38. Aquino-Magsaysay
39. Almonte
Date Approved On Second Reading: 2026-05-26","Date Copy Distributed To Members: 2026-05-28
Date Approved By The House On Third Reading: 2026-06-03
Third Reading Title: AN ACT STRENGTHENING CIVIC EDUCATION BY INTEGRATING THE STUDY OF THE CONSTITUTION INTO THE CURRICULUM OF BASIC EDUCATION AND INSTITUTIONALIZING THE OBSERVANCE OF CONSTITUTION DAY IN SCHOOLS
House Votes: YEAS:297 NAYS:0 ABSTAIN:0
Date Transmitted To The Senate: 2026-06-08
Actions Taken By The Senate/House
Date Received By The Senate: 2026-06-08",""
"HB05789","Co-Authored Bills","AN ACT DISQUALIFYING RELATIVES OF PUBLIC OFFICIALS WITHIN THE FOURTH CIVIL DEGREE OF CONSANGUINITY AND AFFINITY FROM PARTICIPATING IN GOVERNMENT CONTRACTS, AND FOR OTHER PURPOSES","2025-11-11","National","1. OLIVAREZ, ERIC L.","2025-11-17","REVISION OF LAWS","Pending with the Committee on REVISION OF LAWS since 2026-02-25","https://docs.congress.hrep.online/legisdocs/basic_20/hb05789.pdf","https://www.congress.gov.ph/bill/history?billno=HB05789&congress=20","(Journal Entries)
1. Chua-Tai (000 2025-11-18)
2. Vargas (000 2026-05-19)","Referral To The Committee On: REVISION OF LAWS On 2026-02-25

Previous Committee Referrals: PRIMARILY REFERRED TO APPROPRIATIONS on 2025-11-17","","","",""
"HB05791","Co-Authored Bills","AN ACT PROVIDING FOR A MAGNA CARTA OF BARANGAYS AND BARANGAY OFFICIALS","2025-11-11","National","1. OLIVAREZ, ERIC L.","2025-11-17","LOCAL GOVERNMENT","Pending with the Committee on LOCAL GOVERNMENT since 2025-11-17","https://docs.congress.hrep.online/legisdocs/basic_20/hb05791.pdf","https://www.congress.gov.ph/bill/history?billno=HB05791&congress=20","(Journal Entries)
1. Chua-Tai (000 2025-11-18)","Referral To The Committee On: LOCAL GOVERNMENT On 2025-11-17","","","",""
"HB05795","Co-Authored Bills","AN ACT PROVIDING AN AGRICULTURAL PENSION AND SOCIAL SECURITY BENEFITS TO FARMERS AND FISHERFOLK, AND APPROPRIATING FUNDS THEREFOR","2025-11-11","National","1. PLEYTO, SALVADOR A.","2025-11-17","AGRICULTURE AND FOOD","Pending with the Committee on AGRICULTURE AND FOOD since 2025-11-17","https://docs.congress.hrep.online/legisdocs/basic_20/hb05795.pdf","https://www.congress.gov.ph/bill/history?billno=HB05795&congress=20","(Journal Entries)
1. Chua-Tai (000 2025-12-22)","Referral To The Committee On: AGRICULTURE AND FOOD On 2025-11-17","","","",""
"HB05831","Co-Authored Bills","AN ACT ESTABLISHING THE NATIONAL FRAMEWORK FOR WATER RESOURCE MANAGEMENT AND CREATING THE DEPARTMENT OF WATER RESOURCES AND THE WATER REGULATORY COMMISSION, DEFINING THEIR MANDATES, POWERS AND FUNCTIONS, AND APPROPRIATING FUNDS THEREFOR, AND FOR OTHER PURPOSES","2025-11-11","National","1. CRUZ, AGATHA ""Agay""","2025-11-17","PUBLIC WORKS AND HIGHWAYS","Substituted by HB06789","https://docs.congress.hrep.online/legisdocs/basic_20/hb05831.pdf","https://www.congress.gov.ph/bill/history?billno=HB05831&congress=20","(Journal Entries)
1. Chua-Tai (000 2025-12-01)","Referral To The Committee On: PUBLIC WORKS AND HIGHWAYS On 2025-11-17

Secondarily Referred To The Committee(s) On: GOVERNMENT REORGANIZATION","Mother Bill: HB06789

Co-Substituted Bills: HB00194, HB00247, HB00589, HB00679, HB00722, HB00811, HB01019, HB01060, HB01189, HB01233, HB01252, HB01499, HB01557, HB01685, HB02216, HB02424, HB02531, HB02684, HB02746, HB02859, HB03022, HB03144, HB03247, HB03360, HB03424, HB03479, HB04123, HB04162, HB04526, HB04545, HB04690, HB04854, HB06047, HB06293, HB06354, HB06479","","",""
"HB06789","Co-Authored Bills","AN ACT ESTABLISHING THE NATIONAL FRAMEWORK FOR WATER RESOURCE MANAGEMENT AND CREATING THE DEPARTMENT OF WATER RESOURCES AND THE WATER REGULATORY COMMISSION, DEFINING THEIR MANDATES, POWERS AND FUNCTIONS, AND APPROPRIATING FUNDS THEREFOR, AND FOR OTHER PURPOSES","2025-11-11","National","1. CRUZ, AGATHA ""Agay""","2025-11-17","PUBLIC WORKS AND HIGHWAYS","Substituted by HB06789","https://docs.congress.hrep.online/legisdocs/basic_20/hb06789.pdf","https://www.congress.gov.ph/bill/history?billno=HB06789&congress=20","(Journal Entries)
1. Guintu (000 2025-12-10)
2. Castro (000 2025-12-16)
3. Dy (F.) (000 2025-12-17)
4. Marcos (000 2025-12-17)
5. Mastura (000 2025-12-17)
6. Primicias-Agabas (000 2025-12-17)
7. Dionisio (000 2025-12-17)
8. Gutierrez (000 2025-12-17)
9. Ortega (000 2025-12-17)
10. Khonghun (000 2025-12-17)
11. Adiong (000 2025-12-17)
12. Veloso-Tuazon (000 2025-12-15)
13. De Lima (000 2025-12-16)
14. Legacion (000 2025-12-22)
15. Romualdo (000 2026-01-29)
16. Garin (000 2026-02-12)
17. Cagas (000 2026-02-25)
18. Olivarez (000 2026-05-04)
19. Javier (000 2026-05-11)
20. Maceda (000 2026-06-08)
21. Robes (000 2026-07-13)
Author/s (Final/Third Reading)
1. Yap (EDVIC)
2. Nazal
3. Fresnedi
4. Mercado-Revilla
5. Revilla ( B. B.)
6. Revilla (R. J.)
7. Flores
8. Suan
9. Beltran
10. Macapagal-Arroyo
11. Poe
12. Khonghun
13. Teodoro
14. Rodriguez (R.B.)
15. Rodriguez (M. B.)
16. Villafuerte (M. L. R.)
17. Villafuerte (V. R. L. R.)
18. Horibata
19. Ridon
20. Tan (K. M. D.L.)
21. Recto (R. S.)
22. Lazatin
23. Zubiri
24. Cojuangco (J. E. M. D.)
25. Vergara
26. Yap (ERIC)
27. Tupas
28. Villarica
29. Olivarez
30. Roque
31. Pleyto
32. Salceda
33. Padiernos
34. Villanueva
35. Montes
36. Primicias-Agabas
37. Romualdez (F.M.)
38. Romualdez (Y.M.)
39. Romualdez (A.J.)
40. Acidre
41. Marquez
42. Cruz (A.)
43. Yap (C.)
44. Lara
45. Tulfo (J. P.)
46. Tulfo (R. W. P.)
47. Kho (E. T.)
48. Momo
49. Dy (F.)
50. Marcos
51. Quimbo
52. Suansing (M. A. B.)
53. Garcia (K. H.)
54. Loyola
55. Rivera
56. Benitez (J.M.)
57. Angeles
58. Remulla
59. Arenas
60. Yu (J.V.)
61. Yu (J.K.)
62. Glepa
63. Mercado
64. Uy, (D. C. L.)
65. Cruzado
66. Gomez
67. Loria
68. Garcia (M. A.)
69. Garcia (A.)
70. Salvador
71. Bañas-Nograles
72. Corvera
73. Uy (R. JR.)
74. Dimaporo ( S. A. Q.)
75. Oreta (A. A.)
76. Domogan
77. Salvacion
78. Gatchalian
79. Acosta
80. De Jesus
81. Suntay
82. Lagdameo (M. Y. M. Q.)
83. Alvarez (J.)
84. Hernandez (C. A.)
85. Lopez
86. Yap (A.)
87. Luistro
88. Emano
89. Singson-Meehan
90. Chua-Tai
91. Legarda
92. San Fernando
93. Gato
94. Chua
95. Roman
96. Dimaguila
97. Amante
98. Nava
99. Solon
100. Veloso-Tuazon
101. Lagbas
102. Suansing (B. V. B.)
103. Daza
104. Villa ( Z.)
105. Calixto
106. Escudero
107. Garin
108. Puno
109. Guintu
110. Castro
Authorship Wihdrawals
110. Diokno (2025-12-11)
110. Co (R. L. M.) (2025-12-22)","Referral To The Committee On: RULES On 2025-12-10

Date Included In OB: 2025-12-10

Date Calendared: 2025-12-10","Committee Report No.: 00047

Submitted On: 2025-12-10

Submitted By: PUBLIC WORKS AND HIGHWAYS, GOVERNMENT REORGANIZATION, WAYS AND MEANS, APPROPRIATIONS

Recommendations: Recommending its approval in substitution of House Bills Numbered 194, 247, 589, 679, 722, 811, 1019, 1060, 1189, 1233, 1252, 1499, 1557, 1685, 2216, 2424, 2531, 2684, 2746, 2859, 3022, 3144, 3247, 3360, 3424, 3479, 4123, 4162, 4526, 4545, 4690, 4854, 5831, 6047, 6293, 6354, and 6479

Substituted Bills: HB00194, HB00247, HB00589, HB00679, HB00722, HB00811, HB01019, HB01060, HB01189, HB01233, HB01252, HB01499, HB01557, HB01685, HB02216, HB02424, HB02531, HB02684, HB02746, HB02859, HB03022, HB03144, HB03247, HB03360, HB03424, HB03479, HB04123, HB04162, HB04526, HB04545, HB04690, HB04854, HB05831, HB06047, HB06293, HB06354, HB06479","Period Of Sponsorship: 2025-12-15

Sponsored By: Momo;Pleyto

Period Of Interpellations: 2025-12-15

Interpellated By: Co (R. L. M.), De Lima, Elago

Final List of Author
1. Yap (EDVIC)
2. Nazal
3. Fresnedi
4. Mercado-Revilla
5. Revilla ( B. B.)
6. Revilla (R. J.)
7. Flores
8. Suan
9. Beltran
10. Macapagal-Arroyo
11. Poe
12. Khonghun
13. Teodoro
14. Rodriguez (R.B.)
15. Rodriguez (M. B.)
16. Villafuerte (M. L. R.)
17. Villafuerte (V. R. L. R.)
18. Horibata
19. Ridon
20. Tan (K. M. D.L.)
21. Recto (R. S.)
22. Lazatin
23. Zubiri
24. Cojuangco (J. E. M. D.)
25. Vergara
26. Yap (ERIC)
27. Tupas
28. Villarica
29. Olivarez
30. Roque
31. Pleyto
32. Salceda
33. Padiernos
34. Villanueva
35. Montes
36. Primicias-Agabas
37. Romualdez (F.M.)
38. Romualdez (Y.M.)
39. Romualdez (A.J.)
40. Acidre
41. Marquez
42. Cruz (A.)
43. Yap (C.)
44. Lara
45. Tulfo (J. P.)
46. Tulfo (R. W. P.)
47. Kho (E. T.)
48. Momo
49. Dy (F.)
50. Marcos
51. Quimbo
52. Suansing (M. A. B.)
53. Garcia (K. H.)
54. Loyola
55. Rivera
56. Benitez (J.M.)
57. Angeles
58. Remulla
59. Arenas
60. Yu (J.V.)
61. Yu (J.K.)
62. Glepa
63. Mercado
64. Uy, (D. C. L.)
65. Cruzado
66. Gomez
67. Loria
68. Garcia (M. A.)
69. Garcia (A.)
70. Salvador
71. Bañas-Nograles
72. Corvera
73. Uy (R. JR.)
74. Dimaporo ( S. A. Q.)
75. Oreta (A. A.)
76. Domogan
77. Salvacion
78. Gatchalian
79. Acosta
80. De Jesus
81. Suntay
82. Lagdameo (M. Y. M. Q.)
83. Alvarez (J.)
84. Hernandez (C. A.)
85. Lopez
86. Yap (A.)
87. Luistro
88. Emano
89. Singson-Meehan
90. Chua-Tai
91. Legarda
92. San Fernando
93. Gato
94. Chua
95. Roman
96. Dimaguila
97. Amante
98. Nava
99. Solon
100. Veloso-Tuazon
101. Lagbas
102. Suansing (B. V. B.)
103. Daza
104. Villa ( Z.)
105. Calixto
106. Escudero
107. Garin
108. Puno
109. Guintu
110. Castro

Date Approved On Second Reading: 2025-12-15","Date Copy Distributed To Members: 2025-12-18

Date Approved By The House On Third Reading: 2025-12-22

Third Reading Title: AN ACT ESTABLISHING THE NATIONAL FRAMEWORK FOR WATER RESOURCE MANAGEMENT AND CREATING THE DEPARTMENT OF WATER RESOURCES AND THE WATER REGULATORY COMMISSION, DEFINING THEIR MANDATES, POWERS AND FUNCTIONS, AND APPROPRIATING FUNDS THEREFOR

House Votes: YEAS:263 NAYS:7 ABSTAIN:0

Voting Details Per Member
(Legend:Y-Yes N-No A-Abstain X-Did Not Vote B-Absent D-N/A)

1. Y---Abalos

2. Y---Abante

3. Y---Acidre

4. D---Acop (P.C.)--(N/A)

5. D---Acop--(N/A)

6. Y---Acosta

7. Y---Adiong

8. Y---Advincula

9. Y---Agarao

10. Y---Agyao

11. Y---Alano

12. Y---Alba

13. Y---Albano

14. Y---Almario (C.M.)

15. Y---Almario (D.)

16. Y---Almonte

17. Y---Alvarez (J.)

18. Y---Alvarez (M.)

19. X---Amante

20. X---Amatong

21. X---Ang

22. X---Angara

23. X---Angeles

24. Y---Aquino

25. Y---Aquino-Magsaysay

26. Y---Arbison (M. N. JR.)

27. Y---Arbison (M. M.)

28. Y---Arenas

29. Y---Arrogancia

30. Y---Asistio

31. Y---Atayde

32. Y---Aumentado

33. Y---Ayon

34. N---Bag-ao

35. Y---Balindong

36. Y---Bañas-Nograles

37. Y---Bancoro

38. Y---Barba

39. Y---Barbers

40. Y---Baronda

41. D---Barzaga--(N/A)

42. Y---Bacsug

43. X---Bautista (C. P.)

44. Y---Bautista (J. M. G.)

45. Y---Bautista-Lim

46. X---Beltran

47. Y---Benitez (A.)

48. Y---Benitez (J.M.)

49. Y---Bernos (C.)

50. Y---Bernos (J.B.)

51. Y---Biron

52. Y---Bocobo

53. Y---Bolilia

54. X---Bondoc

55. Y---Briones

56. Y---Bulut-Begtang

57. Y---Cagas

58. Y---Calderon

59. Y---Calixto

60. Y---Caoagdan

61. Y---Cari

62. Y---Castro

63. Y---Cayton

64. Y---Celeste

65. N---Cendaña

66. X---Ceniza

67. D---Chan (J.)--(N/A)

68. Y---Chan

69. Y---Chua

70. Y---Chua-Tai

71. Y---Chungalao

72. D---Co ( E. S.)--(N/A)

73. N---Co (R. L. M.)

74. Y---Co-Pilar

75. X---Cojuangco (J. E. M. D.)

76. Y---Cojuangco ( M. O.)

77. Y---Collantes

78. X---Corvera

79. Y---Cruz (A.)

80. X---Cruz (R. JR.)

81. Y---Cruzado

82. Y---Cua

83. Y---Dagooc

84. Y---Dalog

85. X---Dayanghirang

86. Y---Daza

87. Y---De Jesus

88. Y---De Lima

89. Y---De Venecia

90. Y---Defensor

91. Y---Degamo

92. Y---Del Mar

93. Y---Delos Santos

94. Y---Dimacuha

95. Y---Dimaguila

96. Y---Dimaporo ( I. Q.)

97. X---Dimaporo ( S. A. Q.)

98. N---Diokno

99. Y---Dionisio

100. Y---Domingo

101. Y---Domogan

102. X---Duterte (H.J.)

103. X---Duterte (O.V.)

104. X---Duterte (P.)

105. Y---Dy (F.)

106. Y---Dy (F.M.C.)

107. Y---Dy (I.P.)

108. N---Elago

109. X---Emano

110. Y---Enverga

111. Y---Erice

112. Y---Escudero

113. Y---Espares

114. Y---Espina

115. Y---Estrella

116. Y---Ferrer (A. A.)

117. Y---Ferrer (J. )

118. Y---Flores

119. X---Fortes

120. X---Frasco

121. Y---Fresnedi

122. Y---Fuentebella

123. Y---Galang

124. Y---Galeos

125. Y---Garbin

126. Y---Garcia (A.)

127. Y---Garcia (D.)

128. Y---Garcia (J. A.)

129. Y---Garcia (K. H.)

130. Y---Garcia (M. A.)

131. Y---Gardiola

132. Y---Garin

133. Y---Gatchalian

134. Y---Gato

135. Y---Glepa

136. Y---Go

137. Y---Gomez

138. Y---Gonzales (A.)

139. Y---Gonzales (A. M.)

140. Y---Gonzales (C. S.)

141. X---Gonzales (R.)

142. X---Gorriceta

143. Y---Guico

144. Y---Guintu

145. X---Gullas

146. X---Gutierrez

147. Y---Hernandez (C. A.)

148. Y---Hernandez (D. L.)

149. Y---Hernandez (F. L.)

150. Y---Hernandez (R. L.)

151. Y---Hofer-Hasim

152. Y---Horibata

153. N---Ismula

154. Y---Iway

155. Y---Javier

156. Y---Kho

157. X---Kho (E. T.)

158. Y---Kho (W. T.)

159. Y---Khonghun

160. Y---Ko

161. Y---Labadlabad

162. X---Lacson

163. Y---Lagbas

164. Y---Lagdameo (J. M. F.)

165. Y---Lagdameo (M. Y. M. Q.)

166. Y---Lagman

167. Y---Lagon (D. A.)

168. Y---Lagon (S. L.)

169. Y---Lara

170. Y---Lazatin

171. X---Ledesma

172. Y---Legacion

173. Y---Legarda

174. Y---Legazpi

175. D---Legazpi(K.)--(N/A)

176. X---Leviste

177. Y---Libanan

178. Y---Lopez

179. Y---Loria

180. Y---Loyola

181. Y---Luistro

182. Y---Lumayag

183. Y---Macapagal-Arroyo

184. Y---Macasaet

185. Y---Maceda

186. Y---Madrona

187. Y---Malapitan

188. Y---Mangudadatu

189. Y---Maniquiz

190. Y---Marañon

191. Y---Marcoleta

192. Y---Marcos

193. Y---Marquez

194. Y---Mastura

195. Y---Matibag

196. Y---Matugas

197. Y---Mendoza

198. Y---Mercado

199. Y---Mercado-Revilla

200. Y---Miraflores

201. Y---Momo

202. Y---Montes

203. Y---Nava

204. Y---Nazal

205. Y---Nisay

206. Y---Nolasco

207. Y---Oaminal (H. F.)

208. Y---Oaminal (S. F. F.)

209. Y---Oducado

210. Y---Olivarez

211. Y---Ongchuan

212. Y---Ordanes

213. Y---Oreta (A. A.)

214. Y---Ortega

215. Y---Ouano-Dizon

216. Y---Padiernos

217. Y---Panaligan

218. Y---Pancho

219. Y---Panotes

220. Y---Pascual

221. Y---Perez

222. Y---Pimentel

223. Y---Plaza

224. Y---Pleyto

225. Y---Poe

226. Y---Primicias-Agabas

227. Y---Pumaren

228. X---Puno

229. Y---Quimbo

230. Y---Rama

231. Y---Recto (R. S.)

232. Y---Regencia

233. Y---Remulla

234. Y---Revilla ( B. B.)

235. Y---Revilla (R. J.)

236. Y---Ridon

237. Y---Rivera

238. Y---Robes

239. Y---Rodriguez ( E. R.)

240. Y---Rodriguez (M. B.)

241. Y---Rodriguez (R.B.)

242. Y---Roman

243. Y---Romualdez (A.J.)

244. Y---Romualdez (F.M.)

245. Y---Romualdez (Y.M.)

246. Y---Romualdo

247. Y---Romulo

248. Y---Roque

249. Y---Sagarbarria

250. Y---Sakaluran

251. Y---Salceda

252. Y---Sali

253. Y---Salvacion

254. Y---Salvador

255. Y---Salvame

256. Y---San Fernando

257. Y---Santos (M.A.S.)

258. Y---Santos (M.A.)

259. Y---Shimura

260. Y---Singson ( R.)

261. X---Singson (R. V.)

262. X---Singson-Meehan

263. Y---Solon

264. D---Soriano--(N/A)

265. Y---Suan

266. Y---Suansing (B. V. B.)

267. Y---Suansing (M. A. B.)

268. Y---Suarez

269. X---Suntay

270. X---Tallado

271. Y---Tan (A.)

272. Y---Tan (J. S.)

273. Y---Tan (K. M. D.L.)

274. X---Tan (R. M.T.)

275. X---Tan (S. A.)

276. Y---Tan (S. J. T.)

277. Y---Tanchay

278. Y---Tanjuatco

279. Y---Tarriela

280. Y---Teodoro

281. Y---Tereng

282. Y---Teves

283. X---Tiangco

284. Y---Tieng

285. N---Tinio

286. Y---Tolentino

287. Y---Tuan

288. X---Tulfo (J. P.)

289. X---Tulfo (R. W. P.)

290. Y---Tupas

291. X---Tutor

292. Y---Ty

293. Y---Umali

294. X---Ungab

295. Y---Uy, (D. C. L.)

296. Y---Uy (R. JR.)

297. Y---Valeriano

298. Y---Vargas

299. Y---Vargas-Alfonso

300. Y---Veloso

301. Y---Veloso-Tuazon

302. Y---Vergara

303. X---Villa ( Z.)

304. Y---Villafuerte (M. L. R.)

305. Y---Villafuerte (V. R. L. R.)

306. X---Villanueva

307. Y---Villarica

308. X---Violago

309. Y---Yamsuan

310. X---Yap (A.)

311. Y---Yap (C.)

312. Y---Yap (EDVIC)

313. Y---Yap (ERIC)

314. Y---Yap ( G.)

315. Y---Yatco

316. Y---Ynares

317. X---Yu (J.V.)

318. Y---Yu (J.K.)

319. Y---Yulo

320. Y---Zamora (M.C.)

321. Y---Zamora (Y.M.)

322. Y---Zubiri

Date Transmitted To The Senate: 2025-12-22

Actions Taken By The Senate/House

Date Received By The Senate: 2025-12-22",""
"HB05833","Co-Authored Bills","AN ACT INSTITUTIONALIZING THE NATIONAL SEED LIBRARY SYSTEM TO ENHANCE FOOD SECURITY, PROTECT BIODIVERSITY, PROMOTE CLIMATE RESILIENCE, AND STRENGTHEN ECOLOGICAL EDUCATION AND INNOVATION, PROVIDING FUNDS THEREFOR, AND FOR OTHER PURPOSES","2025-11-11","National","1. CRUZ, AGATHA ""Agay""","2025-11-17","AGRICULTURE AND FOOD","Pending with the Committee on AGRICULTURE AND FOOD since 2025-11-17","https://docs.congress.hrep.online/legisdocs/basic_20/hb05833.pdf","https://www.congress.gov.ph/bill/history?billno=HB05833&congress=20","1. Chua-Tai (000 2025-12-01)","Referral To The Committee On: AGRICULTURE AND FOOD On 2025-11-17","","","",""
"HB05893","Co-Authored Bills","AN ACT ESTABLISHING A NATIONAL FRAMEWORK FOR FOOD SURPLUS REDISTRIBUTION AND FOOD WASTE RECYCLING TO PROMOTE FOOD SECURITY AND ACHIEVE ZERO FOOD WASTE, AND FOR OTHER PURPOSES","2025-11-12","National","1. PLEYTO, SALVADOR A.","2025-11-17","FOOD SECURITY","Substituted by HB08043","https://docs.congress.hrep.online/legisdocs/basic_20/hb05893.pdf","https://www.congress.gov.ph/bill/history?billno=HB05893&congress=20","1. Chua-Tai (000 2025-12-22)","Referral To The Committee On: FOOD SECURITY On 2025-11-17","Mother Bill: HB08043
Co-Substituted Bills: HB00849, HB01313, HB02196, HB02556, HB04405, HB04725, HB04937, HB05118","","",""
"HB08043","Co-Authored Bills","AN ACT ESTABLISHING A NATIONAL FRAMEWORK FOR FOOD SURPLUS REDISTRIBUTION AND FOOD WASTE RECYCLING TO PROMOTE FOOD SECURITY AND ACHIEVE ZERO FOOD WASTE, AND FOR OTHER PURPOSES","2025-11-12","National","1. PLEYTO, SALVADOR A.","2025-11-17","FOOD SECURITY","Substituted by HB08043","https://docs.congress.hrep.online/legisdocs/basic_20/hb08043.pdf","https://www.congress.gov.ph/bill/history?billno=HB08043&congress=20","1. Cagas (000 2026-02-25)
2. Primicias-Agabas (000 2026-03-05)
3. Dionisio (000 2026-03-05)
4. Gutierrez (000 2026-03-05)
5. Ortega (000 2026-03-05)
6. Khonghun (000 2026-03-05)
7. Adiong (000 2026-03-05)
8. Marquez (000 2026-03-11)
9. Emano (000 2026-03-12)
10. Veloso-Tuazon (000 2026-03-10)
Author/s (Final/Third Reading)
1. Suntay
2. Primicias-Agabas
3. Poe
4. Degamo
5. Salceda
6. Rodriguez (R.B.)
7. Rodriguez (M. B.)
8. Cruz (A.)
9. Zubiri
10. Pleyto
11. Lagdameo (J. M. F.)
12. Cayton
13. Gato
14. Ynares
15. Lagbas
16. Mercado-Revilla
17. Rodriguez ( E. R.)
18. Ayon
19. Nazal
20. Elago
21. Rivera
22. Montes
23. Cagas
24. Chua-Tai","Referral To The Committee On: RULES On 2026-02-25
Date Included In OB: 2026-02-25
Date Calendared: 2026-03-03","Committee Report No.: 00129
Submitted On: 2026-02-24
Submitted By: FOOD SECURITY
Recommendations: Recommending its approval in substitution of House Bills Numbered 849, 1313, 2196, 2556, 4405, 4725, 4937, 5118 and 5893
Substituted Bills: HB00849, HB01313, HB02196, HB02556, HB04405, HB04725, HB04937, HB05118, HB05893","Period Of Sponsorship: 2026-03-04
Sponsored By: Panaligan
Final List of Author
1. Suntay
2. Primicias-Agabas
3. Poe
4. Degamo
5. Salceda
6. Rodriguez (R.B.)
7. Rodriguez (M. B.)
8. Cruz (A.)
9. Zubiri
10. Pleyto
11. Lagdameo (J. M. F.)
12. Cayton
13. Gato
14. Ynares
15. Lagbas
16. Mercado-Revilla
17. Rodriguez ( E. R.)
18. Ayon
19. Nazal
20. Elago
21. Rivera
22. Montes
23. Cagas
24. Chua-Tai
Date Approved On Second Reading: 2026-03-04","Date Copy Distributed To Members: 2026-03-05
Date Approved By The House On Third Reading: 2026-03-10
Third Reading Title: AN ACT REDUCING FOOD SURPLUS THROUGH FOOD DONATIONS AND FOOD WASTE RECYCLING
House Votes: YEAS:247 NAYS:0 ABSTAIN:1
Voting Details Per Member
(Legend:Y-Yes N-No A-Abstain X-Did Not Vote B-Absent D-N/A)
1. Y---Abalos
2. Y---Abante
3. Y---Acidre
4. D---Acop (P.C.)--(N/A)
5. D---Acop--(N/A)
6. Y---Acosta
7. Y---Adiong
8. Y---Advincula
9. Y---Agarao
10. Y---Agyao
11. Y---Alano
12. Y---Alba
13. Y---Albano
14. X---Almario (C.M.)
15. Y---Almario (D.)
16. X---Almonte
17. Y---Alvarez (J.)
18. X---Alvarez (M.)
19. Y---Amante
20. X---Amatong
21. Y---Ang
22. Y---Angara
23. Y---Angeles
24. Y---Aquino
25. Y---Aquino-Magsaysay
26. Y---Arbison (M. N. JR.)
27. X---Arbison (M. M.)
28. Y---Arenas
29. Y---Arrogancia
30. Y---Asistio
31. Y---Atayde
32. Y---Aumentado
33. Y---Ayon
34. Y---Bag-ao
35. Y---Balindong
36. Y---Bañas-Nograles
37. Y---Bancoro
38. Y---Barba
39. Y---Barbers
40. Y---Baronda
41. D---Barzaga--(N/A)
42. X---Bacsug
43. X---Bautista (C. P.)
44. Y---Bautista (J. M. G.)
45. X---Bautista-Lim
46. Y---Beltran
47. Y---Benitez (A.)
48. Y---Benitez (J.M.)
49. Y---Bernos (C.)
50. Y---Bernos (J.B.)
51. X---Biron
52. Y---Bocobo
53. Y---Bolilia
54. Y---Bondoc
55. Y---Briones
56. Y---Bulut-Begtang
57. Y---Cagas
58. Y---Calderon
59. Y---Calixto
60. Y---Caoagdan
61. X---Cari
62. Y---Castro
63. Y---Cayton
64. Y---Celeste
65. Y---Cendaña
66. Y---Ceniza
67. Y---Chan (J.)
68. Y---Chan
69. X---Chua
70. Y---Chua-Tai
71. Y---Chungalao
72. D---Co ( E. S.)--(N/A)
73. Y---Co (R. L. M.)
74. Y---Co-Pilar
75. Y---Cojuangco (J. E. M. D.)
76. Y---Cojuangco ( M. O.)
77. X---Collantes
78. Y---Corvera
79. Y---Cruz (A.)
80. X---Cruz (R. JR.)
81. Y---Cruzado
82. X---Cua
83. Y---Dagooc
84. Y---Dalog
85. X---Dayanghirang
86. Y---Daza
87. Y---De Jesus
88. Y---De Lima
89. Y---De Venecia
90. Y---Defensor
91. Y---Degamo
92. Y---Del Mar
93. X---Delos Santos
94. Y---Dimacuha
95. Y---Dimaguila
96. Y---Dimaporo ( I. Q.)
97. X---Dimaporo ( S. A. Q.)
98. Y---Diokno
99. Y---Dionisio
100. Y---Domingo
101. Y---Domogan
102. X---Duterte (H.J.)
103. A---Duterte (O.V.)
104. X---Duterte (P.)
105. Y---Dy (F.)
106. Y---Dy (F.M.C.)
107. Y---Dy (I.P.)
108. Y---Elago
109. Y---Emano
110. X---Enverga
111. Y---Erice
112. Y---Escudero
113. X---Espares
114. Y---Espina
115. Y---Estrella
116. Y---Ferrer (A. A.)
117. Y---Ferrer (J. )
118. X---Flores
119. Y---Fortes
120. Y---Frasco
121. Y---Fresnedi
122. Y---Fuentebella
123. Y---Galang
124. Y---Galeos
125. Y---Garbin
126. Y---Garcia (A.)
127. Y---Garcia (D.)
128. Y---Garcia (J. A.)
129. Y---Garcia (K. H.)
130. X---Garcia (M. A.)
131. Y---Gardiola
132. Y---Garin
133. Y---Gatchalian
134. Y---Gato
135. Y---Glepa
136. Y---Go
137. Y---Gomez
138. Y---Gonzales (A.)
139. Y---Gonzales (A. M.)
140. X---Gonzales (C. S.)
141. Y---Gonzales (R.)
142. Y---Gorriceta
143. Y---Guico
144. Y---Guintu
145. X---Gullas
146. Y---Gutierrez
147. Y---Hernandez (C. A.)
148. Y---Hernandez (D. L.)
149. Y---Hernandez (F. L.)
150. Y---Hernandez (R. L.)
151. Y---Hofer-Hasim
152. Y---Horibata
153. Y---Ismula
154. X---Iway
155. Y---Javier
156. Y---Kho
157. Y---Kho (E. T.)
158. Y---Kho (W. T.)
159. Y---Khonghun
160. Y---Ko
161. Y---Labadlabad
162. X---Lacson
163. Y---Lagbas
164. Y---Lagdameo (J. M. F.)
165. Y---Lagdameo (M. Y. M. Q.)
166. X---Lagman
167. Y---Lagon (D. A.)
168. Y---Lagon (S. L.)
169. Y---Lara
170. Y---Lazatin
171. Y---Ledesma
172. Y---Legacion
173. Y---Legarda
174. X---Legazpi
175. D---Legazpi(K.)--(N/A)
176. X---Leviste
177. Y---Libanan
178. Y---Lopez
179. Y---Loria
180. Y---Loyola
181. Y---Luistro
182. X---Lumayag
183. X---Macapagal-Arroyo
184. Y---Macasaet
185. Y---Maceda
186. Y---Madrona
187. Y---Malapitan
188. Y---Mangudadatu
189. Y---Maniquiz
190. Y---Marañon
191. Y---Marcoleta
192. Y---Marcos
193. X---Marquez
194. Y---Mastura
195. X---Matibag
196. Y---Matugas
197. Y---Mendoza
198. Y---Mercado
199. Y---Mercado-Revilla
200. Y---Miraflores
201. Y---Momo
202. Y---Montes
203. Y---Nava
204. Y---Nazal
205. X---Nisay
206. Y---Nolasco
207. Y---Oaminal (H. F.)
208. X---Oaminal (S. F. F.)
209. Y---Oducado
210. Y---Olivarez
211. Y---Ongchuan
212. Y---Ordanes
213. Y---Oreta (A. A.)
214. X---Ortega
215. Y---Ouano-Dizon
216. X---Padiernos
217. Y---Panaligan
218. Y---Pancho
219. Y---Panotes
220. X---Pascual
221. Y---Perez
222. X---Pimentel
223. X---Plaza
224. Y---Pleyto
225. Y---Poe
226. Y---Primicias-Agabas
227. Y---Pumaren
228. X---Puno
229. Y---Quimbo
230. Y---Rama
231. Y---Recto (R. S.)
232. X---Regencia
233. Y---Remulla
234. Y---Revilla ( B. B.)
235. X---Revilla (R. J.)
236. Y---Ridon
237. Y---Rivera
238. Y---Robes
239. Y---Rodriguez ( E. R.)
240. Y---Rodriguez (M. B.)
241. Y---Rodriguez (R.B.)
242. Y---Roman
243. Y---Romualdez (A.J.)
244. Y---Romualdez (F.M.)
245. Y---Romualdez (Y.M.)
246. Y---Romualdo
247. Y---Romulo
248. Y---Roque
249. Y---Sagarbarria
250. Y---Sakaluran
251. Y---Salceda
252. X---Sali
253. Y---Salvacion
254. Y---Salvador
255. Y---Salvame
256. Y---San Fernando
257. Y---Santos (M.A.S.)
258. Y---Santos (M.A.)
259. Y---Shimura
260. Y---Singson ( R.)
261. X---Singson (R. V.)
262. X---Singson-Meehan
263. Y---Solon
264. D---Soriano--(N/A)
265. Y---Suan
266. X---Suansing (B. V. B.)
267. X---Suansing (M. A. B.)
268. X---Suarez
269. X---Suntay
270. Y---Tallado
271. X---Tan (A.)
272. Y---Tan (J. S.)
273. Y---Tan (K. M. D.L.)
274. X---Tan (R. M.T.)
275. X---Tan (S. A.)
276. X---Tan (S. J. T.)
277. Y---Tanchay
278. X---Tanjuatco
279. X---Tarriela
280. Y---Teodoro
281. Y---Tereng
282. Y---Teves
283. Y---Tiangco
284. Y---Tieng
285. Y---Tinio
286. Y---Tolentino
287. X---Tuan
288. Y---Tulfo (J. P.)
289. Y---Tulfo (R. W. P.)
290. Y---Tupas
291. X---Tutor
292. X---Ty
293. Y---Umali
294. X---Ungab
295. Y---Uy, (D. C. L.)
296. Y---Uy (R. JR.)
297. Y---Valeriano
298. Y---Vargas
299. Y---Vargas-Alfonso
300. Y---Veloso
301. Y---Veloso-Tuazon
302. Y---Vergara
303. Y---Villa ( Z.)
304. Y---Villafuerte (M. L. R.)
305. Y---Villafuerte (V. R. L. R.)
306. X---Villanueva
307. Y---Villarica
308. X---Violago
309. Y---Yamsuan
310. Y---Yap (A.)
311. X---Yap (C.)
312. D---Yap (EDVIC)--(N/A)
313. X---Yap (ERIC)
314. Y---Yap ( G.)
315. Y---Yatco
316. Y---Ynares
317. X---Yu (J.V.)
318. Y---Yu (J.K.)
319. Y---Yulo
320. Y---Zamora (M.C.)
321. X---Zamora (Y.M.)
322. Y---Zubiri
Date Transmitted To The Senate: 2026-03-11
Actions Taken By The Senate/House
Date Received By The Senate: 2026-03-11",""
"HB05901","Co-Authored Bills","AN ACT INSTITUTIONALIZING A NATIONAL MENTAL HEALTH CRISIS RESPONSE SYSTEM, MANDATING MINIMUM MENTAL HEALTH SERVICES IN SCHOOLS AND WORKPLACES, PROVIDING A DEDICATED FUNDING MECHANISM FOR COMMUNITY-BASED MENTAL HEALTH PROGRAMS, AND FOR OTHER PURPOSES","2025-11-12","National","1. SANTOS, MA. ALANA SAMANTHA TALIÑO","2025-11-18","BASIC EDUCATION AND CULTURE","Pending with the Committee on BASIC EDUCATION AND CULTURE since 2025-11-18","https://docs.congress.hrep.online/legisdocs/basic_20/hb05901.pdf","https://www.congress.gov.ph/bill/history?billno=HB05901&congress=20","1. Chua-Tai (000 2026-02-04)
2. Bulut-Begtang (000 2026-02-04)","Referral To The Committee On: BASIC EDUCATION AND CULTURE On 2025-11-18
Secondarily Referred To The Committee(s) On: HIGHER AND TECHNICAL EDUCATION","","","",""
"HB05915","Co-Authored Bills","AN ACT PROVIDING ADDITIONAL SUPPORT AND COMPENSATION FOR EDUCATORS IN BASIC EDUCATION","2025-11-12","National","1. ORETA, ANTOLIN III A.","2025-11-18","BASIC EDUCATION AND CULTURE","Pending with the Committee on BASIC EDUCATION AND CULTURE since 2025-11-18","https://docs.congress.hrep.online/legisdocs/basic_20/hb05915.pdf","https://www.congress.gov.ph/bill/history?billno=HB05915&congress=20","1. Chua-Tai (000 2025-12-01)
2. Bulut-Begtang (000 2026-02-23)","Referral To The Committee On: BASIC EDUCATION AND CULTURE On 2025-11-18","","","",""
"HB05916","Co-Authored Bills","AN ACT ESTABLISHING A NATIONAL JOBS GUARANTEE PROGRAM TO BE KNOWN AS THE ""BAYANIHAN WORK PROGRAM,"" PROVIDING FOR ITS IMPLEMENTATION, APPROPRIATING FUNDS THEREFOR, AND FOR OTHER PURPOSES","2025-11-12","National","1. ORETA, ANTOLIN III A.","2025-11-18","LABOR AND EMPLOYMENT","Pending with the Committee on LABOR AND EMPLOYMENT since 2025-11-18","https://docs.congress.hrep.online/legisdocs/basic_20/hb05916.pdf","https://www.congress.gov.ph/bill/history?billno=HB05916&congress=20","1. Chua-Tai (000 2025-12-01)
2. Bulut-Begtang (000 2026-02-23)","Referral To The Committee On: LABOR AND EMPLOYMENT On 2025-11-18","","","",""
"HB05923","Co-Authored Bills","AN ACT INSTITUTIONALIZING THE LAST MILE SCHOOLS PROGRAM AND ESTABLISHING PUBLIC BASIC EDUCATION SCHOOLS IN GEOGRAPHICALLY ISOLATED, DISADVANTAGED, AND CONFLICT-AFFECTED AREAS","2025-11-12","National","1. TEODORO, MARCELINO ""Marcy"" R.","2025-11-18","BASIC EDUCATION AND CULTURE","Pending with the Committee on BASIC EDUCATION AND CULTURE since 2025-11-18","https://docs.congress.hrep.online/legisdocs/basic_20/hb05923.pdf","https://www.congress.gov.ph/bill/history?billno=HB05923&congress=20","1. Chua-Tai (000 2025-12-17)","Referral To The Committee On: BASIC EDUCATION AND CULTURE On 2025-11-18","","","",""
"HB05931","Co-Authored Bills","AN ACT STRENGTHENING CHILD ONLINE SAFETY IN SCHOOLS, MANDATING DIGITAL CITIZENSHIP EDUCATION, ANTI-CYBERBULLYING AND GROOMING PREVENTION, SAFE REPORTING SYSTEMS, EVIDENCE-PRESERVATION PROTOCOLS, AND SCHOOL-PLATFORM COORDINATION, AND FOR OTHER PURPOSES","2025-11-12","National","1. SANTOS, MA. ALANA SAMANTHA TALIÑO","2025-11-18","BASIC EDUCATION AND CULTURE","Pending with the Committee on BASIC EDUCATION AND CULTURE since 2025-11-18","https://docs.congress.hrep.online/legisdocs/basic_20/hb05931.pdf","https://www.congress.gov.ph/bill/history?billno=HB05931&congress=20","1. Chua-Tai (000 2026-02-04)","Referral To The Committee On: BASIC EDUCATION AND CULTURE On 2025-11-18","","","",""
"HB05936","Co-Authored Bills","AN ACT AMENDING ARTICLE 247 OF ACT NO. 3815, AS AMENDED, OTHERWISE KNOWN AS “THE REVISED PENAL CODE”","2025-11-12","National","1. ZUBIRI, AUDREY KAY T.","2025-11-18","REVISION OF LAWS","Pending with the Committee on REVISION OF LAWS since 2025-11-18","https://docs.congress.hrep.online/legisdocs/basic_20/hb05936.pdf","https://www.congress.gov.ph/bill/history?billno=HB05936&congress=20","1. Chua-Tai (000 2025-12-01)","Referral To The Committee On: REVISION OF LAWS On 2025-11-18","","","",""
"HB05950","Co-Authored Bills","AN ACT INSTITUTIONALIZING THE FREE BASIC SCHOOL SUPPLIES PROGRAM FOR PUBLIC ELEMENTARY AND JUNIOR HIGH SCHOOL STUDENTS, MANDATING THE DEPARTMENT OF EDUCATION TO PROVIDE A BASIC SCHOOL KIT AT THE START OF EVERY SCHOOL YEAR","2025-11-13","National","1. ANGELES, MARIA CRISTINA C.","2025-11-18","BASIC EDUCATION AND CULTURE","Pending with the Committee on BASIC EDUCATION AND CULTURE since 2025-11-18","https://docs.congress.hrep.online/legisdocs/basic_20/hb05950.pdf","https://www.congress.gov.ph/bill/history?billno=HB05950&congress=20","1. Chua-Tai (000 2025-12-02)
2. Bulut-Begtang (000 2026-01-15)","Referral To The Committee On: BASIC EDUCATION AND CULTURE On 2025-11-18","","","",""
"HB05957","Co-Authored Bills","AN ACT PROVIDING PARTICIPATION ALLOWANCES AND SUPPORT FOR ELEMENTARY AND SECONDARY SCHOOL STUDENTS REPRESENTING THE COUNTRY IN ACADEMIC, ATHLETIC AND CULTURAL COMPETITIONS, AND FOR OTHER PURPOSES","2025-11-13","National","1. RECTO, RYAN S.","2025-11-18","BASIC EDUCATION AND CULTURE","Pending with the Committee on BASIC EDUCATION AND CULTURE since 2025-11-18","https://docs.congress.hrep.online/legisdocs/basic_20/hb05957.pdf","https://www.congress.gov.ph/bill/history?billno=HB05957&congress=20","1. Bulut-Begtang (000 2026-02-03)
2. Chua-Tai (000 2026-02-23)
3. Lacson (000 2026-08-13)
4. Diokno (000 2026-09-07)","Referral To The Committee On: BASIC EDUCATION AND CULTURE On 2025-11-18","","","",""
"HB05959","Co-Authored Bills","AN ACT EXEMPTING THE PAYMENT OF FEES AND CHARGES FOR THE ISSUANCE OF BIRTH CERTIFICATES FOR INDIGENTS AND FOR OTHER PURPOSES","2025-11-13","National","1. RECTO, RYAN S.","2025-11-18","POPULATION AND FAMILY RELATIONS","Pending with the Committee on POPULATION AND FAMILY RELATIONS since 2025-11-18","https://docs.congress.hrep.online/legisdocs/basic_20/hb05959.pdf","https://www.congress.gov.ph/bill/history?billno=HB05959&congress=20","1. Chua-Tai (000 2026-02-23)","Referral To The Committee On: POPULATION AND FAMILY RELATIONS On 2025-11-18","","","",""
"HB05965","Co-Authored Bills","AN ACT ESTABLISHING A DISASTER-RESILIENT MULTI-PURPOSE BUILDING IN ALL CITIES, PROVINCES AND MUNICIPALITIES, APPROPRIATING FUNDS THEREFOR","2025-11-13","National","1. LACSON, MA. NINA FRANCESCA P.","2025-11-18","DISASTER RESILIENCE","Pending with the Committee on DISASTER RESILIENCE since 2025-11-18","https://docs.congress.hrep.online/legisdocs/basic_20/hb05965.pdf","https://www.congress.gov.ph/bill/history?billno=HB05965&congress=20","1. Chua-Tai (000 2025-12-03)","Referral To The Committee On: DISASTER RESILIENCE On 2025-11-18","","","",""
"HB05967","Co-Authored Bills","AN ACT AMENDING SECTION 22 OF REPUBLIC ACT NO. 4670, OTHERWISE KNOWN AS THE “MAGNA CARTA FOR PUBLIC SCHOOL TEACHERS,” THEREBY PROVIDING FREE ANNUAL COMPREHENSIVE PHYSICAL CHECK-UP FOR PUBLIC SCHOOL TEACHERS","2025-11-13","National","1. PLEYTO, SALVADOR A.","2025-11-18","BASIC EDUCATION AND CULTURE","Pending with the Committee on BASIC EDUCATION AND CULTURE since 2025-11-18","https://docs.congress.hrep.online/legisdocs/basic_20/hb05967.pdf","https://www.congress.gov.ph/bill/history?billno=HB05967&congress=20","1. Chua-Tai (000 2025-12-01)","Referral To The Committee On: BASIC EDUCATION AND CULTURE On 2025-11-18","","","",""
"HB05971","Co-Authored Bills","AN ACT REQUIRING THE FREE DIGITAL PROVISION OF TEXTBOOK USED IN BASIC EDUCATION, ENCOURAGING OPEN EDUCATIONAL RESOURCES, AND FOR OTHER PURPOSES","2025-11-13","National","1. ORETA, ANTOLIN III A.","2025-11-18","BASIC EDUCATION AND CULTURE","Pending with the Committee on BASIC EDUCATION AND CULTURE since 2025-11-18","https://docs.congress.hrep.online/legisdocs/basic_20/hb05971.pdf","https://www.congress.gov.ph/bill/history?billno=HB05971&congress=20","1. Chua-Tai (000 2025-12-01)
2. Bulut-Begtang (000 2026-02-23)","Referral To The Committee On: BASIC EDUCATION AND CULTURE On 2025-11-18","","","",""
"HB05973","Co-Authored Bills","AN ACT INSTITUTIONALIZING STANDARDS FOR RELATED LEARNING EXPERIENCES (RLE) IN NURSING EDUCATION, PROHIBITING THE COLLECTION OF RLE FEES IN STATE UNIVERSITIES AND COLLEGES (SUCs) AND LOCAL UNIVERSITIES AND COLLEGES (LUCs), AND PROVIDING FUNDING SUPPORT THROUGH THE COMMISSION ON HIGHER EDUCATION (CHED)","2025-11-13","National","1. ORETA, ANTOLIN III A.","2025-11-18","HIGHER AND TECHNICAL EDUCATION","Pending with the Committee on HIGHER AND TECHNICAL EDUCATION since 2025-11-18","https://docs.congress.hrep.online/legisdocs/basic_20/hb05973.pdf","https://www.congress.gov.ph/bill/history?billno=HB05973&congress=20","1. Chua-Tai (000 2025-12-01)","Referral To The Committee On: HIGHER AND TECHNICAL EDUCATION On 2025-11-18","","","",""
"HB05978","Co-Authored Bills","AN ACT PROVIDING FOR POST-HARVEST FACILITIES TO FARMERS AND APPROPRIATING FUNDS THEREFOR","2025-11-17","National","1. VILLAFUERTE, MIGUEL LUIS R.                                              2. VILLAFUERTE, VINCENZO RENATO LUIGI R.                                              3. HORIBATA, TSUYOSHI ANTHONY ""Hori"" G.                                              4. RIDON, TERRY L.","2025-11-19","AGRICULTURE AND FOOD","Pending with the Committee on AGRICULTURE AND FOOD since 2025-11-19","https://docs.congress.hrep.online/legisdocs/basic_20/hb05978.pdf","https://www.congress.gov.ph/bill/history?billno=HB05978&congress=20","1. Chua-Tai (000 2025-12-22)","Referral To The Committee On: AGRICULTURE AND FOOD On 2025-11-19","","","",""
"HB05979","Co-Authored Bills","AN ACT PROMOTING THE INCLUSIVE DEVELOPMENT AND WELL-BEING OF CHILDREN WITH SPECIAL NEEDS, PROVIDING FOR COMPREHENSIVE SUPPORT SYSTEMS, AND FOR OTHER PURPOSES","2025-11-17","National","1. VILLAFUERTE, MIGUEL LUIS R.                                              2. VILLAFUERTE, VINCENZO RENATO LUIGI R.                                              3. HORIBATA, TSUYOSHI ANTHONY ""Hori"" G.                                              4. RIDON, TERRY L.","2025-11-19","WELFARE OF CHILDREN","Pending with the Committee on WELFARE OF CHILDREN since 2025-11-19","https://docs.congress.hrep.online/legisdocs/basic_20/hb05979.pdf","https://www.congress.gov.ph/bill/history?billno=HB05979&congress=20","1. Chua-Tai (000 2025-12-22)
2. Puno (000 2026-02-10)","Referral To The Committee On: WELFARE OF CHILDREN On 2025-11-19","","","",""
"HB05983","Co-Authored Bills","AN ACT PROVIDING FOR DORMITORIES OR HOUSING QUARTERS FOR TEACHERS IN FAR-FLUNG AREAS, LAST-MILE SCHOOLS, AND STATE UNIVERSITIES AND COLLEGES, AND FOR OTHER PURPOSES","2025-11-17","National","1. DELOS SANTOS, ALFRED C.","2025-11-19","BASIC EDUCATION AND CULTURE","Pending with the Committee on BASIC EDUCATION AND CULTURE since 2025-11-19","https://docs.congress.hrep.online/legisdocs/basic_20/hb05983.pdf","https://www.congress.gov.ph/bill/history?billno=HB05983&congress=20","1. Chua-Tai (000 2025-11-26)
2. Bulut-Begtang (000 2026-02-10)
3. Tan (R. M.T.) (000 2026-07-07)","Referral To The Committee On: BASIC EDUCATION AND CULTURE On 2025-11-19
Secondarily Referred To The Committee(s) On: HIGHER AND TECHNICAL EDUCATION","","","",""
"HB05985","Co-Authored Bills","AN ACT PROVIDING INTERNET ACCESS FOR THE AGRI-BUSINESS SECTOR","2025-11-17","National","1. DELOS SANTOS, ALFRED C.","2025-11-19","INFORMATION AND COMMUNICATIONS TECHNOLOGY","Pending with the Committee on INFORMATION AND COMMUNICATIONS TECHNOLOGY since 2025-11-19","https://docs.congress.hrep.online/legisdocs/basic_20/hb05985.pdf","https://www.congress.gov.ph/bill/history?billno=HB05985&congress=20","1. Chua-Tai (000 2025-11-26)
2. Tan (R. M.T.) (000 2026-07-07)","Referral To The Committee On: INFORMATION AND COMMUNICATIONS TECHNOLOGY On 2025-11-19","","","",""
"HB05989","Co-Authored Bills","AN ACT ESTABLISHING THE NATIONAL SCHOOL FEEDING CLOUD KITCHEN SYSTEM, PROVIDING FOR ITS MANAGEMENT AND OPERATION, APPROPRIATING FUNDS THEREFOR, AND FOR OTHER PURPOSES","2025-11-17","National","1. SINGSON-MEEHAN, KRISTINE","2025-11-19","BASIC EDUCATION AND CULTURE","Substituted by HB09466","https://docs.congress.hrep.online/legisdocs/basic_20/hb05989.pdf","https://www.congress.gov.ph/bill/history?billno=HB05989&congress=20","1. Chua-Tai (000 2025-12-03)
2. Arenas (000 2026-06-02)","Referral To The Committee On: BASIC EDUCATION AND CULTURE On 2025-11-19","Mother Bill: HB09466
Co-Substituted Bills: HB01193, HB02191, HB02325, HB02425, HB02487, HB03157, HB03202, HB03551, HB04173, HB04929, HB05046, HB05236, HB05248, HB05433, HB05562, HB05641, HB05681, HB05689, HB05718, HB05800, HB05838, HB05881, HB05991, HB05992, HB06089, HB06240, HB06311, HB06419, HB06671, HB07940, HB08051, HB08131","","",""
"HB05990","Co-Authored Bills","AN ACT PROVIDING EDUCATION PATHWAYS FOR BASIC EDUCATION STUDENTS, AND APPROPRIATING FUNDS THEREFOR","2025-11-17","National","1. SINGSON-MEEHAN, KRISTINE","2025-11-19","BASIC EDUCATION AND CULTURE","Pending with the Committee on BASIC EDUCATION AND CULTURE since 2025-11-19","https://docs.congress.hrep.online/legisdocs/basic_20/hb05990.pdf","https://www.congress.gov.ph/bill/history?billno=HB05990&congress=20","1. Chua-Tai (000 2025-12-03)
2. Bulut-Begtang (000 2026-02-10)","Referral To The Committee On: BASIC EDUCATION AND CULTURE On 2025-11-19","","","",""
"HB06009","Co-Authored Bills","AN ACT FURTHER PROMOTING ENTREPRENEURSHIP BY STRENGTHENING, EMPOWERING, AND ENHANCING THE FINANCING AND OTHER SUPPORT PROGRAMS FOR MICRO, SMALL AND MEDIUM ENTERPRISES, AMENDING FOR THE PURPOSE REPUBLIC ACT NO. 6977, AS AMENDED, OTHERWISE KNOWN AS THE “MAGNA CARTA FOR MICRO, SMALL AND MEDIUM ENTERPRISES (MSMES)”","2025-11-17","National","1. SINGSON-MEEHAN, KRISTINE","2025-11-19","MICRO, SMALL AND MEDIUM ENTERPRISE DEVELOPMENT","Pending with the Committee on MICRO, SMALL AND MEDIUM ENTERPRISE DEVELOPMENT since 2025-11-19","https://docs.congress.hrep.online/legisdocs/basic_20/hb06009.pdf","https://www.congress.gov.ph/bill/history?billno=HB06009&congress=20","1. Chua-Tai (000 2025-12-03)","Referral To The Committee On: MICRO, SMALL AND MEDIUM ENTERPRISE DEVELOPMENT On 2025-11-19","","","",""
"HB06061","Co-Authored Bills","AN ACT PROVIDING FOR LIFETIME VALIDITY OF PERSON WITH DISABILITY IDENTIFICATION CARDS FOR THOSE WITH PERMANENT DISABILITY OR ELDERLY, AMENDING FOR THE PURPOSE REPUBLIC ACT NO. 7277, OTHERWISE KNOWN AS THE “MAGNA CARTA FOR PERSONS WITH DISABILITY”, AS AMENDED","2025-11-17","National","1. RECTO, RYAN S.                                              2. BENITEZ, JAVIER MIGUEL LOPEZ                                              3. POE, BRIAN","2025-11-19","PERSONS WITH DISABILITIES","Pending with the Committee on PERSONS WITH DISABILITIES since 2025-11-19","https://docs.congress.hrep.online/legisdocs/basic_20/hb06061.pdf","https://www.congress.gov.ph/bill/history?billno=HB06061&congress=20","1. Chua-Tai (000 2026-02-23)
2. Cari (000 2026-05-26)","Referral To The Committee On: PERSONS WITH DISABILITIES On 2025-11-19","","","",""
"HB06063","Co-Authored Bills","AN ACT STRENGTHENING THE MENTAL HEALTH SERVICES OF STATE UNIVERSITIES AND COLLEGES AND APPROPRIATING FUNDS THEREFOR","2025-11-17","National","1. RECTO, RYAN S.                                              2. BENITEZ, JAVIER MIGUEL LOPEZ                                              3. POE, BRIAN","2025-11-19","HIGHER AND TECHNICAL EDUCATION","Measure approved by the Committee on 2025-12-09","https://docs.congress.hrep.online/legisdocs/basic_20/hb06063.pdf","https://www.congress.gov.ph/bill/history?billno=HB06063&congress=20","1. Chua-Tai (000 2026-02-23)","Referral To The Committee On: HIGHER AND TECHNICAL EDUCATION On 2025-11-19","Committee Hearings/Actions:
1. Measure approved by the Committee on 2025-12-09","","",""
"HB06071","Co-Authored Bills","AN ACT CREATING THE DEPARTMENT OF TECHNICAL EDUCATION, TRAINING AND CERTIFICATION, DEFINING ITS POWERS AND FUNCTIONS, AMENDING REPUBLIC ACT NO. 7796, OTHERWISE KNOWN AS THE “TESDA ACT OF 1994”, APPROPRIATING FUNDS THEREFOR, AND FOR OTHER PURPOSES","2025-11-17","National","1. CORVERA, DALE B.","2025-11-19","HIGHER AND TECHNICAL EDUCATION","Pending with the Committee on HIGHER AND TECHNICAL EDUCATION since 2025-11-19","https://docs.congress.hrep.online/legisdocs/basic_20/hb06071.pdf","https://www.congress.gov.ph/bill/history?billno=HB06071&congress=20","1. Chua-Tai (000 2026-01-28)","Referral To The Committee On: HIGHER AND TECHNICAL EDUCATION On 2025-11-19
Secondarily Referred To The Committee(s) On: GOVERNMENT REORGANIZATION","","","",""
"HB06777","Co-Authored Bills","AN ACT ESTABLISHING A NATIONAL SYSTEM FOR ORGAN AND TISSUE DONATION AND TRANSPLANTATION, REPEALING REPUBLIC ACT NO. 7170, AND FOR OTHER PURPOSES","2025-12-10","National","1. VELOSO, GIRLIE E.","2025-12-15","HEALTH","Pending with the Committee on HEALTH since 2025-12-15","https://docs.congress.hrep.online/legisdocs/basic_20/hb06777.pdf","https://www.congress.gov.ph/bill/history?billno=HB06777&congress=20","1. Chua-Tai (000 2026-02-03)
2. Aquino-Magsaysay (000 2026-02-23)
3. Bañas-Nograles (000 2026-03-04)","Referral To The Committee On: HEALTH On 2025-12-15","","","",""
"HB06778","Co-Authored Bills","AN ACT MANDATING THE FULL DISCLOSURE OF GOVERNMENT TRANSACTIONS THROUGH THE ESTABLISHMENT OF A DIGITAL BUDGET PORTAL TO ENHANCE TRANSPARENCY, ACCOUNTABILITY, AND PUBLIC PARTICIPATION IN THE PHILIPPINE BUDGET PROCESS","2025-12-10","National","1. SALCEDA, ADRIAN E.","2025-12-15","INFORMATION AND COMMUNICATIONS TECHNOLOGY","Pending with the Committee on INFORMATION AND COMMUNICATIONS TECHNOLOGY since 2026-03-18","https://docs.congress.hrep.online/legisdocs/basic_20/hb06778.pdf","https://www.congress.gov.ph/bill/history?billno=HB06778&congress=20","1. Bañas-Nograles (000 2026-01-21)
2. Chua-Tai (000 2026-01-28)","Referral To The Committee On: INFORMATION AND COMMUNICATIONS TECHNOLOGY On 2026-03-18
Previous Committee Referrals: PRIMARILY REFERRED TO APPROPRIATIONS on 2025-12-15","","","",""
"HB06788","Co-Authored Bills","AN ACT INTEGRATING BASIC FINANCIAL LITERACY AS A CORE SUBJECT IN THE JUNIOR AND SENIOR HIGH SCHOOL CURRICULA AND AS AN INTEGRATED COMPONENT OF THE K-12 PROGRAM, AND APPROPRIATING FUNDS THEREFOR","2025-12-10","National","1. YAP, ARTHUR C.","2025-12-15","BASIC EDUCATION AND CULTURE","Pending with the Committee on BASIC EDUCATION AND CULTURE since 2025-12-15","https://docs.congress.hrep.online/legisdocs/basic_20/hb06788.pdf","https://www.congress.gov.ph/bill/history?billno=HB06788&congress=20","1. Bañas-Nograles (000 2026-01-20)
2. Chua-Tai (000 2026-02-09)","Referral To The Committee On: BASIC EDUCATION AND CULTURE On 2025-12-15","","","",""
"HB06792","Co-Authored Bills","AN ACT MANDATING FULL DISCLOSURE OF GOVERNMENT EXPENDITURES THROUGH AN OPEN, SECURE, AND TECHNOLOGY-NEUTRAL DIGITAL PLATFORM WITH MECHANISMS FOR REAL-TIME PUBLIC ACCESS, DATA INTEGRITY, AND ACCOUNTABILITY IN THE USE OF PUBLIC FUNDS, AND FOR OTHER PURPOSES","2025-12-11","National","1. NAZAL, ROBERTO","2025-12-16","INFORMATION AND COMMUNICATIONS TECHNOLOGY","Pending with the Committee on INFORMATION AND COMMUNICATIONS TECHNOLOGY since 2026-03-18","https://docs.congress.hrep.online/legisdocs/basic_20/hb06792.pdf","https://www.congress.gov.ph/bill/history?billno=HB06792&congress=20","1. Chua-Tai (000 2026-05-25)
2. Baronda (000 2026-08-04)","Referral To The Committee On: INFORMATION AND COMMUNICATIONS TECHNOLOGY On 2026-03-18
Previous Committee Referrals: PRIMARILY REFERRED TO APPROPRIATIONS on 2025-12-16","","","",""
"HB06794","Co-Authored Bills","AN ACT GRANTING AN ADDITIONAL BIRTHDAY CASH BENEFIT TO SENIOR CITIZENS, AMENDING FOR THE PURPOSE REPUBLIC ACT NO. 7432, AS AMENDED, ENTITLED ""AN ACT TO MAXIMIZE THE CONTRIBUTION OF SENIOR CITIZENS TO NATION BUILDING, GRANT BENEFITS AND SPECIAL PRIVILEGES AND FOR OTHER PURPOSES"" AND APPROPRIATING FUNDS THEREFOR","2025-12-11","National","1. YAP, JOHN GEESNELL ""Baba""","2025-12-16","SENIOR CITIZENS","Pending with the Committee on SENIOR CITIZENS since 2025-12-16","https://docs.congress.hrep.online/legisdocs/basic_20/hb06794.pdf","https://www.congress.gov.ph/bill/history?billno=HB06794&congress=20","(Journal Entries)
1. Chua-Tai (000 2026-02-02)
2. Olivarez (000 2026-04-07)","Referral To The Committee On: SENIOR CITIZENS On 2025-12-16","","","",""
"HB06800","Co-Authored Bills","AN ACT INSTITUTIONALIZING THE PUBLIC TRANSPORT ASSISTANCE PROGRAM, PROVIDING FOR THE PURPOSE OF FUEL SUBSIDY TO PUBLIC UTILITY VEHICLE OPERATORS AND DRIVERS, AND APPROPRIATING FUNDS THEREFOR","2025-12-15","National","1. PLEYTO, SALVADOR A.","2025-12-16","TRANSPORTATION","Pending with the Committee on TRANSPORTATION since 2025-12-16","https://docs.congress.hrep.online/legisdocs/basic_20/hb06800.pdf","https://www.congress.gov.ph/bill/history?billno=HB06800&congress=20","(Journal Entries)
1. Chua-Tai (000 2026-03-02)","Referral To The Committee On: TRANSPORTATION On 2025-12-16","","","",""
"HB06803","Co-Authored Bills","AN ACT STRENGTHENING THE PHILIPPINE HEALTHCARE SYSTEM TO ACHIEVE EFFICIENCY AND EQUITY, AND TO IMPROVE PUBLIC HEALTH EMERGENCY PREPAREDNESS, AMENDING FOR THE PURPOSE REPUBLIC ACT NO. 11223, OTHERWISE KNOWN AS THE “UNIVERSAL HEALTH CARE ACT”","2025-12-15","National","1. BENITEZ, JAVIER MIGUEL LOPEZ","2025-12-16","HEALTH","Pending with the Committee on HEALTH since 2025-12-16","https://docs.congress.hrep.online/legisdocs/basic_20/hb06803.pdf","https://www.congress.gov.ph/bill/history?billno=HB06803&congress=20","(Journal Entries)
1. Chua-Tai (000 2026-03-10)","Referral To The Committee On: HEALTH On 2025-12-16","","","",""
"HB06804","Co-Authored Bills","AN ACT MODERNIZING THE CIVIL REGISTRATION SYSTEM AND ENSURING UNIVERSAL LEGAL IDENTITY FOR ALL FILIPINOS, PROVIDING FUNDS THEREFOR, AND FOR OTHER PURPOSES","2025-12-15","National","1. BENITEZ, JAVIER MIGUEL LOPEZ","2025-12-16","POPULATION AND FAMILY RELATIONS","Pending with the Committee on POPULATION AND FAMILY RELATIONS since 2025-12-16","https://docs.congress.hrep.online/legisdocs/basic_20/hb06804.pdf","https://www.congress.gov.ph/bill/history?billno=HB06804&congress=20","(Journal Entries)
1. Chua-Tai (000 2026-03-10)
2. Montes (000 2026-08-11)
3. Poe (000 2026-08-12)","Referral To The Committee On: POPULATION AND FAMILY RELATIONS On 2025-12-16","","","",""
"HB06808","Co-Authored Bills","AN ACT STRENGTHENING LOCAL AND EQUITABLE ACCESS TO MENTAL HEALTH SERVICES FOR INDIGENT, YOUTH, AND UNDERSERVED POPULATIONS, AMENDING REPUBLIC ACT NO. 11036, OTHERWISE KNOWN AS THE “MENTAL HEALTH ACT”","2025-12-15","National","1. BENITEZ, JAVIER MIGUEL LOPEZ","2025-12-16","HEALTH","Pending with the Committee on HEALTH since 2025-12-16","https://docs.congress.hrep.online/legisdocs/basic_20/hb06808.pdf","https://www.congress.gov.ph/bill/history?billno=HB06808&congress=20","(Journal Entries)
1. Chua-Tai (000 2026-03-10)","Referral To The Committee On: HEALTH On 2025-12-16","","","",""
"HB06809","Co-Authored Bills","AN ACT GRANTING FREE ASSESSMENT FOR THE ISSUANCE OF NATIONAL CERTIFICATES BY THE TECHNICAL EDUCATION AND SKILLS DEVELOPMENT AUTHORITY (TESDA) TO NON-SCHOLAR APPLICANTS, AND APPROPRIATING FUNDS THEREFOR","2025-12-15","National","1. BENITEZ, JAVIER MIGUEL LOPEZ","2025-12-16","HIGHER AND TECHNICAL EDUCATION","Pending with the Committee on HIGHER AND TECHNICAL EDUCATION since 2025-12-16","https://docs.congress.hrep.online/legisdocs/basic_20/hb06809.pdf","https://www.congress.gov.ph/bill/history?billno=HB06809&congress=20","1. Chua-Tai (000 2026-03-10)","Referral To The Committee On: HIGHER AND TECHNICAL EDUCATION On 2025-12-16","","","",""
"HB06812","Co-Authored Bills","AN ACT DEFINING ELECTRONIC VIOLENCE AGAINST WOMEN AND THEIR CHILDREN, PROVIDING PROTECTIVE MEASURES, AND PRESCRIBING PENALTIES FOR VIOLATIONS THEREOF, AMENDING FOR THE PURPOSE REPUBLIC ACT NO. 9262, OTHERWISE KNOWN AS THE “ANTI-VIOLENCE AGAINST WOMEN AND THEIR CHILDREN”","2025-12-15","National","1. BENITEZ, JAVIER MIGUEL LOPEZ","2025-12-16","WOMEN AND GENDER EQUALITY","Substituted by HB08420","https://docs.congress.hrep.online/legisdocs/basic_20/hb06812.pdf","https://www.congress.gov.ph/bill/history?billno=HB06812&congress=20","1. Chua-Tai (000 2026-03-10)","Referral To The Committee On: WOMEN AND GENDER EQUALITY On 2025-12-16","Committee Hearings/Actions:
1. Scheduled for Meeting/Hearing on 2026-01-28
2. Measure approved by the Committee on 2026-01-28
3. Committee Report filed on 2026-03-10
-Committee Report No. 148 House Bill No. 8420
Mother Bill: HB08420
Co-Substituted Bills: HB00217, HB01394, HB02013, HB02420, HB04071, HB04779, HB05228, HB05642, HB06083","","",""
"HB08420","Co-Authored Bills","AN ACT DEFINING ELECTRONIC VIOLENCE AGAINST WOMEN AND THEIR CHILDREN, PROVIDING PROTECTIVE MEASURES, AND PRESCRIBING PENALTIES FOR VIOLATIONS THEREOF, AMENDING FOR THE PURPOSE REPUBLIC ACT NO. 9262, OTHERWISE KNOWN AS THE “ANTI-VIOLENCE AGAINST WOMEN AND THEIR CHILDREN”","2025-12-15","National","1. BENITEZ, JAVIER MIGUEL LOPEZ","2025-12-16","WOMEN AND GENDER EQUALITY","Substituted by HB08420","https://docs.congress.hrep.online/legisdocs/basic_20/hb08420.pdf","https://www.congress.gov.ph/bill/history?billno=HB08420&congress=20","1. Vergara (000 2026-03-11)
2. Oreta (A. A.) (000 2026-03-17)
3. Sakaluran (000 2026-05-06)
4. Salceda (000 2026-05-13)
5. Primicias-Agabas (000 2026-05-18)
6. Dionisio (000 2026-05-18)
7. Gutierrez (000 2026-05-18)
8. Ortega (000 2026-05-18)
9. Khonghun (000 2026-05-18)
10. Adiong (000 2026-05-18)
11. Bautista-Lim (000 2026-05-11)
12. Emano (000 2026-05-12)
13. De Lima (000 2026-05-12)
14. Guintu (000 2026-05-18)
15. Aquino-Magsaysay (000 2026-05-18)
16. Hernandez (R. L.) (000 2026-05-25)
17. Co-Pilar (000 2026-05-25)
18. Yu (J.V.) (000 2026-05-18)
19. Arbison (M. N. JR.) (000 2026-05-18)
20. Veloso-Tuazon (000 2026-05-18)
21. Santos (M.A.S.) (000 2026-05-18)
22. Legacion (000 2026-06-01)
Author/s (Final/Third Reading)
1. Co (R. L. M.)
2. Tinio
3. Montes
4. Matibag
5. Zamora (Y.M.)
6. Maceda
7. Elago
8. Cruz (A.)
9. Mercado-Revilla
10. Revilla ( B. B.)
11. Revilla (R. J.)
12. Salvame
13. Benitez (J.M.)
14. Gorriceta
15. Angeles
16. Bulut-Begtang
17. Ynares
18. Agyao
19. Bag-ao
20. Castro
21. Cendaña
22. Remulla
23. Tan (K. M. D.L.)
24. Robes
25. Cagas
26. Villarica
27. Diokno
28. Yatco
29. Lagman
30. Rama
31. Zubiri
32. Gonzales (A.)
33. Dimaporo ( S. A. Q.)
34. Chua-Tai
35. Degamo
36. Veloso
37. Ismula
38. Oreta (A. A.)
39. Vergara
40. Sakaluran","Referral To The Committee On: RULES On 2026-03-11
Date Included In OB: 2026-03-11
Date Calendared: 2026-05-06","Committee Report No.: 00148
Submitted On: 2026-03-10
Submitted By: WOMEN AND GENDER EQUALITY
Recommendations: Recommending its approval in substitution of House Bills Numbered 217, 1394, 2013, 2420, 4071, 4779, 5228, 5642, 6083, and 6812
Substituted Bills: HB00217, HB01394, HB02013, HB02420, HB04071, HB04779, HB05228, HB05642, HB06083, HB06812","Period Of Sponsorship: 2026-05-12
Sponsored By: Matibag;Bag-ao;Co (R. L. M.);Elago
Final List of Author
1. Co (R. L. M.)
2. Tinio
3. Montes
4. Matibag
5. Zamora (Y.M.)
6. Maceda
7. Elago
8. Cruz (A.)
9. Mercado-Revilla
10. Revilla ( B. B.)
11. Revilla (R. J.)
12. Salvame
13. Benitez (J.M.)
14. Gorriceta
15. Angeles
16. Bulut-Begtang
17. Ynares
18. Agyao
19. Bag-ao
20. Castro
21. Cendaña
22. Remulla
23. Tan (K. M. D.L.)
24. Robes
25. Cagas
26. Villarica
27. Diokno
28. Yatco
29. Lagman
30. Rama
31. Zubiri
32. Gonzales (A.)
33. Dimaporo ( S. A. Q.)
34. Chua-Tai
35. Degamo
36. Veloso
37. Ismula
38. Oreta (A. A.)
39. Vergara
40. Sakaluran
Date Approved On Second Reading: 2026-05-12
Remarks: Manifestation of Rep. De Lima on May 12, 2026","Date Copy Distributed To Members: 2026-05-14
Date Approved By The House On Third Reading: 2026-05-20
Third Reading Title: AN ACT DEFINING TECHNOLOGY-FACILITATED VIOLENCE AGAINST WOMEN AND THEIR CHILDREN, PROVIDING PROTECTIVE MEASURES, AND PRESCRIBING PENALTIES FOR VIOLATIONS THEREOF, AMENDING FOR THE PURPOSE REPUBLIC ACT NO. 9262, OTHERWISE KNOWN AS THE “ ANTI-VIOLENCE AGAINST WOMEN AND THEIR CHILDREN ACT OF 2004 ”
House Votes: YEAS:265 NAYS:0 ABSTAIN:1
Voting Details Per Member
(Legend:Y-Yes N-No A-Abstain X-Did Not Vote B-Absent D-N/A)
1. Y---Abalos
2. Y---Abante
3. X---Acidre
4. Y---Acop (P.C.)
5. D---Acop--(N/A)
6. Y---Acosta
7. Y---Adiong
8. Y---Advincula
9. Y---Agarao
10. Y---Agyao
11. Y---Alano
12. Y---Alba
13. Y---Albano
14. X---Almario (C.M.)
15. Y---Almario (D.)
16. Y---Almonte
17. Y---Alvarez (J.)
18. Y---Alvarez (M.)
19. Y---Amante
20. Y---Amatong
21. Y---Ang
22. X---Angara
23. Y---Angeles
24. Y---Aquino
25. Y---Aquino-Magsaysay
26. Y---Arbison (M. N. JR.)
27. X---Arbison (M. M.)
28. Y---Arenas
29. Y---Arrogancia
30. Y---Asistio
31. Y---Atayde
32. X---Aumentado
33. Y---Ayon
34. X---Bag-ao
35. Y---Balindong
36. Y---Bañas-Nograles
37. Y---Bancoro
38. Y---Barba
39. X---Barbers
40. Y---Baronda
41. A---Barzaga
42. Y---Bacsug
43. X---Bautista (C. P.)
44. Y---Bautista (J. M. G.)
45. Y---Bautista-Lim
46. Y---Beltran
47. Y---Benitez (A.)
48. Y---Benitez (J.M.)
49. Y---Bernos (C.)
50. Y---Bernos (J.B.)
51. Y---Biron
52. Y---Bocobo
53. Y---Bolilia
54. X---Bondoc
55. Y---Briones
56. Y---Bulut-Begtang
57. Y---Cagas
58. Y---Calderon
59. Y---Calixto
60. Y---Caoagdan
61. Y---Cari
62. Y---Castro
63. D---Catulpos--(N/A)
64. Y---Cayton
65. Y---Celeste
66. Y---Cendaña
67. Y---Ceniza
68. Y---Chan (J.)
69. Y---Chan
70. X---Chua
71. Y---Chua-Tai
72. Y---Chungalao
73. D---Co ( E. S.)--(N/A)
74. Y---Co (R. L. M.)
75. Y---Co-Pilar
76. X---Cojuangco (J. E. M. D.)
77. Y---Cojuangco ( M. O.)
78. Y---Collantes
79. Y---Corvera
80. Y---Cruz (A.)
81. Y---Cruz (R. JR.)
82. Y---Cruzado
83. X---Cua
84. Y---Dagooc
85. Y---Dalog
86. X---Dayanghirang
87. Y---Daza
88. Y---De Jesus
89. Y---De Lima
90. Y---De Venecia
91. Y---Defensor
92. Y---Degamo
93. Y---Del Mar
94. X---Delos Santos
95. Y---Dimacuha
96. Y---Dimaguila
97. Y---Dimaporo ( I. Q.)
98. Y---Dimaporo ( S. A. Q.)
99. Y---Diokno
100. Y---Dionisio
101. Y---Domingo
102. Y---Domogan
103. Y---Duterte (H.J.)
104. X---Duterte (O.V.)
105. Y---Duterte (P.)
106. Y---Dy (F.)
107. Y---Dy (F.M.C.)
108. X---Dy (I.P.)
109. Y---Elago
110. X---Emano
111. Y---Enverga
112. Y---Erice
113. Y---Escudero
114. Y---Espares
115. Y---Espina
116. X---Estrella
117. Y---Ferrer (A. A.)
118. Y---Ferrer (J. )
119. Y---Flores
120. Y---Fortes
121. Y---Frasco
122. Y---Fresnedi
123. Y---Fuentebella
124. Y---Galang
125. Y---Galeos
126. Y---Garbin
127. Y---Garcia (A.)
128. Y---Garcia (D.)
129. Y---Garcia (J. A.)
130. X---Garcia (K. H.)
131. Y---Garcia (M. A.)
132. Y---Gardiola
133. Y---Garin
134. Y---Gatchalian
135. Y---Gato
136. Y---Glepa
137. X---Go
138. X---Gomez
139. Y---Gonzales (A.)
140. Y---Gonzales (A. M.)
141. Y---Gonzales (C. S.)
142. Y---Gonzales (R.)
143. X---Gorriceta
144. Y---Guico
145. X---Guintu
146. Y---Gullas
147. Y---Gutierrez
148. X---Hernandez (C. A.)
149. X---Hernandez (D. L.)
150. Y---Hernandez (F. L.)
151. Y---Hernandez (R. L.)
152. Y---Hofer-Hasim
153. Y---Horibata
154. Y---Ismula
155. X---Iway
156. Y---Javier
157. Y---Kho
158. Y---Kho (E. T.)
159. Y---Kho (W. T.)
160. Y---Khonghun
161. Y---Ko
162. Y---Labadlabad
163. X---Lacson
164. Y---Lagbas
165. Y---Lagdameo (J. M. F.)
166. Y---Lagdameo (M. Y. M. Q.)
167. Y---Lagman
168. Y---Lagon (D. A.)
169. Y---Lagon (S. L.)
170. Y---Lara
171. Y---Lazatin
172. Y---Ledesma
173. Y---Legacion
174. Y---Legarda
175. D---Legazpi--(N/A)
176. Y---Legazpi(K.)
177. X---Leviste
178. Y---Libanan
179. Y---Lopez
180. Y---Loria
181. Y---Loyola
182. Y---Luistro
183. X---Lumayag
184. Y---Macapagal-Arroyo
185. Y---Macasaet
186. Y---Maceda
187. Y---Madrona
188. Y---Malapitan
189. Y---Mangudadatu
190. Y---Maniquiz
191. X---Marañon
192. X---Marcoleta
193. Y---Marcos
194. Y---Marquez
195. Y---Mastura
196. Y---Matibag
197. Y---Matugas
198. Y---Mendoza
199. X---Mercado
200. Y---Mercado-Revilla
201. Y---Miraflores
202. Y---Momo
203. Y---Montes
204. X---Nava
205. Y---Nazal
206. Y---Nisay
207. Y---Nolasco
208. Y---Oaminal (H. F.)
209. Y---Oaminal (S. F. F.)
210. D---Oducado--(N/A)
211. Y---Olivarez
212. Y---Ongchuan
213. Y---Ordanes
214. Y---Oreta (A. A.)
215. X---Ortega
216. Y---Ouano-Dizon
217. Y---Padiernos
218. Y---Panaligan
219. Y---Pancho
220. X---Panotes
221. Y---Pascual
222. Y---Perez
223. Y---Pimentel
224. X---Plaza
225. Y---Pleyto
226. Y---Poe
227. Y---Primicias-Agabas
228. Y---Pumaren
229. X---Puno
230. Y---Quimbo
231. Y---Rama
232. Y---Recto (R. S.)
233. Y---Regencia
234. Y---Remulla
235. Y---Revilla ( B. B.)
236. X---Revilla (R. J.)
237. Y---Ridon
238. Y---Rivera
239. Y---Robes
240. Y---Rodriguez ( E. R.)
241. X---Rodriguez (M. B.)
242. Y---Rodriguez (R.B.)
243. Y---Roman
244. X---Romualdez (A.J.)
245. X---Romualdez (F.M.)
246. X---Romualdez (Y.M.)
247. Y---Romualdo
248. Y---Romulo
249. Y---Roque
250. Y---Sagarbarria
251. Y---Sakaluran
252. Y---Salceda
253. X---Sali
254. Y---Salvacion
255. Y---Salvador
256. Y---Salvame
257. Y---San Fernando
258. Y---Santos (M.A.S.)
259. Y---Santos (M.A.)
260. Y---Shimura
261. Y---Singson ( R.)
262. Y---Singson (R. V.)
263. Y---Singson-Meehan
264. Y---Solon
265. Y---Soriano
266. Y---Suan
267. Y---Suansing (B. V. B.)
268. Y---Suansing (M. A. B.)
269. Y---Suarez
270. Y---Suntay
271. Y---Tallado
272. Y---Tan (A.)
273. Y---Tan (J. S.)
274. Y---Tan (K. M. D.L.)
275. X---Tan (R. M.T.)
276. Y---Tan (S. A.)
277. Y---Tan (S. J. T.)
278. Y---Tanchay
279. Y---Tanjuatco
280. Y---Tarriela
281. Y---Teodoro
282. Y---Tereng
283. Y---Teves
284. Y---Tiangco
285. Y---Tieng
286. Y---Tinio
287. Y---Tolentino
288. Y---Tuan
289. Y---Tulfo (J. P.)
290. Y---Tulfo (R. W. P.)
291. Y---Tupas
292. X---Tutor
293. Y---Ty
294. Y---Umali
295. X---Ungab
296. Y---Uy, (D. C. L.)
297. Y---Uy (R. JR.)
298. Y---Valeriano
299. Y---Vargas
300. Y---Vargas-Alfonso
301. Y---Veloso
302. Y---Veloso-Tuazon
303. Y---Vergara
304. Y---Villa ( Z.)
305. X---Villafuerte (M. L. R.)
306. Y---Villafuerte (V. R. L. R.)
307. Y---Villanueva
308. Y---Villarica
309. X---Violago
310. Y---Yamsuan
311. Y---Yap (A.)
312. X---Yap (C.)
313. D---Yap (EDVIC)--(N/A)
314. Y---Yap (ERIC)
315. Y---Yap ( G.)
316. Y---Yatco
317. Y---Ynares
318. Y---Yu (J.V.)
319. Y---Yu (J.K.)
320. Y---Yulo
321. X---Zamora (M.C.)
322. Y---Zamora (Y.M.)
323. X---Zubiri
Date Transmitted To The Senate: 2026-05-25
Actions Taken By The Senate/House
Date Received By The Senate: 2026-05-25",""
"HB06814","Co-Authored Bills","AN ACT STRENGTHENING THE CONSERVATION AND PROTECTION OF PHILIPPINE CULTURAL HERITAGE THROUGH HERITAGE INCENTIVES, AMENDING FOR THE PURPOSE REPUBLIC ACT NO. 10066, OTHERWISE KNOWN AS THE ""NATIONAL CULTURAL HERITAGE ACT OF 2009""","2025-12-15","National","1. BENITEZ, JAVIER MIGUEL LOPEZ","2025-12-16","BASIC EDUCATION AND CULTURE","Pending with the Committee on BASIC EDUCATION AND CULTURE since 2025-12-16","https://docs.congress.hrep.online/legisdocs/basic_20/hb06814.pdf","https://www.congress.gov.ph/bill/history?billno=HB06814&congress=20","1. Chua-Tai (000 2026-03-10)
2. Poe (000 2026-07-13)","Referral To The Committee On: BASIC EDUCATION AND CULTURE On 2025-12-16","","","",""
"HB06816","Co-Authored Bills","AN ACT PROVIDING FOR EDUCATIONAL ASSISTANCE TO CHILDREN AND DEPENDENTS OF FARMERS AND FISHERFOLK, PROVIDING FUNDS THEREOF","2025-12-15","National","1. BENITEZ, JAVIER MIGUEL LOPEZ","2025-12-16","AGRICULTURE AND FOOD","Pending with the Committee on AGRICULTURE AND FOOD since 2025-12-16","https://docs.congress.hrep.online/legisdocs/basic_20/hb06816.pdf","https://www.congress.gov.ph/bill/history?billno=HB06816&congress=20","1. Chua-Tai (000 2026-03-10)
2. Lagon (S. L.) (000 2026-03-10)","Referral To The Committee On: AGRICULTURE AND FOOD On 2025-12-16
Secondarily Referred To The Committee(s) On: AQUACULTURE AND FISHERIES RESOURCES","","","",""
"HB06817","Co-Authored Bills","AN ACT PROVIDING NUTRITION INCENTIVES AND SUPPORT PROGRAMS TO YOUNG AND FIRST-TIME PARENTS PROMOTING EARLY CHILD NUTRITION, AND FOR OTHER PURPOSES","2025-12-15","National","1. BENITEZ, JAVIER MIGUEL LOPEZ","2025-12-16","HEALTH","Pending with the Committee on HEALTH since 2025-12-16","https://docs.congress.hrep.online/legisdocs/basic_20/hb06817.pdf","https://www.congress.gov.ph/bill/history?billno=HB06817&congress=20","1. Chua-Tai (000 2026-03-10)
2. Poe (000 2026-07-13)","Referral To The Committee On: HEALTH On 2025-12-16","","","",""
"HB06823","Co-Authored Bills","AN ACT PROMOTING INTEGRATED URBAN AGRICULTURE AND VERTICAL FARMING IN URBAN AREAS NATIONWIDE TO ENSURE FOOD SECURITY AND APPROPRIATING FUNDS THEREFOR","2025-12-15","National","1. KHO, ELISA ""Olga"" T.","2025-12-16","AGRICULTURE AND FOOD","Pending with the Committee on AGRICULTURE AND FOOD since 2025-12-16","https://docs.congress.hrep.online/legisdocs/basic_20/hb06823.pdf","https://www.congress.gov.ph/bill/history?billno=HB06823&congress=20","1. Chua-Tai (000 2026-03-02)","Referral To The Committee On: AGRICULTURE AND FOOD On 2025-12-16","","","",""
"HB06824","Co-Authored Bills","AN ACT PROVIDING FOR EARLY VOTING BY QUALIFIED SENIOR CITIZENS, PERSONS WITH DISABILITIES, LAWYERS, AND HUMAN RESOURCES FOR HEALTH IN NATIONAL AND LOCAL ELECTIONS","2025-12-15","National","1. KHO, ELISA ""Olga"" T.","2025-12-16","SUFFRAGE AND ELECTORAL REFORMS","Pending with the Committee on SUFFRAGE AND ELECTORAL REFORMS since 2025-12-16","https://docs.congress.hrep.online/legisdocs/basic_20/hb06824.pdf","https://www.congress.gov.ph/bill/history?billno=HB06824&congress=20","1. Chua-Tai (000 2026-03-02)","Referral To The Committee On: SUFFRAGE AND ELECTORAL REFORMS On 2025-12-16","","","",""
"HB06825","Co-Authored Bills","AN ACT ENHANCING THE UNIVERSAL ACCESS TO QUALITY TERTIARY EDUCATION ACT, AMENDING FOR THIS PURPOSE REPUBLIC ACT NO. 10931","2025-12-15","National","1. DE LIMA, LEILA M.","2025-12-16","HIGHER AND TECHNICAL EDUCATION","Substituted by HB08476","https://docs.congress.hrep.online/legisdocs/basic_20/hb06825.pdf","https://www.congress.gov.ph/bill/history?billno=HB06825&congress=20","1. Chua-Tai (000 2026-02-11)","Referral To The Committee On: HIGHER AND TECHNICAL EDUCATION On 2025-12-16","Committee Hearings/Actions:
1. Measure approved by the Committee on 2025-12-09
2. Transmitted to the Committee on Appropriations on 2026-02-25
Mother Bill: HB08476
Co-Substituted Bills: HB00030, HB00040, HB00212, HB00683, HB01970, HB01994, HB02642, HB02824, HB02990, HB03453, HB03467, HB04270, HB05488, HB05563, HB05650, HB05914, HB05934, HB06029, HB06250, HB06501, HB06548, HB06609, HB06733, HB06829, HB07160, HB07329, HR00061","","",""
"HB08476","Co-Authored Bills","AN ACT ENHANCING THE UNIVERSAL ACCESS TO QUALITY TERTIARY EDUCATION ACT, AMENDING FOR THIS PURPOSE REPUBLIC ACT NO. 10931","2025-12-15","National","1. DE LIMA, LEILA M.","2025-12-16","HIGHER AND TECHNICAL EDUCATION","Substituted by HB08476","https://docs.congress.hrep.online/legisdocs/basic_20/hb08476.pdf","https://www.congress.gov.ph/bill/history?billno=HB08476&congress=20","1. Garin (000 2026-03-12)
2. Primicias-Agabas (000 2026-03-12)
3. Dionisio (000 2026-03-12)
4. Gutierrez (000 2026-03-12)
5. Ortega (000 2026-03-12)
6. Khonghun (000 2026-03-12)
7. Adiong (000 2026-03-12)
8. Arenas (000 2026-03-16)
9. Robes (000 2026-03-16)
10. Poe (000 2026-03-16)
11. Javier (000 2026-03-16)
12. Tulfo (R. W. P.) (000 2026-03-16)
13. Aquino-Magsaysay (000 2026-03-17)
14. Singson-Meehan (000 2026-03-17)
15. Abante (000 2026-03-13)
16. Legacion (000 2026-03-17)
17. Vargas (000 2026-04-08)
18. Cagas (000 2026-04-22)
19. Sakaluran (000 2026-04-29)
20. Maceda (000 2026-05-25)
21. Cari (000 2026-05-26)
22. Zamora (Y.M.) (000 2026-06-02)
23. Villafuerte (V. R. L. R.) (000 2026-06-16)
Author/s (Final/Third Reading)
1. Acidre
2. Fresnedi
3. Dionisio
4. Co (R. L. M.)
5. Tinio
6. Romulo
7. Teodoro
8. Cua
9. Dimaguila
10. Montes
11. Oreta (A. A.)
12. Garcia (D.)
13. Tereng
14. Padiernos
15. Romualdez (Y.M.)
16. Romualdez (A.J.)
17. Atayde
18. Agarao
19. Zubiri
20. Cruz (R. JR.)
21. Suansing (M. A. B.)
22. Yap (C.)
23. Rodriguez ( E. R.)
24. Tan (K. M. D.L.)
25. Flores
26. De Lima
27. Salceda
28. Villanueva
29. Olivarez
30. Ridon
31. Dy (F.)
32. Marcos
33. Libanan
34. Rodriguez (R.B.)
35. Escudero
36. Alano
37. Agyao
38. Corvera
39. Garcia (K. H.)
40. Sagarbarria
41. Lumayag
42. Gatchalian
43. Daza
44. Diokno
45. Cendaña
46. Lopez
47. Bautista (J. M. G.)
48. Amante
49. Calderon
50. Amatong
51. San Fernando
52. Salvador
53. Vergara
54. Elago
55. Roman
56. Macapagal-Arroyo
57. Madrona
58. Recto (R. S.)
59. Briones
60. Teves
61. Roque
62. Abalos
63. Yap (A.)
64. Loria
65. Santos (M.A.S.)
66. Beltran
67. Hernandez (F. L.)
68. Espina
69. Celeste
70. Cagas
71. Ceniza
72. Dalog
73. Poe
74. Tolentino
75. Benitez (J.M.)
76. Cruz (A.)
77. Gomez
78. Pancho
79. Oducado
80. Momo
81. Baronda
82. Zamora (M.C.)
83. Arenas
84. Mendoza
85. Yu (J.K.)
86. Lagdameo (M. Y. M. Q.)
87. Tieng
88. Labadlabad
89. Gonzales (A.)
90. Tan (J. S.)
91. Ongchuan
92. Espares
93. Hernandez (C. A.)
94. Uy (R. JR.)
95. Dimaporo ( S. A. Q.)
96. Aquino-Magsaysay
97. Gonzales (A. M.)
98. Chan (J.)
99. Primicias-Agabas
100. Garin
101. Uy, (D. C. L.)
102. Pleyto
103. Villarica
104. Bautista-Lim
105. Dimacuha
106. Tiangco
107. Romualdo
108. Domogan
109. Mercado-Revilla
110. Rivera
111. Del Mar
112. Angeles
113. Legazpi
114. Marquez
115. Yu (J.V.)
116. Emano
117. Benitez (A.)
118. Rama
119. Adiong
120. Puno
121. Loyola
122. Singson-Meehan
123. Chua-Tai","Referral To The Committee On: RULES On 2026-03-11
Date Included In OB: 2026-03-11
Date Calendared: 2026-03-11","Committee Report No.: 00166
Submitted On: 2026-03-11
Submitted By: HIGHER AND TECHNICAL EDUCATION, APPROPRIATIONS
Recommendations: Recommending its approval in substitution of House Bills Numbered 30, 40, 212, 683, 1970, 1994, 2642, 2824, 2990, 3453, 3467, 4270, 5488, 5563, 5650, 5914, 5934, 6029, 6250, 6501, 6548, 6609, 6733, 6825, 6829, 7160, 7329, and House Resolution No. 61
Substituted Bills: HB00030, HB00040, HB00212, HB00683, HB01970, HB01994, HB02642, HB02824, HB02990, HB03453, HB03467, HB04270, HB05488, HB05563, HB05650, HB05914, HB05934, HB06029, HB06250, HB06501, HB06548, HB06609, HB06733, HB06825, HB06829, HB07160, HB07329, HR00061","Period Of Sponsorship: 2026-03-11
Sponsored By: Acidre
Period Of Interpellations: 2026-03-11
Interpellated By: Co (R. L. M.), Tinio
Final List of Author
1. Acidre
2. Fresnedi
3. Dionisio
4. Co (R. L. M.)
5. Tinio
6. Romulo
7. Teodoro
8. Cua
9. Dimaguila
10. Montes
11. Oreta (A. A.)
12. Garcia (D.)
13. Tereng
14. Padiernos
15. Romualdez (Y.M.)
16. Romualdez (A.J.)
17. Atayde
18. Agarao
19. Zubiri
20. Cruz (R. JR.)
21. Suansing (M. A. B.)
22. Yap (C.)
23. Rodriguez ( E. R.)
24. Tan (K. M. D.L.)
25. Flores
26. De Lima
27. Salceda
28. Villanueva
29. Olivarez
30. Ridon
31. Dy (F.)
32. Marcos
33. Libanan
34. Rodriguez (R.B.)
35. Escudero
36. Alano
37. Agyao
38. Corvera
39. Garcia (K. H.)
40. Sagarbarria
41. Lumayag
42. Gatchalian
43. Daza
44. Diokno
45. Cendaña
46. Lopez
47. Bautista (J. M. G.)
48. Amante
49. Calderon
50. Amatong
51. San Fernando
52. Salvador
53. Vergara
54. Elago
55. Roman
56. Macapagal-Arroyo
57. Madrona
58. Recto (R. S.)
59. Briones
60. Teves
61. Roque
62. Abalos
63. Yap (A.)
64. Loria
65. Santos (M.A.S.)
66. Beltran
67. Hernandez (F. L.)
68. Espina
69. Celeste
70. Cagas
71. Ceniza
72. Dalog
73. Poe
74. Tolentino
75. Benitez (J.M.)
76. Cruz (A.)
77. Gomez
78. Pancho
79. Oducado
80. Momo
81. Baronda
82. Zamora (M.C.)
83. Arenas
84. Mendoza
85. Yu (J.K.)
86. Lagdameo (M. Y. M. Q.)
87. Tieng
88. Labadlabad
89. Gonzales (A.)
90. Tan (J. S.)
91. Ongchuan
92. Espares
93. Hernandez (C. A.)
94. Uy (R. JR.)
95. Dimaporo ( S. A. Q.)
96. Aquino-Magsaysay
97. Gonzales (A. M.)
98. Chan (J.)
99. Primicias-Agabas
100. Garin
101. Uy, (D. C. L.)
102. Pleyto
103. Villarica
104. Bautista-Lim
105. Dimacuha
106. Tiangco
107. Romualdo
108. Domogan
109. Mercado-Revilla
110. Rivera
111. Del Mar
112. Angeles
113. Legazpi
114. Marquez
115. Yu (J.V.)
116. Emano
117. Benitez (A.)
118. Rama
119. Adiong
120. Puno
121. Loyola
122. Singson-Meehan
123. Chua-Tai
Date Approved On Second Reading: 2026-03-11","Date Copy Distributed To Members: 2026-03-12
Date Approved By The House On Third Reading: 2026-03-16
Third Reading Title: AN ACT EXPANDING THE COVERAGE OF THE TERTIARY EDUCATION SUBSIDY, AMENDING FOR THE PURPOSE REPUBLIC ACT NO. 10931, OTHERWISE KNOWN AS THE ""UNIVERSAL ACCESS TO QUALITY TERTIARY EDUCATION ACT"", AND APPROPRIATING FUNDS THEREFOR
House Votes: YEAS:257 NAYS:3 ABSTAIN:0
Voting Details Per Member
(Legend:Y-Yes N-No A-Abstain X-Did Not Vote B-Absent D-N/A)
1. Y---Abalos
2. X---Abante
3. Y---Acidre
4. Y---Acop (P.C.)
5. D---Acop--(N/A)
6. Y---Acosta
7. Y---Adiong
8. Y---Advincula
9. Y---Agarao
10. Y---Agyao
11. Y---Alano
12. Y---Alba
13. Y---Albano
14. X---Almario (C.M.)
15. Y---Almario (D.)
16. Y---Almonte
17. Y---Alvarez (J.)
18. X---Alvarez (M.)
19. Y---Amante
20. Y---Amatong
21. Y---Ang
22. Y---Angara
23. Y---Angeles
24. X---Aquino
25. Y---Aquino-Magsaysay
26. Y---Arbison (M. N. JR.)
27. Y---Arbison (M. M.)
28. Y---Arenas
29. Y---Arrogancia
30. Y---Asistio
31. Y---Atayde
32. X---Aumentado
33. Y---Ayon
34. Y---Bag-ao
35. Y---Balindong
36. Y---Bañas-Nograles
37. Y---Bancoro
38. Y---Barba
39. Y---Barbers
40. Y---Baronda
41. D---Barzaga--(N/A)
42. Y---Bacsug
43. X---Bautista (C. P.)
44. Y---Bautista (J. M. G.)
45. X---Bautista-Lim
46. Y---Beltran
47. Y---Benitez (A.)
48. Y---Benitez (J.M.)
49. Y---Bernos (C.)
50. Y---Bernos (J.B.)
51. Y---Biron
52. X---Bocobo
53. Y---Bolilia
54. Y---Bondoc
55. Y---Briones
56. Y---Bulut-Begtang
57. Y---Cagas
58. Y---Calderon
59. Y---Calixto
60. Y---Caoagdan
61. Y---Cari
62. Y---Castro
63. Y---Cayton
64. Y---Celeste
65. Y---Cendaña
66. Y---Ceniza
67. X---Chan (J.)
68. X---Chan
69. Y---Chua
70. X---Chua-Tai
71. Y---Chungalao
72. D---Co ( E. S.)--(N/A)
73. N---Co (R. L. M.)
74. Y---Co-Pilar
75. Y---Cojuangco (J. E. M. D.)
76. Y---Cojuangco ( M. O.)
77. Y---Collantes
78. Y---Corvera
79. Y---Cruz (A.)
80. Y---Cruz (R. JR.)
81. Y---Cruzado
82. Y---Cua
83. Y---Dagooc
84. Y---Dalog
85. X---Dayanghirang
86. Y---Daza
87. Y---De Jesus
88. Y---De Lima
89. Y---De Venecia
90. Y---Defensor
91. Y---Degamo
92. Y---Del Mar
93. X---Delos Santos
94. Y---Dimacuha
95. Y---Dimaguila
96. Y---Dimaporo ( I. Q.)
97. Y---Dimaporo ( S. A. Q.)
98. Y---Diokno
99. Y---Dionisio
100. Y---Domingo
101. Y---Domogan
102. X---Duterte (H.J.)
103. X---Duterte (O.V.)
104. X---Duterte (P.)
105. Y---Dy (F.)
106. Y---Dy (F.M.C.)
107. X---Dy (I.P.)
108. N---Elago
109. Y---Emano
110. Y---Enverga
111. Y---Erice
112. Y---Escudero
113. Y---Espares
114. Y---Espina
115. Y---Estrella
116. Y---Ferrer (A. A.)
117. Y---Ferrer (J. )
118. X---Flores
119. Y---Fortes
120. X---Frasco
121. Y---Fresnedi
122. X---Fuentebella
123. Y---Galang
124. Y---Galeos
125. X---Garbin
126. Y---Garcia (A.)
127. Y---Garcia (D.)
128. Y---Garcia (J. A.)
129. Y---Garcia (K. H.)
130. X---Garcia (M. A.)
131. Y---Gardiola
132. Y---Garin
133. Y---Gatchalian
134. Y---Gato
135. Y---Glepa
136. Y---Go
137. Y---Gomez
138. Y---Gonzales (A.)
139. Y---Gonzales (A. M.)
140. Y---Gonzales (C. S.)
141. Y---Gonzales (R.)
142. Y---Gorriceta
143. Y---Guico
144. Y---Guintu
145. X---Gullas
146. Y---Gutierrez
147. Y---Hernandez (C. A.)
148. Y---Hernandez (D. L.)
149. Y---Hernandez (F. L.)
150. Y---Hernandez (R. L.)
151. Y---Hofer-Hasim
152. X---Horibata
153. Y---Ismula
154. Y---Iway
155. Y---Javier
156. Y---Kho
157. Y---Kho (E. T.)
158. Y---Kho (W. T.)
159. Y---Khonghun
160. Y---Ko
161. Y---Labadlabad
162. X---Lacson
163. Y---Lagbas
164. Y---Lagdameo (J. M. F.)
165. Y---Lagdameo (M. Y. M. Q.)
166. X---Lagman
167. Y---Lagon (D. A.)
168. Y---Lagon (S. L.)
169. Y---Lara
170. Y---Lazatin
171. Y---Ledesma
172. Y---Legacion
173. Y---Legarda
174. Y---Legazpi
175. D---Legazpi(K.)--(N/A)
176. X---Leviste
177. Y---Libanan
178. Y---Lopez
179. Y---Loria
180. Y---Loyola
181. Y---Luistro
182. Y---Lumayag
183. Y---Macapagal-Arroyo
184. Y---Macasaet
185. Y---Maceda
186. Y---Madrona
187. Y---Malapitan
188. Y---Mangudadatu
189. Y---Maniquiz
190. Y---Marañon
191. Y---Marcoleta
192. Y---Marcos
193. Y---Marquez
194. Y---Mastura
195. X---Matibag
196. Y---Matugas
197. X---Mendoza
198. Y---Mercado
199. Y---Mercado-Revilla
200. X---Miraflores
201. Y---Momo
202. Y---Montes
203. Y---Nava
204. Y---Nazal
205. X---Nisay
206. Y---Nolasco
207. Y---Oaminal (H. F.)
208. Y---Oaminal (S. F. F.)
209. Y---Oducado
210. Y---Olivarez
211. Y---Ongchuan
212. Y---Ordanes
213. Y---Oreta (A. A.)
214. Y---Ortega
215. X---Ouano-Dizon
216. X---Padiernos
217. Y---Panaligan
218. Y---Pancho
219. Y---Panotes
220. X---Pascual
221. Y---Perez
222. Y---Pimentel
223. Y---Plaza
224. X---Pleyto
225. Y---Poe
226. Y---Primicias-Agabas
227. Y---Pumaren
228. X---Puno
229. Y---Quimbo
230. X---Rama
231. Y---Recto (R. S.)
232. X---Regencia
233. Y---Remulla
234. Y---Revilla ( B. B.)
235. X---Revilla (R. J.)
236. Y---Ridon
237. Y---Rivera
238. Y---Robes
239. Y---Rodriguez ( E. R.)
240. Y---Rodriguez (M. B.)
241. Y---Rodriguez (R.B.)
242. Y---Roman
243. Y---Romualdez (A.J.)
244. Y---Romualdez (F.M.)
245. Y---Romualdez (Y.M.)
246. Y---Romualdo
247. Y---Romulo
248. Y---Roque
249. Y---Sagarbarria
250. Y---Sakaluran
251. Y---Salceda
252. X---Sali
253. Y---Salvacion
254. Y---Salvador
255. X---Salvame
256. Y---San Fernando
257. Y---Santos (M.A.S.)
258. Y---Santos (M.A.)
259. X---Shimura
260. Y---Singson ( R.)
261. Y---Singson (R. V.)
262. Y---Singson-Meehan
263. Y---Solon
264. Y---Soriano
265. Y---Suan
266. X---Suansing (B. V. B.)
267. Y---Suansing (M. A. B.)
268. Y---Suarez
269. Y---Suntay
270. Y---Tallado
271. X---Tan (A.)
272. Y---Tan (J. S.)
273. Y---Tan (K. M. D.L.)
274. X---Tan (R. M.T.)
275. X---Tan (S. A.)
276. X---Tan (S. J. T.)
277. Y---Tanchay
278. Y---Tanjuatco
279. Y---Tarriela
280. Y---Teodoro
281. Y---Tereng
282. Y---Teves
283. Y---Tiangco
284. Y---Tieng
285. N---Tinio
286. X---Tolentino
287. Y---Tuan
288. Y---Tulfo (J. P.)
289. Y---Tulfo (R. W. P.)
290. Y---Tupas
291. X---Tutor
292. X---Ty
293. Y---Umali
294. Y---Ungab
295. X---Uy, (D. C. L.)
296. Y---Uy (R. JR.)
297. Y---Valeriano
298. Y---Vargas
299. Y---Vargas-Alfonso
300. Y---Veloso
301. Y---Veloso-Tuazon
302. Y---Vergara
303. Y---Villa ( Z.)
304. X---Villafuerte (M. L. R.)
305. Y---Villafuerte (V. R. L. R.)
306. Y---Villanueva
307. X---Villarica
308. X---Violago
309. Y---Yamsuan
310. Y---Yap (A.)
311. X---Yap (C.)
312. D---Yap (EDVIC)--(N/A)
313. X---Yap (ERIC)
314. Y---Yap ( G.)
315. Y---Yatco
316. Y---Ynares
317. Y---Yu (J.V.)
318. Y---Yu (J.K.)
319. Y---Yulo
320. Y---Zamora (M.C.)
321. X---Zamora (Y.M.)
322. Y---Zubiri
Date Transmitted To The Senate: 2026-03-17
Actions Taken By The Senate/House
Date Received By The Senate: 2026-03-17
Conference Committee Information
Date Requested To Form A Conference Committee: 2026-05-13
Conference Committee Requested By: HOUSE
Date CC Request Received By The House: 2026-05-20
Date CC Request Received By The Senate: 2026-05-14
Date Agreed To Form A Conference Committee: 2026-05-13
Remarks: Printed copies were electronically distributed to members on March 12, 2026
Concom Members (House): Acidre, Romulo, Fresnedi, Solon, Veloso-Tuazon, Daza
Concom Members (Senate): Legarda, Villanueva, Cayetano, Villar (M), Aquino (P. B.)
Date House Agreed On Concom Report: 2026-06-03
Date CC Message Received By The Senate: 2026-06-08
Date Senate Agreed On Concom Report: 2026-06-17
Date CC Message Received By The House: 2026-06-17
Date Copies Of Enrolled Bill Received By The House: 2026-07-30
Date Signed Copies Of Enrolled Bill Received By The Senate: 2026-08-04
Actions Taken By The President
Date Transmitted To The President: 2026-08-04
Date Acted Upon By The President: 2026-09-04","Republic Act No.: RA12325
Origin: SENATE
Republic Act Title AN ACT ENHANCING THE UNIVERSAL ACCESS TO QUALITY TERTIARY EDUCATION ACT, AMENDING FOR THE PURPOSE REPUBLIC ACT NO. 10931, AND APPROPRIATING FUNDS THEREFOR"
"HB06832","Co-Authored Bills","AN ACT STRENGTHENING THE PROTECTION OF PATIENTS AGAINST HOSPITAL DETENTION ON GROUNDS OF NONPAYMENT OF HOSPITAL BILLS OR MEDICAL EXPENSES AND PROVIDING STIFFER PENALTIES FOR VIOLATIONS THEREOF, AMENDING FOR THE PURPOSE REPUBLIC ACT 9439 ENTITLED ""AN ACT PROHIBITING THE DETENTION OF PATIENTS IN HOSPITALS AND MEDICAL CLINICS ON GROUNDS OF NONPAYMENT OF HOSPITAL BILLS OR MEDICAL EXPENSES”","2025-12-15","National","1. ISMULA, DADAH KIRAM                                              2. DIOKNO, JOSE MANUEL TADEO ""Chel"" I.                                              3. CENDAÑA, PERCIVAL ""Perci""                                              4. BAG-AO, KAKA J.","2025-12-17","HEALTH","Substituted by HB10923","https://docs.congress.hrep.online/legisdocs/basic_20/hb06832.pdf","https://www.congress.gov.ph/bill/history?billno=HB06832&congress=20","1. Chua-Tai (000 2026-02-03)
2. Arrogancia (000 2026-02-11)
3. Arenas (000 2026-03-10)
4. Aquino-Magsaysay (000 2026-03-16)
5. Bancoro (000 2026-05-12)
6. Guintu (000 2026-06-17)","Referral To The Committee On: HEALTH On 2025-12-17","Mother Bill: HB10923
Co-Substituted Bills: HB00302, HB01138, HB07442, HB07476, HB08299, HB09785, HB09898, HB10135","","",""
"HB10923","Co-Authored Bills","AN ACT STRENGTHENING THE PROTECTION OF PATIENTS AGAINST HOSPITAL DETENTION ON GROUNDS OF NONPAYMENT OF HOSPITAL BILLS OR MEDICAL EXPENSES AND PROVIDING STIFFER PENALTIES FOR VIOLATIONS THEREOF, AMENDING FOR THE PURPOSE REPUBLIC ACT 9439 ENTITLED ""AN ACT PROHIBITING THE DETENTION OF PATIENTS IN HOSPITALS AND MEDICAL CLINICS ON GROUNDS OF NONPAYMENT OF HOSPITAL BILLS OR MEDICAL EXPENSES”","2025-12-15","National","1. ISMULA, DADAH KIRAM                                              2. DIOKNO, JOSE MANUEL TADEO ""Chel"" I.                                              3. CENDAÑA, PERCIVAL ""Perci""                                              4. BAG-AO, KAKA J.","2025-12-17","HEALTH","Substituted by HB10923","https://docs.congress.hrep.online/legisdocs/basic_20/hb10923.pdf","https://www.congress.gov.ph/bill/history?billno=HB10923&congress=20","","Referral To The Committee On: RULES On 2026-08-25
Date Included In OB: 2026-08-25
Date Recommitted: 2026-09-01
Remarks: Recommitted to the Committee on Health for perfecting amendments.","Committee Report No.: 00589
Submitted On: 2026-08-24
Submitted By: HEALTH
Recommendations: Recommending its approval in substitution of House Bills Numbered 302, 1138, 6832, 7442, 7476, 8299, 9785, 9898, and 10135
Substituted Bills: HB00302, HB01138, HB06832, HB07442, HB07476, HB08299, HB09785, HB09898, HB10135","","",""
"HB06835","Co-Authored Bills","AN ACT ESTABLISHING A NATIONAL HEALTH SERVICE OUTREACH PROGRAM FOR SENIOR CITIZENS AND INDIGENT PERSONS WITH FUNCTIONAL DISABILITIES, PROVIDING FOR INTERAGENCY AND LOCAL GOVERNMENT COORDINATION, AND PROVIDING FUNDS THEREFOR","2025-12-15","National","1. CENDAÑA, PERCIVAL ""Perci""                                              2. DIOKNO, JOSE MANUEL TADEO ""Chel"" I.                                              3. ISMULA, DADAH KIRAM                                              4. BAG-AO, KAKA J.","2025-12-17","HEALTH","Pending with the Committee on HEALTH since 2025-12-17","https://docs.congress.hrep.online/legisdocs/basic_20/hb06835.pdf","https://www.congress.gov.ph/bill/history?billno=HB06835&congress=20","1. Chua-Tai (000 2026-02-03)
2. Emano (000 2026-03-02)
3. Remulla (000 2026-03-04)","Referral To The Committee On: HEALTH On 2025-12-17","","","",""
"HB06839","Co-Authored Bills","AN ACT PROVIDING FOR THE DEVELOPMENT OF SUSTAINABLE CITIES AND COMMUNITIES IN THE COUNTRY, AND FOR OTHER PURPOSES","2025-12-15","National","1. BOCOBO, JORGE DANIEL S.","2025-12-17","HOUSING AND URBAN DEVELOPMENT","Tabled by the Committee on 2026-02-25","https://docs.congress.hrep.online/legisdocs/basic_20/hb06839.pdf","https://www.congress.gov.ph/bill/history?billno=HB06839&congress=20","1. Chua-Tai (000 2026-02-02)","Referral To The Committee On: HOUSING AND URBAN DEVELOPMENT On 2025-12-17","Committee Hearings/Actions:
1. Tabled by the Committee on 2026-02-25
-Already covered under HBN4757 which was approved by the House on 2025-10-13","","",""
"HB06840","Co-Authored Bills","AN ACT PROMOTING SUSTAINABLE AND ALTERNATIVE MODES OF TRANSPORTATION AND MOBILITY OPTIONS TO IMPROVE AIR QUALITY, INCREASE EFFICIENCY, REDUCE CONGESTION, AND PROMOTE PUBLIC HEALTH","2025-12-15","National","1. BOCOBO, JORGE DANIEL S.","2025-12-17","TRANSPORTATION","Pending with the Committee on TRANSPORTATION since 2025-12-17","https://docs.congress.hrep.online/legisdocs/basic_20/hb06840.pdf","https://www.congress.gov.ph/bill/history?billno=HB06840&congress=20","1. Chua-Tai (000 2026-02-02)","Referral To The Committee On: TRANSPORTATION On 2025-12-17","","","",""
"HB06841","Co-Authored Bills","AN ACT INSTITUTIONALIZING ACTIVE TRANSPORT BY ESTABLISHING A SAFE PATHWAYS NETWORK OF BICYCLE LANES, WALKWAYS AND SLOW STREETS, AND FOR OTHER PURPOSES","2025-12-15","National","1. BOCOBO, JORGE DANIEL S.","2025-12-17","TRANSPORTATION","Pending with the Committee on TRANSPORTATION since 2025-12-17","https://docs.congress.hrep.online/legisdocs/basic_20/hb06841.pdf","https://www.congress.gov.ph/bill/history?billno=HB06841&congress=20","1. Chua-Tai (000 2026-02-02)","Referral To The Committee On: TRANSPORTATION On 2025-12-17
Secondarily Referred To The Committee(s) On: SUSTAINABLE DEVELOPMENT GOALS","","","",""
"HB06842","Co-Authored Bills","AN ACT PROVIDING FOR FREE BIRTH REGISTRATION FOR INDIGENT AND UNDERPRIVILEGED FILIPINOS","2025-12-15","National","1. BOCOBO, JORGE DANIEL S.","2025-12-17","POPULATION AND FAMILY RELATIONS","Pending with the Committee on POPULATION AND FAMILY RELATIONS since 2025-12-17","https://docs.congress.hrep.online/legisdocs/basic_20/hb06842.pdf","https://www.congress.gov.ph/bill/history?billno=HB06842&congress=20","1. Chua-Tai (000 2026-02-02)
2. Cari (000 2026-05-26)","Referral To The Committee On: POPULATION AND FAMILY RELATIONS On 2025-12-17","","","",""
"HB06844","Co-Authored Bills","AN ACT CREATING A TRIPARTITE COUNCIL TO ADDRESS UNEMPLOYMENT, UNDEREMPLOYMENT, AND THE JOB-SKILLS MISMATCH PROBLEM IN THE COUNTRY, AND APPROPRIATING FUNDS THEREFOR","2025-12-15","National","1. CRUZ, RICARDO JR. S.","2025-12-17","LABOR AND EMPLOYMENT","Pending with the Committee on LABOR AND EMPLOYMENT since 2025-12-17","https://docs.congress.hrep.online/legisdocs/basic_20/hb06844.pdf","https://www.congress.gov.ph/bill/history?billno=HB06844&congress=20","1. Chua-Tai (000 2026-02-11)","Referral To The Committee On: LABOR AND EMPLOYMENT On 2025-12-17","","","",""
"HB06855","Co-Authored Bills","AN ACT STRENGTHENING THE TECHNICAL, VOCATIONAL AND LIVELIHOOD CURRICULUM FOR THE SENIOR HIGH SCHOOL AND APPROPRIATING FUNDS THEREFOR","2025-12-15","National","1. CRUZ, RICARDO JR. S.","2025-12-17","BASIC EDUCATION AND CULTURE","Pending with the Committee on BASIC EDUCATION AND CULTURE since 2025-12-17","https://docs.congress.hrep.online/legisdocs/basic_20/hb06855.pdf","https://www.congress.gov.ph/bill/history?billno=HB06855&congress=20","1. Chua-Tai (000 2026-02-11)","Referral To The Committee On: BASIC EDUCATION AND CULTURE On 2025-12-17","","","",""
"HB06873","Co-Authored Bills","AN ACT PROHIBITING DISCRIMINATION ON THE BASIS OF SEXUAL ORIENTATION, GENDER IDENTITY OR EXPRESSION, OR SEX CHARACTERISTICS AND PROVIDING PENALTIES THEREFOR","2025-12-15","National","1. YAP, CHRISTOPHERSON ""Coco"" M.","2025-12-17","WOMEN AND GENDER EQUALITY","Pending with the Committee on WOMEN AND GENDER EQUALITY since 2025-12-17","https://docs.congress.hrep.online/legisdocs/basic_20/hb06873.pdf","https://www.congress.gov.ph/bill/history?billno=HB06873&congress=20","1. Chua-Tai (000 2026-03-03)","Referral To The Committee On: WOMEN AND GENDER EQUALITY On 2025-12-17","","","",""
"HB06880","Co-Authored Bills","AN ACT DEFINING THE RIGHTS OF WOMEN DEPRIVED OF LIBERTY IN JAILS AND CORRECTIONAL FACILITIES AND PROVIDING FUNDS FOR THEIR ENFORCEMENT","2025-12-15","National","1. MONTES, IRIS MARIE DEMESA","2025-12-17","JUSTICE","Pending with the Committee on JUSTICE since 2025-12-17","https://docs.congress.hrep.online/legisdocs/basic_20/hb06880.pdf","https://www.congress.gov.ph/bill/history?billno=HB06880&congress=20","1. Chua-Tai (000 2026-02-02)","Referral To The Committee On: JUSTICE On 2025-12-17","","","",""
"HB06889","Co-Authored Bills","AN ACT TO INSTITUTE POLICIES AND SYSTEMS TO ADDRESS CLIMATE CHANGE, ESTABLISHING THE NECESSARY INSTITUTIONAL MECHANISMS FOR THE PROTECTION OF MOST VULNERABLE COMMUNITIES FROM LOSS AND DAMAGE IN THE COUNTRY, PROVIDING FOR CORPORATE AND STATE ACCOUNTABILITIES AND REPARATIONS FOR VIOLATION THEREOF, AND OTHER PURPOSES","2025-12-15","National","1. ARENAS, MARIA RACHEL J.","2025-12-17","CLIMATE CHANGE","Pending with the Committee on CLIMATE CHANGE since 2025-12-17","https://docs.congress.hrep.online/legisdocs/basic_20/hb06889.pdf","https://www.congress.gov.ph/bill/history?billno=HB06889&congress=20","1. Chua-Tai (000 2026-02-03)","Referral To The Committee On: CLIMATE CHANGE On 2025-12-17","","","",""
"HB06890","Co-Authored Bills","AN ACT PROMOTING INVESTMENTS IN LOW CARBON ECONOMY, ESTABLISHING FOR THIS PURPOSE A CARBON EMISSION PRICING FRAMEWORK AND IMPLEMENTATION MECHANISM TO ACHIEVE LOW CARBON AND CLIMATE-RESILIENT ECONOMIC DEVELOPMENT","2025-12-15","National","1. ARENAS, MARIA RACHEL J.","2025-12-17","CLIMATE CHANGE","Pending with the Committee on CLIMATE CHANGE since 2025-12-17","https://docs.congress.hrep.online/legisdocs/basic_20/hb06890.pdf","https://www.congress.gov.ph/bill/history?billno=HB06890&congress=20","1. Chua-Tai (000 2026-02-03)","Referral To The Committee On: CLIMATE CHANGE On 2025-12-17","","","",""
"HB06903","Co-Authored Bills","AN ACT MANDATING THE FULL DISCLOSURE OF GOVERNMENT TRANSACTIONS THROUGH THE ESTABLISHMENT OF A DIGITAL BUDGET PORTAL TO ENHANCE TRANSPARENCY, ACCOUNTABILITY, AND PUBLIC PARTICIPATION IN THE PHILIPPINE BUDGET PROCESS","2025-12-16","National","1. POE, BRIAN","2025-12-22","INFORMATION AND COMMUNICATIONS TECHNOLOGY","Pending with the Committee on INFORMATION AND COMMUNICATIONS TECHNOLOGY since 2026-03-18","https://docs.congress.hrep.online/legisdocs/basic_20/hb06903.pdf","https://www.congress.gov.ph/bill/history?billno=HB06903&congress=20","1. Chua-Tai (000 2026-02-11)
2. Rama (000 2026-02-25)","Referral To The Committee On: INFORMATION AND COMMUNICATIONS TECHNOLOGY On 2026-03-18
Previous Committee Referrals: PRIMARILY REFERRED TO APPROPRIATIONS on 2025-12-22","","","",""
"HB06915","Co-Authored Bills","AN ACT ESTABLISHING THE PHILIPPINE ELECTRONIC HEALTH OR eHEALTH SYSTEM AND SERVICES IN SUPPORT OF UNIVERSAL HEALTH CARE, AND APPROPRIATING FUNDS THEREFOR","2025-12-17","National","1. YAP, CHRISTOPHERSON ""Coco"" M.","2025-12-22","HEALTH","Pending with the Committee on HEALTH since 2025-12-22","https://docs.congress.hrep.online/legisdocs/basic_20/hb06915.pdf","https://www.congress.gov.ph/bill/history?billno=HB06915&congress=20","1. Chua-Tai (000 2026-03-03)","Referral To The Committee On: HEALTH On 2025-12-22","","","",""
"HB06920","Co-Authored Bills","AN ACT ESTABLISHING A REGULATORY FRAMEWORK FOR A ROBUST, RELIABLE, AND TRUSTWORTHY DEVELOPMENT, APPLICATION, AND USE OF ARTIFICIAL INTELLIGENCE SYSTEMS, CREATING THE PHILIPPINE COUNCIL ON ARTIFICIAL INTELLIGENCE, DELINEATING THE ROLES OF VARIOUS GOVERNMENT AGENCIES, DEFINING AND PENALIZING CERTAIN PROHIBITED ACTS","2025-12-17","National","1. YAP, CHRISTOPHERSON ""Coco"" M.","2025-12-22","INFORMATION AND COMMUNICATIONS TECHNOLOGY","Pending with the Committee on INFORMATION AND COMMUNICATIONS TECHNOLOGY since 2025-12-22","https://docs.congress.hrep.online/legisdocs/basic_20/hb06920.pdf","https://www.congress.gov.ph/bill/history?billno=HB06920&congress=20","1. Chua-Tai (000 2026-03-03)
2. Cari (000 2026-06-03)","Referral To The Committee On: INFORMATION AND COMMUNICATIONS TECHNOLOGY On 2025-12-22","","","",""
"HB06922","Co-Authored Bills","AN ACT ENHANCING THE NATIONAL SHELTER PROGRAM, REVITALIZING AND STRENGTHENING THE HOUSING FINANCE ECOSYSTEM, APPROPRIATING FUNDS THEREFOR","2025-12-17","National","1. YAP, CHRISTOPHERSON ""Coco"" M.","2025-12-22","HOUSING AND URBAN DEVELOPMENT","Pending with the Committee on HOUSING AND URBAN DEVELOPMENT since 2025-12-22","https://docs.congress.hrep.online/legisdocs/basic_20/hb06922.pdf","https://www.congress.gov.ph/bill/history?billno=HB06922&congress=20","1. Chua-Tai (000 2026-03-03)","Referral To The Committee On: HOUSING AND URBAN DEVELOPMENT On 2025-12-22","","","",""
"HB06928","Co-Authored Bills","AN ACT DECLARING ALL EDUCATIONAL INSTITUTIONS AS WEAPON-FREE ZONES AND PROVIDING PENALTIES FOR VIOLATION THEREOF","2025-12-17","National","1. VERGARA, JULIUS CESAR ""Jay"" V.","2025-12-22","BASIC EDUCATION AND CULTURE","Pending with the Committee on BASIC EDUCATION AND CULTURE since 2025-12-22","https://docs.congress.hrep.online/legisdocs/basic_20/hb06928.pdf","https://www.congress.gov.ph/bill/history?billno=HB06928&congress=20","1. Chua-Tai (000 2026-02-09)","Referral To The Committee On: BASIC EDUCATION AND CULTURE On 2025-12-22
Secondarily Referred To The Committee(s) On: HIGHER AND TECHNICAL EDUCATION","","","",""
"HB06934","Co-Authored Bills","AN ACT ESTABLISHING A PROGRAM FOR FREE AND DISCOUNTED REVIEW CENTER SERVICES, REVIEW-NOW-PAY-LATER PROGRAMS FOR CIVIL SERVICE EXAMINATIONS, AND ENCOURAGING PUBLIC-PRIVATE PARTNERSHIPS WITH REVIEW CENTERS","2025-12-17","National","1. SUAN, LORDAN G.","2025-12-22","CIVIL SERVICE AND PROFESSIONAL REGULATION","Pending with the Committee on CIVIL SERVICE AND PROFESSIONAL REGULATION since 2025-12-22","https://docs.congress.hrep.online/legisdocs/basic_20/hb06934.pdf","https://www.congress.gov.ph/bill/history?billno=HB06934&congress=20","1. Chua-Tai (000 2026-02-19)","Referral To The Committee On: CIVIL SERVICE AND PROFESSIONAL REGULATION On 2025-12-22","","","",""
"HB06945","Co-Authored Bills","AN ACT INTEGRATING CLIMATE CHANGE, ENVIRONMENTAL PROTECTION, AND DISASTER PREPAREDNESS AND RESPONSE INTO THE CURRICULUM OF THE ENHANCED BASIC EDUCATION PROGRAM","2025-12-17","National","1. LORIA, CARLOS ANDES","2025-12-22","BASIC EDUCATION AND CULTURE","Pending with the Committee on BASIC EDUCATION AND CULTURE since 2025-12-22","https://docs.congress.hrep.online/legisdocs/basic_20/hb06945.pdf","https://www.congress.gov.ph/bill/history?billno=HB06945&congress=20","1. Chua-Tai (000 2026-02-04)
2. Puno (000 2026-02-18)","Referral To The Committee On: BASIC EDUCATION AND CULTURE On 2025-12-22","","","",""
"HB06960","Co-Authored Bills","AN ACT GRANTING CIVIL SERVICE ELIGIBILITY TO CASUAL OR CONTRACTUAL EMPLOYEES OF THE GOVERNMENT WHO HAVE RENDERED AT LEAST FIVE (5) YEARS OF CONTINUOUS EFFICIENT SERVICE","2025-12-17","National","1. ODUCADO, NATHANIEL M.","2025-12-22","CIVIL SERVICE AND PROFESSIONAL REGULATION","Pending with the Committee on CIVIL SERVICE AND PROFESSIONAL REGULATION since 2025-12-22","https://docs.congress.hrep.online/legisdocs/basic_20/hb06960.pdf","https://www.congress.gov.ph/bill/history?billno=HB06960&congress=20","(Journal Entries)
1. Chua-Tai (000 2026-02-11)
2. Hernandez (C. A.) (000 2026-03-18)","Referral To The Committee On: CIVIL SERVICE AND PROFESSIONAL REGULATION On 2025-12-22","","","",""
"HB07395","Co-Authored Bills","AN ACT ESTABLISHING THE AGRICULTURE INFORMATION SYSTEM IN ALL CITIES AND MUNICIPALITIES","2026-01-27","National","1. YAP, ERIC GO                                              2. YAP, EDVIC G.","2026-02-02","AGRICULTURE AND FOOD","Pending with the Committee on AGRICULTURE AND FOOD since 2026-02-02","https://docs.congress.hrep.online/legisdocs/basic_20/hb07395.pdf","https://www.congress.gov.ph/bill/history?billno=HB07395&congress=20","(Journal Entries)
1. Chua-Tai (000 2026-03-18)","Referral To The Committee On: AGRICULTURE AND FOOD On 2026-02-02","","","",""
"HB07406","Co-Authored Bills","AN ACT PROVIDING FOR THE ESTABLISHMENT OF EVACUATION CENTERS IN EVERY CITY AND MUNICIPALITY, AND APPROPRIATING FUNDS THEREFOR","2026-01-27","National","1. YAP, ERIC GO                                              2. YAP, EDVIC G.","2026-02-02","DISASTER RESILIENCE","Pending with the Committee on DISASTER RESILIENCE since 2026-02-02","https://docs.congress.hrep.online/legisdocs/basic_20/hb07406.pdf","https://www.congress.gov.ph/bill/history?billno=HB07406&congress=20","(Journal Entries)
1. Olivarez (000 2026-03-18)
2. Chua-Tai (000 2026-03-18)","Referral To The Committee On: DISASTER RESILIENCE On 2026-02-02","","","",""
"HB07412","Co-Authored Bills","AN ACT INSTITUTING A “TOILET PARITY POLICY” AT CROWDED PUBLIC PLACES, SUCH AS MALLS, SCHOOLS, STADIUMS, CONVENTION CENTERS, PUBLIC PARKS, TRANSPORTATION HUBS, AND OTHER SIMILAR ESTABLISHMENTS","2026-01-27","National","1. FORTES, WOWO","2026-02-02","WOMEN AND GENDER EQUALITY","Pending with the Committee on WOMEN AND GENDER EQUALITY since 2026-02-02","https://docs.congress.hrep.online/legisdocs/basic_20/hb07412.pdf","https://www.congress.gov.ph/bill/history?billno=HB07412&congress=20","(Journal Entries)
1. Olivarez (000 2026-02-25)
2. Chua-Tai (000 2026-03-11)","Referral To The Committee On: WOMEN AND GENDER EQUALITY On 2026-02-02","","","",""
"HB07414","Co-Authored Bills","AN ACT PROVIDING FOR PROTECTION OF THE REMITTANCES OF OVERSEAS FILIPINO WORKERS","2026-01-27","National","1. LAGBAS, ATTY. JENNIFER ""Karen""  A.","2026-02-02","OVERSEAS WORKERS AFFAIRS","Pending with the Committee on OVERSEAS WORKERS AFFAIRS since 2026-02-02","https://docs.congress.hrep.online/legisdocs/basic_20/hb07414.pdf","https://www.congress.gov.ph/bill/history?billno=HB07414&congress=20","1. Chua-Tai (000 2026-03-02)
2. Olivarez (000 2026-03-11)","Referral To The Committee On: OVERSEAS WORKERS AFFAIRS On 2026-02-02","","","",""
"HB07417","Co-Authored Bills","AN ACT PROVIDING INDIGENT JOB SEEKERS, DISCOUNTED OR WAIVED FEES AND CHARGES IN THE ISSUANCE OF CERTAIN PRE-EMPLOYMENT DOCUMENTS ISSUED BY GOVERNMENT AGENCIES","2026-01-27","National","1. LAGBAS, ATTY. JENNIFER ""Karen""  A.","2026-02-02","POVERTY ALLEVIATION","Substituted by HB08413","https://docs.congress.hrep.online/legisdocs/basic_20/hb07417.pdf","https://www.congress.gov.ph/bill/history?billno=HB07417&congress=20","1. Chua-Tai (000 2026-03-02)
2. Olivarez (000 2026-03-11)","Referral To The Committee On: POVERTY ALLEVIATION On 2026-02-02","Mother Bill: HB08413
Co-Substituted Bills: HB00038, HB00282, HB00454, HB00677, HB00968, HB01389, HB01515, HB02068, HB02573, HB03324, HB03740, HB04685, HB05384","","",""
"HB08413","Co-Authored Bills","AN ACT PROVIDING INDIGENT JOB SEEKERS, DISCOUNTED OR WAIVED FEES AND CHARGES IN THE ISSUANCE OF CERTAIN PRE-EMPLOYMENT DOCUMENTS ISSUED BY GOVERNMENT AGENCIES","2026-01-27","National","1. LAGBAS, ATTY. JENNIFER ""Karen""  A.","2026-02-02","POVERTY ALLEVIATION","Substituted by HB08413","https://docs.congress.hrep.online/legisdocs/basic_20/hb08413.pdf","https://www.congress.gov.ph/bill/history?billno=HB08413&congress=20","1. Olivarez (000 2026-03-11)
2. Chua (000 2026-04-22)
3. Collantes (000 2026-05-11)
4. Poe (000 2026-05-12)
5. Galeos (000 2026-06-03)
6. Cruz (A.) (000 2026-08-17)
7. Cagas (000 2026-09-03)
8. Gardiola (000 2026-09-16)","Referral To The Committee On: RULES On 2026-03-10
Date Included In OB: 2026-03-10
Date Recommitted: 2026-05-13
Remarks: Recommitted to the Committee on Poverty Alleviation on May 13, 2026","Committee Report No.: 00145
Submitted On: 2026-03-10
Submitted By: POVERTY ALLEVIATION
Recommendations: Recommending its approval in substitution of House Bills Numbered 38, 282, 454, 677, 968, 1389, 1515, 2068, 2573, 3324, 3740, 4685, 5384, and 7417
Substituted Bills: HB00038, HB00282, HB00454, HB00677, HB00968, HB01389, HB01515, HB02068, HB02573, HB03324, HB03740, HB04685, HB05384, HB07417","","",""
"HB07418","Co-Authored Bills","AN ACT PROVIDING FOR A NATIONAL POLICY IN PREVENTING ADOLESCENT PREGNANCIES, INSTITUTIONALIZING SOCIAL PROTECTION FOR ADOLESCENT PARENTS","2026-01-27","National","1. LAGBAS, ATTY. JENNIFER ""Karen""  A.","2026-02-02","YOUTH AND SPORTS DEVELOPMENT","Deliberated upon by the Mother Committee on 2026-03-17","https://docs.congress.hrep.online/legisdocs/basic_20/hb07418.pdf","https://www.congress.gov.ph/bill/history?billno=HB07418&congress=20","1. Chua-Tai (000 2026-03-02)
2. Olivarez (000 2026-03-11)","Referral To The Committee On: YOUTH AND SPORTS DEVELOPMENT On 2026-02-02","Committee Hearings/Actions:
1. Deliberated upon by the Mother Committee on 2026-03-17
-For further Committee deliberation, and adopted House Bill No. 2500 as the working draft.
-Deliberation on House Bills Seeking to Provide for a National Policy in Preventing Adolescent Pregnancies (House Bills Numbered 654, 1212, 1301, 2238, 2500, 3988, 4115, 4783, 5410,5692, 6102, 6157, 6356, 7215, 7376, 7418, 7747, and Privilege Speech No. 48)","","",""
"HB07422","Co-Authored Bills","AN ACT MODERNIZING PUBLIC LIBRARIES AND BARANGAY READING CENTERS AS COMMUNITY LEARNING SPACES, AMENDING FOR THE PURPOSE REPUBLIC ACT NO. 7743, OTHERWISE KNOWN AS “AN ACT PROVIDING FOR THE ESTABLISHMENT OF CONGRESSIONAL, CITY, AND MUNICIPAL LIBRARIES, AND BARANGAY READING CENTERS THROUGHOUT THE PHILIPPINES, APPROPRIATING THE NECESSARY FUNDS THEREFOR AND FOR OTHER PURPOSES”, AND FOR OTHER PURPOSES","2026-01-27","National","1. LEGARDA, ANTONIO JR. B.","2026-02-02","BASIC EDUCATION AND CULTURE","Pending with the Committee on BASIC EDUCATION AND CULTURE since 2026-02-02","https://docs.congress.hrep.online/legisdocs/basic_20/hb07422.pdf","https://www.congress.gov.ph/bill/history?billno=HB07422&congress=20","1. Chua-Tai (000 2026-03-02)
2. Olivarez (000 2026-03-02)","Referral To The Committee On: BASIC EDUCATION AND CULTURE On 2026-02-02","","","",""
"HB07425","Co-Authored Bills","AN ACT INTEGRATING BASIC SANITATION AND PERSONAL HYGIENE PRACTICES IN THE CURRICULUM OF THE ENHANCED BASIC EDUCATION (K-12) PROGRAM AND APPROPRIATING FUNDS THEREFOR","2026-01-27","National","1. LEGARDA, ANTONIO JR. B.","2026-02-02","BASIC EDUCATION AND CULTURE","Pending with the Committee on BASIC EDUCATION AND CULTURE since 2026-02-02","https://docs.congress.hrep.online/legisdocs/basic_20/hb07425.pdf","https://www.congress.gov.ph/bill/history?billno=HB07425&congress=20","1. Del Mar (000 2026-02-09)
2. Chua-Tai (000 2026-03-02)","Referral To The Committee On: BASIC EDUCATION AND CULTURE On 2026-02-02","","","",""
"HB07432","Co-Authored Bills","AN ACT MANDATING A “NO WORK, NO PAY” COMPENSATION SCHEME FOR MEMBERS OF CONGRESS AND FOR OTHER PURPOSES","2026-01-27","National","1. MARCOS, FERDINAND ALEXANDER A.","2026-02-02","CIVIL SERVICE AND PROFESSIONAL REGULATION","Pending with the Committee on CIVIL SERVICE AND PROFESSIONAL REGULATION since 2026-02-03","https://docs.congress.hrep.online/legisdocs/basic_20/hb07432.pdf","https://www.congress.gov.ph/bill/history?billno=HB07432&congress=20","1. Oducado (000 2026-02-05)
2. Poe (000 2026-02-03)
3. Tiangco (000 2026-02-03)
4. San Fernando (000 2026-02-03)
5. Ceniza (000 2026-02-04)
6. Benitez (J.M.) (000 2026-02-11)
7. Tulfo (R. W. P.) (000 2026-02-11)
8. De Lima (000 2026-02-09)
9. Adiong (000 2026-02-18)
10. Aquino (000 2026-02-18)
11. Asistio (000 2026-02-18)
12. Balindong (000 2026-02-18)
13. Cagas (000 2026-02-18)
14. Castro (000 2026-02-18)
15. Alba (000 2026-02-18)
16. Arenas (000 2026-02-18)
17. Aumentado (000 2026-02-18)
18. Baronda (000 2026-02-18)
19. Calixto (000 2026-02-18)
20. Corvera (000 2026-02-18)
21. Degamo (000 2026-02-18)
22. Dionisio (000 2026-02-18)
23. Espina (000 2026-02-18)
24. Galang (000 2026-02-18)
25. Garcia (D.) (000 2026-02-18)
26. Gonzales (A. M.) (000 2026-02-18)
27. Guico (000 2026-02-18)
28. Kho (E. T.) (000 2026-02-18)
29. Cruz (A.) (000 2026-02-18)
30. Dimaporo ( S. A. Q.) (000 2026-02-18)
31. Domogan (000 2026-02-18)
32. Flores (000 2026-02-18)
33. Galeos (000 2026-02-18)
34. Garin (000 2026-02-18)
35. Gorriceta (000 2026-02-18)
36. Kho (000 2026-02-18)
37. Kho (W. T.) (000 2026-02-18)
38. Khonghun (000 2026-02-18)
39. Lara (000 2026-02-18)
40. Matugas (000 2026-02-18)
41. Panaligan (000 2026-02-18)
42. Pleyto (000 2026-02-18)
43. Rama (000 2026-02-18)
44. Roman (000 2026-02-18)
45. Romualdo (000 2026-02-18)
46. Sakaluran (000 2026-02-18)
47. Labadlabad (000 2026-02-18)
48. Ortega (000 2026-02-18)
49. Pascual (000 2026-02-18)
50. Primicias-Agabas (000 2026-02-18)
51. Revilla (R. J.) (000 2026-02-18)
52. Romualdez (F.M.) (000 2026-02-18)
53. Sagarbarria (000 2026-02-18)
54. Salceda (000 2026-02-18)
55. Salvacion (000 2026-02-18)
56. Solon (000 2026-02-18)
57. Suarez (000 2026-02-18)
58. Tieng (000 2026-02-18)
59. Tupas (000 2026-02-18)
60. Uy (R. JR.) (000 2026-02-18)
61. Vargas (000 2026-02-18)
62. Yap (ERIC) (000 2026-02-18)
63. Yu (J.K.) (000 2026-02-18)
64. Santos (M.A.S.) (000 2026-02-18)
65. Suan (000 2026-02-18)
66. Tan (J. S.) (000 2026-02-18)
67. Tuan (000 2026-02-18)
68. Uy, (D. C. L.) (000 2026-02-18)
69. Vargas-Alfonso (000 2026-02-18)
70. Villa ( Z.) (000 2026-02-18)
71. Yu (J.V.) (000 2026-02-18)
72. Yulo (000 2026-02-18)
73. Dayanghirang (000 2026-02-18)
74. Panotes (000 2026-02-18)
75. Cua (000 2026-02-18)
76. Chua (000 2026-02-18)
77. Yap (C.) (000 2026-02-18)
78. Nolasco (000 2026-02-18)
79. Luistro (000 2026-02-18)
80. Gullas (000 2026-02-18)
81. Arbison (M. M.) (000 2026-02-18)
82. Regencia (000 2026-02-18)
83. Cari (000 2026-02-18)
84. Lagon (D. A.) (000 2026-02-18)
85. Bernos (J.B.) (000 2026-02-18)
86. Maniquiz (000 2026-02-18)
87. Oaminal (S. F. F.) (000 2026-02-18)
88. Mercado-Revilla (000 2026-02-18)
89. Dy (F.M.C.) (000 2026-02-18)
90. Alano (000 2026-02-18)
91. Mangudadatu (000 2026-02-18)
92. Tarriela (000 2026-02-18)
93. Zamora (M.C.) (000 2026-02-18)
94. Gomez (000 2026-02-18)
95. Hernandez (F. L.) (000 2026-02-18)
96. Matibag (000 2026-02-18)
97. Rodriguez ( E. R.) (000 2026-02-18)
98. Suansing (B. V. B.) (000 2026-02-18)
99. Lumayag (000 2026-02-18)
100. Hofer-Hasim (000 2026-02-18)
101. Dimaporo ( I. Q.) (000 2026-02-18)
102. Angeles (000 2026-02-18)
103. Villarica (000 2026-02-18)
104. Chan (000 2026-02-18)
105. Lagdameo (J. M. F.) (000 2026-02-18)
106. Benitez (A.) (000 2026-02-18)
107. Hernandez (C. A.) (000 2026-02-18)
108. Agarao (000 2026-02-18)
109. Gonzales (R.) (000 2026-02-18)
110. Lazatin (000 2026-02-18)
111. Chua-Tai (000 2026-02-18)
112. Pimentel (000 2026-02-18)
113. Agyao (000 2026-02-18)
114. Dimaguila (000 2026-02-18)
115. Mercado (000 2026-02-18)
116. Salvador (000 2026-02-18)
117. Cruzado (000 2026-02-18)
118. De Venecia (000 2026-02-18)
119. Macapagal-Arroyo (000 2026-02-18)
120. Mastura (000 2026-02-18)
121. Tan (R. M.T.) (000 2026-02-18)
122. Tan (S. A.) (000 2026-02-18)
123. Violago (000 2026-02-18)
124. Zamora (Y.M.) (000 2026-02-18)
125. Ang (000 2026-02-18)","Referral To The Committee On: CIVIL SERVICE AND PROFESSIONAL REGULATION On 2026-02-03
Previous Committee Referrals: PRIMARILY REFERRED TO APPROPRIATIONS on 2026-02-02","","","",""
"HB07443","Co-Authored Bills","AN ACT ABOLISHING THE TRAVEL TAX","2026-01-27","National","1. MARCOS, FERDINAND ALEXANDER A.","2026-02-02","TOURISM","Substituted by HB08464","https://docs.congress.hrep.online/legisdocs/basic_20/hb07443.pdf","https://www.congress.gov.ph/bill/history?billno=HB07443&congress=20","1. Zamora (Y.M.) (000 2026-02-04)
2. Emano (000 2026-02-05)
3. Poe (000 2026-02-05)
4. Daza (000 2026-02-04)
5. San Fernando (000 2026-02-04)
6. Revilla ( B. B.) (000 2026-02-04)
7. Momo (000 2026-02-04)
8. Ceniza (000 2026-02-04)
9. Acosta (000 2026-02-18)
10. Albano (000 2026-02-18)
11. Atayde (000 2026-02-18)
12. Beltran (000 2026-02-18)
13. Cari (000 2026-02-18)
14. Cayton (000 2026-02-18)
15. Garin (000 2026-02-18)
16. Legarda (000 2026-02-18)
17. Marquez (000 2026-02-18)
18. Recto (R. S.) (000 2026-02-18)
19. Remulla (000 2026-02-18)
20. Sakaluran (000 2026-02-18)
21. Tiangco (000 2026-02-18)
22. Veloso (000 2026-02-18)
23. Co-Pilar (000 2026-02-18)
24. De Lima (000 2026-02-18)
25. Tulfo (R. W. P.) (000 2026-02-18)
26. Mercado-Revilla (000 2026-02-18)
27. Alano (000 2026-02-18)
28. Mangudadatu (000 2026-02-18)
29. Tarriela (000 2026-02-18)
30. Zamora (M.C.) (000 2026-02-18)
31. Gomez (000 2026-02-18)
32. Hernandez (F. L.) (000 2026-02-18)
33. Matibag (000 2026-02-18)
34. Rodriguez ( E. R.) (000 2026-02-18)
35. Suansing (B. V. B.) (000 2026-02-18)
36. Lumayag (000 2026-02-18)
37. Hofer-Hasim (000 2026-02-18)
38. Dimaporo ( I. Q.) (000 2026-02-18)
39. Angeles (000 2026-02-18)
40. Villarica (000 2026-02-18)
41. Chan (000 2026-02-18)
42. Lagdameo (J. M. F.) (000 2026-02-18)
43. Benitez (A.) (000 2026-02-18)
44. Hernandez (C. A.) (000 2026-02-18)
45. Agarao (000 2026-02-18)
46. Gonzales (R.) (000 2026-02-18)
47. Lazatin (000 2026-02-18)
48. Chua-Tai (000 2026-02-18)
49. Pimentel (000 2026-02-18)
50. Agyao (000 2026-02-18)
51. Dimaguila (000 2026-02-18)
52. Mercado (000 2026-02-18)
53. Salvador (000 2026-02-18)
54. Ongchuan (000 2026-02-18)
55. Adiong (000 2026-02-18)
56. Alba (000 2026-02-18)
57. Aquino (000 2026-02-18)
58. Arbison (M. M.) (000 2026-02-18)
59. Arenas (000 2026-02-18)
60. Asistio (000 2026-02-18)
61. Aumentado (000 2026-02-18)
62. Balindong (000 2026-02-18)
63. Baronda (000 2026-02-18)
64. Bernos (J.B.) (000 2026-02-18)
65. Cagas (000 2026-02-18)
66. Calixto (000 2026-02-18)
67. Castro (000 2026-02-18)
68. Chua (000 2026-02-18)
69. Corvera (000 2026-02-18)
70. Cruz (A.) (000 2026-02-18)
71. Cruzado (000 2026-02-18)
72. Cua (000 2026-02-18)
73. Dayanghirang (000 2026-02-18)
74. De Venecia (000 2026-02-18)
75. Degamo (000 2026-02-18)
76. Dimaporo ( S. A. Q.) (000 2026-02-18)
77. Dionisio (000 2026-02-18)
78. Domogan (000 2026-02-18)
79. Espina (000 2026-02-18)
80. Flores (000 2026-02-18)
81. Galang (000 2026-02-18)
82. Galeos (000 2026-02-18)
83. Garcia (D.) (000 2026-02-18)
84. Gonzales (A. M.) (000 2026-02-18)
85. Gorriceta (000 2026-02-18)
86. Guico (000 2026-02-18)
87. Gullas (000 2026-02-18)
88. Kho (000 2026-02-18)
89. Kho (E. T.) (000 2026-02-18)
90. Kho (W. T.) (000 2026-02-18)
91. Khonghun (000 2026-02-18)
92. Labadlabad (000 2026-02-18)
93. Lagon (D. A.) (000 2026-02-18)
94. Lara (000 2026-02-18)
95. Luistro (000 2026-02-18)
96. Maniquiz (000 2026-02-18)
97. Macapagal-Arroyo (000 2026-02-18)
98. Mastura (000 2026-02-18)
99. Matugas (000 2026-02-18)
100. Nolasco (000 2026-02-18)
101. Oaminal (H. F.) (000 2026-02-18)
102. Ortega (000 2026-02-18)
103. Panaligan (000 2026-02-18)
104. Panotes (000 2026-02-18)
105. Pascual (000 2026-02-18)
106. Pleyto (000 2026-02-18)
107. Primicias-Agabas (000 2026-02-18)
108. Rama (000 2026-02-18)
109. Regencia (000 2026-02-18)
110. Revilla (R. J.) (000 2026-02-18)
111. Roman (000 2026-02-18)
112. Romualdez (F.M.) (000 2026-02-18)
113. Romualdo (000 2026-02-18)
114. Sagarbarria (000 2026-02-18)
115. Salceda (000 2026-02-18)
116. Salvacion (000 2026-02-18)
117. Santos (M.A.S.) (000 2026-02-18)
118. Solon (000 2026-02-18)
119. Suan (000 2026-02-18)
120. Suarez (000 2026-02-18)
121. Tan (J. S.) (000 2026-02-18)
122. Tan (R. M.T.) (000 2026-02-18)
123. Tan (S. A.) (000 2026-02-18)
124. Tieng (000 2026-02-18)
125. Tuan (000 2026-02-18)
126. Tupas (000 2026-02-18)
127. Uy, (D. C. L.) (000 2026-02-18)
128. Uy (R. JR.) (000 2026-02-18)
129. Vargas-Alfonso (000 2026-02-18)
130. Vargas (000 2026-02-18)
131. Villanueva (000 2026-02-18)
132. Violago (000 2026-02-18)
133. Yap (C.) (000 2026-02-18)
134. Yap (ERIC) (000 2026-02-18)
135. Yu (J.V.) (000 2026-02-18)
136. Yu (J.K.) (000 2026-02-18)
137. Yulo (000 2026-02-18)
138. Hernandez (D. L.) (000 2026-02-18)
139. Aquino-Magsaysay (000 2026-02-18)
140. Ang (000 2026-02-18)
141. Vergara (000 2026-02-24)
142. Amante (000 2026-02-24)
143. Bañas-Nograles (000 2026-02-24)
144. Arbison (M. N. JR.) (000 2026-02-24)
145. Chan (J.) (000 2026-03-12)
146. Bulut-Begtang (000 2026-03-12)
147. Yatco (000 2026-03-12)
148. Del Mar (000 2023-03-10)
149. Pumaren (000 2026-03-16)","Referral To The Committee On: TOURISM On 2026-02-02","Mother Bill: HB08464
Co-Substituted Bills: HB00150, HB03529, HB03890, HB04793, HB05821, HB06228, HB06979, HB07155, HB07307, HB07367, HB07612, HB07631, HB07695, HB07703, HB07757, HB07758","","",""
"HB08464","Co-Authored Bills","AN ACT ABOLISHING THE TRAVEL TAX","2026-01-27","National","1. MARCOS, FERDINAND ALEXANDER A.","2026-02-02","TOURISM","Substituted by HB08464","https://docs.congress.hrep.online/legisdocs/basic_20/hb08464.pdf","https://www.congress.gov.ph/bill/history?billno=HB08464&congress=20","1. Veloso-Tuazon (000 2026-03-11)
2. Garin (000 2026-03-12)
3. Primicias-Agabas (000 2026-03-12)
4. Dionisio (000 2026-03-12)
5. Gutierrez (000 2026-03-12)
6. Ortega (000 2026-03-12)
7. Khonghun (000 2026-03-12)
8. Adiong (000 2026-03-12)
9. Salceda (000 2026-03-16)
10. Robes (000 2026-03-16)
11. Tolentino (000 2026-03-16)
12. Singson-Meehan (000 2026-03-16)
13. Arenas (000 2026-03-17)
14. Vargas (000 2026-03-17)
15. Abante (000 2026-03-13)
16. Javier (000 2026-03-16)
17. Legacion (000 2026-03-17)
Author/s (Final/Third Reading)
1. Marcos
2. Dy (F.)
3. Rama
4. Tolentino
5. Yap (ERIC)
6. Marcoleta
7. Olivarez
8. Cruz (R. JR.)
9. Bocobo
10. Yamsuan
11. Ko
12. Primicias-Agabas
13. Oducado
14. Villanueva
15. Bautista-Lim
16. Galang
17. Rodriguez (R.B.)
18. Rodriguez (M. B.)
19. Tan (K. M. D.L.)
20. Madrona
21. Suansing (M. A. B.)
22. Quimbo
23. Miraflores
24. Zamora (Y.M.)
25. Emano
26. Poe
27. Daza
28. San Fernando
29. Revilla ( B. B.)
30. Momo
31. Ceniza
32. Acosta
33. Albano
34. Atayde
35. Beltran
36. Cari
37. Cayton
38. Garin
39. Legarda
40. Marquez
41. Recto (R. S.)
42. Remulla
43. Sakaluran
44. Tiangco
45. Veloso
46. Co-Pilar
47. De Lima
48. Tulfo (R. W. P.)
49. Mercado-Revilla
50. Alano
51. Mangudadatu
52. Tarriela
53. Zamora (M.C.)
54. Gomez
55. Hernandez (F. L.)
56. Matibag
57. Rodriguez ( E. R.)
58. Suansing (B. V. B.)
59. Lumayag
60. Hofer-Hasim
61. Dimaporo ( I. Q.)
62. Angeles
63. Villarica
64. Chan
65. Lagdameo (J. M. F.)
66. Benitez (A.)
67. Hernandez (C. A.)
68. Agarao
69. Gonzales (R.)
70. Lazatin
71. Chua-Tai
72. Pimentel
73. Agyao
74. Dimaguila
75. Mercado
76. Salvador
77. Ongchuan
78. Adiong
79. Alba
80. Aquino
81. Arbison (M. M.)
82. Arenas
83. Asistio
84. Aumentado
85. Balindong
86. Baronda
87. Bernos (J.B.)
88. Cagas
89. Calixto
90. Castro
91. Chua
92. Corvera
93. Cruz (A.)
94. Cruzado
95. Cua
96. Dayanghirang
97. De Venecia
98. Degamo
99. Dimaporo ( S. A. Q.)
100. Dionisio
101. Domogan
102. Espina
103. Flores
104. Galeos
105. Garcia (D.)
106. Gonzales (A. M.)
107. Gorriceta
108. Guico
109. Gullas
110. Kho
111. Kho (E. T.)
112. Kho (W. T.)
113. Khonghun
114. Labadlabad
115. Lagon (D. A.)
116. Lara
117. Luistro
118. Maniquiz
119. Macapagal-Arroyo
120. Mastura
121. Matugas
122. Nolasco
123. Oaminal (H. F.)
124. Ortega
125. Panaligan
126. Panotes
127. Pascual
128. Pleyto
129. Regencia
130. Revilla (R. J.)
131. Roman
132. Romualdez (F.M.)
133. Romualdo
134. Sagarbarria
135. Salceda
136. Salvacion
137. Santos (M.A.S.)
138. Solon
139. Suan
140. Suarez
141. Tan (J. S.)
142. Tan (R. M.T.)
143. Tan (S. A.)
144. Tieng
145. Tuan
146. Tupas
147. Uy, (D. C. L.)
148. Uy (R. JR.)
149. Vargas-Alfonso
150. Vargas
151. Violago
152. Yap (C.)
153. Yu (J.V.)
154. Yu (J.K.)
155. Yulo
156. Hernandez (D. L.)
157. Aquino-Magsaysay
158. Ang
159. Shimura
160. Dalog
161. Legazpi
162. Escudero
163. Guintu
164. Salvame
165. Del Mar
166. Vergara
167. Amante
168. Bañas-Nograles
169. Arbison (M. N. JR.)
170. Loyola
171. Rivera
172. Delos Santos
173. Valeriano
174. Co (R. L. M.)
175. Dagooc
176. Lagbas
177. Elago
178. Villa ( Z.)
179. Tinio
180. Perez
181. Gonzales (C. S.)
182. Cendaña
183. Calderon
184. Yap (A.)
185. Loria
186. Bautista (J. M. G.)
187. Briones
188. Roque
189. Acidre
190. Mendoza
191. Celeste
192. Abalos
193. Diokno
194. Lagdameo (M. Y. M. Q.)
195. Teves
196. Lopez
197. Zubiri
198. Gonzales (A.)
199. Espares
200. Pancho
201. Benitez (J.M.)
202. Chan (J.)
203. Pumaren
204. Yatco
205. Veloso-Tuazon","Referral To The Committee On: RULES On 2026-03-11
Date Included In OB: 2026-03-11
Date Calendared: 2026-03-11","Committee Report No.: 00156
Submitted On: 2026-03-11
Submitted By: TOURISM, APPROPRIATIONS, WAYS AND MEANS
Recommendations: Recommending its approval in substitution of House Bills Numbered 7443, 7367, 7612, 7703, 7757, 150, 3529, 3890, 4793, 5821, 6228, 6979, 7155, 7307, 7631, 7695, 7758
Substituted Bills: HB07443, HB07367, HB07612, HB07703, HB07757, HB00150, HB03529, HB03890, HB04793, HB05821, HB06228, HB06979, HB07155, HB07307, HB07631, HB07695, HB07758","Period Of Sponsorship: 2026-03-11
Sponsored By: Madrona
Period Of Interpellations: 2026-03-11
Interpellated By: Erice
Final List of Author
1. Marcos
2. Dy (F.)
3. Rama
4. Tolentino
5. Yap (ERIC)
6. Marcoleta
7. Olivarez
8. Cruz (R. JR.)
9. Bocobo
10. Yamsuan
11. Ko
12. Primicias-Agabas
13. Oducado
14. Villanueva
15. Bautista-Lim
16. Galang
17. Rodriguez (R.B.)
18. Rodriguez (M. B.)
19. Tan (K. M. D.L.)
20. Madrona
21. Suansing (M. A. B.)
22. Quimbo
23. Miraflores
24. Zamora (Y.M.)
25. Emano
26. Poe
27. Daza
28. San Fernando
29. Revilla ( B. B.)
30. Momo
31. Ceniza
32. Acosta
33. Albano
34. Atayde
35. Beltran
36. Cari
37. Cayton
38. Garin
39. Legarda
40. Marquez
41. Recto (R. S.)
42. Remulla
43. Sakaluran
44. Tiangco
45. Veloso
46. Co-Pilar
47. De Lima
48. Tulfo (R. W. P.)
49. Mercado-Revilla
50. Alano
51. Mangudadatu
52. Tarriela
53. Zamora (M.C.)
54. Gomez
55. Hernandez (F. L.)
56. Matibag
57. Rodriguez ( E. R.)
58. Suansing (B. V. B.)
59. Lumayag
60. Hofer-Hasim
61. Dimaporo ( I. Q.)
62. Angeles
63. Villarica
64. Chan
65. Lagdameo (J. M. F.)
66. Benitez (A.)
67. Hernandez (C. A.)
68. Agarao
69. Gonzales (R.)
70. Lazatin
71. Chua-Tai
72. Pimentel
73. Agyao
74. Dimaguila
75. Mercado
76. Salvador
77. Ongchuan
78. Adiong
79. Alba
80. Aquino
81. Arbison (M. M.)
82. Arenas
83. Asistio
84. Aumentado
85. Balindong
86. Baronda
87. Bernos (J.B.)
88. Cagas
89. Calixto
90. Castro
91. Chua
92. Corvera
93. Cruz (A.)
94. Cruzado
95. Cua
96. Dayanghirang
97. De Venecia
98. Degamo
99. Dimaporo ( S. A. Q.)
100. Dionisio
101. Domogan
102. Espina
103. Flores
104. Galeos
105. Garcia (D.)
106. Gonzales (A. M.)
107. Gorriceta
108. Guico
109. Gullas
110. Kho
111. Kho (E. T.)
112. Kho (W. T.)
113. Khonghun
114. Labadlabad
115. Lagon (D. A.)
116. Lara
117. Luistro
118. Maniquiz
119. Macapagal-Arroyo
120. Mastura
121. Matugas
122. Nolasco
123. Oaminal (H. F.)
124. Ortega
125. Panaligan
126. Panotes
127. Pascual
128. Pleyto
129. Regencia
130. Revilla (R. J.)
131. Roman
132. Romualdez (F.M.)
133. Romualdo
134. Sagarbarria
135. Salceda
136. Salvacion
137. Santos (M.A.S.)
138. Solon
139. Suan
140. Suarez
141. Tan (J. S.)
142. Tan (R. M.T.)
143. Tan (S. A.)
144. Tieng
145. Tuan
146. Tupas
147. Uy, (D. C. L.)
148. Uy (R. JR.)
149. Vargas-Alfonso
150. Vargas
151. Violago
152. Yap (C.)
153. Yu (J.V.)
154. Yu (J.K.)
155. Yulo
156. Hernandez (D. L.)
157. Aquino-Magsaysay
158. Ang
159. Shimura
160. Dalog
161. Legazpi
162. Escudero
163. Guintu
164. Salvame
165. Del Mar
166. Vergara
167. Amante
168. Bañas-Nograles
169. Arbison (M. N. JR.)
170. Loyola
171. Rivera
172. Delos Santos
173. Valeriano
174. Co (R. L. M.)
175. Dagooc
176. Lagbas
177. Elago
178. Villa ( Z.)
179. Tinio
180. Perez
181. Gonzales (C. S.)
182. Cendaña
183. Calderon
184. Yap (A.)
185. Loria
186. Bautista (J. M. G.)
187. Briones
188. Roque
189. Acidre
190. Mendoza
191. Celeste
192. Abalos
193. Diokno
194. Lagdameo (M. Y. M. Q.)
195. Teves
196. Lopez
197. Zubiri
198. Gonzales (A.)
199. Espares
200. Pancho
201. Benitez (J.M.)
202. Chan (J.)
203. Pumaren
204. Yatco
205. Veloso-Tuazon
Date Approved On Second Reading: 2026-03-11","Date Copy Distributed To Members: 2026-03-12
Date Approved By The House On Third Reading: 2026-03-16
Third Reading Title: AN ACT ABOLISHING THE TRAVEL TAX
House Votes: YEAS:257 NAYS:1 ABSTAIN:1
Voting Details Per Member
(Legend:Y-Yes N-No A-Abstain X-Did Not Vote B-Absent D-N/A)
1. Y---Abalos
2. X---Abante
3. Y---Acidre
4. Y---Acop (P.C.)
5. D---Acop--(N/A)
6. Y---Acosta
7. Y---Adiong
8. Y---Advincula
9. Y---Agarao
10. Y---Agyao
11. Y---Alano
12. Y---Alba
13. Y---Albano
14. X---Almario (C.M.)
15. Y---Almario (D.)
16. Y---Almonte
17. Y---Alvarez (J.)
18. X---Alvarez (M.)
19. Y---Amante
20. Y---Amatong
21. Y---Ang
22. Y---Angara
23. Y---Angeles
24. X---Aquino
25. Y---Aquino-Magsaysay
26. Y---Arbison (M. N. JR.)
27. Y---Arbison (M. M.)
28. Y---Arenas
29. Y---Arrogancia
30. Y---Asistio
31. Y---Atayde
32. X---Aumentado
33. Y---Ayon
34. Y---Bag-ao
35. Y---Balindong
36. Y---Bañas-Nograles
37. Y---Bancoro
38. Y---Barba
39. Y---Barbers
40. Y---Baronda
41. D---Barzaga--(N/A)
42. Y---Bacsug
43. X---Bautista (C. P.)
44. Y---Bautista (J. M. G.)
45. X---Bautista-Lim
46. Y---Beltran
47. Y---Benitez (A.)
48. Y---Benitez (J.M.)
49. Y---Bernos (C.)
50. Y---Bernos (J.B.)
51. Y---Biron
52. X---Bocobo
53. Y---Bolilia
54. Y---Bondoc
55. Y---Briones
56. Y---Bulut-Begtang
57. Y---Cagas
58. Y---Calderon
59. Y---Calixto
60. Y---Caoagdan
61. Y---Cari
62. Y---Castro
63. Y---Cayton
64. X---Celeste
65. Y---Cendaña
66. Y---Ceniza
67. X---Chan (J.)
68. X---Chan
69. Y---Chua
70. X---Chua-Tai
71. Y---Chungalao
72. D---Co ( E. S.)--(N/A)
73. Y---Co (R. L. M.)
74. Y---Co-Pilar
75. Y---Cojuangco (J. E. M. D.)
76. Y---Cojuangco ( M. O.)
77. Y---Collantes
78. Y---Corvera
79. Y---Cruz (A.)
80. Y---Cruz (R. JR.)
81. Y---Cruzado
82. Y---Cua
83. Y---Dagooc
84. Y---Dalog
85. X---Dayanghirang
86. Y---Daza
87. Y---De Jesus
88. Y---De Lima
89. Y---De Venecia
90. Y---Defensor
91. Y---Degamo
92. Y---Del Mar
93. X---Delos Santos
94. Y---Dimacuha
95. Y---Dimaguila
96. Y---Dimaporo ( I. Q.)
97. Y---Dimaporo ( S. A. Q.)
98. Y---Diokno
99. Y---Dionisio
100. Y---Domingo
101. Y---Domogan
102. X---Duterte (H.J.)
103. X---Duterte (O.V.)
104. X---Duterte (P.)
105. Y---Dy (F.)
106. Y---Dy (F.M.C.)
107. X---Dy (I.P.)
108. Y---Elago
109. Y---Emano
110. Y---Enverga
111. N---Erice
112. Y---Escudero
113. Y---Espares
114. Y---Espina
115. Y---Estrella
116. Y---Ferrer (A. A.)
117. Y---Ferrer (J. )
118. X---Flores
119. Y---Fortes
120. X---Frasco
121. Y---Fresnedi
122. X---Fuentebella
123. Y---Galang
124. Y---Galeos
125. X---Garbin
126. Y---Garcia (A.)
127. Y---Garcia (D.)
128. Y---Garcia (J. A.)
129. Y---Garcia (K. H.)
130. X---Garcia (M. A.)
131. Y---Gardiola
132. Y---Garin
133. Y---Gatchalian
134. Y---Gato
135. Y---Glepa
136. Y---Go
137. Y---Gomez
138. Y---Gonzales (A.)
139. Y---Gonzales (A. M.)
140. Y---Gonzales (C. S.)
141. Y---Gonzales (R.)
142. Y---Gorriceta
143. Y---Guico
144. Y---Guintu
145. X---Gullas
146. Y---Gutierrez
147. Y---Hernandez (C. A.)
148. Y---Hernandez (D. L.)
149. Y---Hernandez (F. L.)
150. Y---Hernandez (R. L.)
151. Y---Hofer-Hasim
152. X---Horibata
153. Y---Ismula
154. Y---Iway
155. Y---Javier
156. Y---Kho
157. Y---Kho (E. T.)
158. Y---Kho (W. T.)
159. Y---Khonghun
160. Y---Ko
161. Y---Labadlabad
162. X---Lacson
163. Y---Lagbas
164. Y---Lagdameo (J. M. F.)
165. Y---Lagdameo (M. Y. M. Q.)
166. X---Lagman
167. Y---Lagon (D. A.)
168. Y---Lagon (S. L.)
169. Y---Lara
170. Y---Lazatin
171. Y---Ledesma
172. Y---Legacion
173. Y---Legarda
174. Y---Legazpi
175. D---Legazpi(K.)--(N/A)
176. X---Leviste
177. Y---Libanan
178. Y---Lopez
179. Y---Loria
180. Y---Loyola
181. Y---Luistro
182. Y---Lumayag
183. Y---Macapagal-Arroyo
184. Y---Macasaet
185. Y---Maceda
186. Y---Madrona
187. Y---Malapitan
188. Y---Mangudadatu
189. Y---Maniquiz
190. Y---Marañon
191. Y---Marcoleta
192. Y---Marcos
193. Y---Marquez
194. Y---Mastura
195. X---Matibag
196. Y---Matugas
197. X---Mendoza
198. Y---Mercado
199. Y---Mercado-Revilla
200. X---Miraflores
201. Y---Momo
202. A---Montes
203. Y---Nava
204. Y---Nazal
205. X---Nisay
206. Y---Nolasco
207. Y---Oaminal (H. F.)
208. Y---Oaminal (S. F. F.)
209. Y---Oducado
210. Y---Olivarez
211. Y---Ongchuan
212. Y---Ordanes
213. Y---Oreta (A. A.)
214. Y---Ortega
215. X---Ouano-Dizon
216. X---Padiernos
217. Y---Panaligan
218. Y---Pancho
219. Y---Panotes
220. X---Pascual
221. Y---Perez
222. Y---Pimentel
223. Y---Plaza
224. X---Pleyto
225. Y---Poe
226. Y---Primicias-Agabas
227. Y---Pumaren
228. X---Puno
229. Y---Quimbo
230. X---Rama
231. Y---Recto (R. S.)
232. X---Regencia
233. Y---Remulla
234. Y---Revilla ( B. B.)
235. X---Revilla (R. J.)
236. Y---Ridon
237. Y---Rivera
238. Y---Robes
239. Y---Rodriguez ( E. R.)
240. Y---Rodriguez (M. B.)
241. Y---Rodriguez (R.B.)
242. Y---Roman
243. Y---Romualdez (A.J.)
244. Y---Romualdez (F.M.)
245. Y---Romualdez (Y.M.)
246. Y---Romualdo
247. Y---Romulo
248. Y---Roque
249. Y---Sagarbarria
250. Y---Sakaluran
251. Y---Salceda
252. X---Sali
253. Y---Salvacion
254. Y---Salvador
255. X---Salvame
256. Y---San Fernando
257. Y---Santos (M.A.S.)
258. Y---Santos (M.A.)
259. X---Shimura
260. Y---Singson ( R.)
261. Y---Singson (R. V.)
262. Y---Singson-Meehan
263. Y---Solon
264. Y---Soriano
265. Y---Suan
266. X---Suansing (B. V. B.)
267. Y---Suansing (M. A. B.)
268. Y---Suarez
269. Y---Suntay
270. Y---Tallado
271. X---Tan (A.)
272. Y---Tan (J. S.)
273. Y---Tan (K. M. D.L.)
274. X---Tan (R. M.T.)
275. X---Tan (S. A.)
276. X---Tan (S. J. T.)
277. Y---Tanchay
278. Y---Tanjuatco
279. Y---Tarriela
280. Y---Teodoro
281. Y---Tereng
282. Y---Teves
283. Y---Tiangco
284. Y---Tieng
285. Y---Tinio
286. X---Tolentino
287. Y---Tuan
288. Y---Tulfo (J. P.)
289. Y---Tulfo (R. W. P.)
290. Y---Tupas
291. X---Tutor
292. X---Ty
293. Y---Umali
294. Y---Ungab
295. X---Uy, (D. C. L.)
296. Y---Uy (R. JR.)
297. Y---Valeriano
298. Y---Vargas
299. Y---Vargas-Alfonso
300. Y---Veloso
301. Y---Veloso-Tuazon
302. Y---Vergara
303. Y---Villa ( Z.)
304. X---Villafuerte (M. L. R.)
305. Y---Villafuerte (V. R. L. R.)
306. Y---Villanueva
307. X---Villarica
308. X---Violago
309. Y---Yamsuan
310. Y---Yap (A.)
311. X---Yap (C.)
312. D---Yap (EDVIC)--(N/A)
313. X---Yap (ERIC)
314. Y---Yap ( G.)
315. Y---Yatco
316. Y---Ynares
317. Y---Yu (J.V.)
318. Y---Yu (J.K.)
319. Y---Yulo
320. Y---Zamora (M.C.)
321. X---Zamora (Y.M.)
322. Y---Zubiri
Date Transmitted To The Senate: 2026-03-17
Actions Taken By The Senate/House
Date Received By The Senate: 2026-03-17",""
"HB07446","Co-Authored Bills","AN ACT STRENGTHENING LOCAL RABIES CONTROL AND PREVENTION BY MANDATING LOCAL GOVERNMENTS TO CREATE LOCAL RABIES PREVENTION AND CONTROL COMMITTEES AND TO ESTABLISH LOCAL VETERINARY OFFICES, AMENDING FOR THE PURPOSE REPUBLIC ACT NO. 9482, OTHERWISE KNOWN AS THE “ANTI-RABIES ACT OF 2007”","2026-01-27","National","1. ESCUDERO, MARIE BERNADETTE G.","2026-02-02","LOCAL GOVERNMENT","Pending with the Committee on LOCAL GOVERNMENT since 2026-02-02","https://docs.congress.hrep.online/legisdocs/basic_20/hb07446.pdf","https://www.congress.gov.ph/bill/history?billno=HB07446&congress=20","1. Chua-Tai (000 2026-02-25)","Referral To The Committee On: LOCAL GOVERNMENT On 2026-02-02","","","",""
"HB07452","Co-Authored Bills","AN ACT ESTABLISHING A NATIONAL RECOVERY AND ACCELERATION PROGRAM TO REDUCE POVERTY AND ENHANCE THE ECONOMIC CONDITIONS OF THE POOREST PROVINCES IN THE COUNTRY, AND APPROPRIATING FUNDS THEREFOR","2026-01-28","National","1. AMATONG, ADRIAN MICHAEL A.","2026-02-02","POVERTY ALLEVIATION","Pending with the Committee on POVERTY ALLEVIATION since 2026-02-02","https://docs.congress.hrep.online/legisdocs/basic_20/hb07452.pdf","https://www.congress.gov.ph/bill/history?billno=HB07452&congress=20","1. De Lima (000 2026-02-04)
2. Erice (000 2026-02-05)
3. Bag-ao (000 2026-02-11)
4. Olivarez (000 2026-03-05)
5. Chua-Tai (000 2026-03-05)
6. Alano (000 2026-05-18)
7. Diokno (000 2026-06-17)
8. Cendaña (000 2026-08-11)","Referral To The Committee On: POVERTY ALLEVIATION On 2026-02-02","","","",""
"HB07482","Co-Authored Bills","AN ACT STRENGTHENING LOCAL SPORTS PROGRAMS, ESTABLISHING THE GRASSROOTS ATHLETE DEVELOPMENT CENTER IN EVERY MUNICIPALITY, AND APPROPRIATING FUNDS THEREFOR","2026-01-29","National","1. PLEYTO, SALVADOR A.","2026-02-03","YOUTH AND SPORTS DEVELOPMENT","Pending with the Committee on YOUTH AND SPORTS DEVELOPMENT since 2026-02-03","https://docs.congress.hrep.online/legisdocs/basic_20/hb07482.pdf","https://www.congress.gov.ph/bill/history?billno=HB07482&congress=20","1. Chua-Tai (000 2026-03-11)","Referral To The Committee On: YOUTH AND SPORTS DEVELOPMENT On 2026-02-03","","","",""
"HB07490","Co-Authored Bills","AN ACT GRANTING PERSONS WITH DISABILITY (PWD) WHO ARE SELF-EMPLOYED A SEVENTY PERCENT (70%) GOVERNMENT SUBSIDY FOR THEIR MONTHLY PREMIUM CONTRIBUTIONS TO THE SOCIAL SECURITY SYSTEM FOR THE FIRST THREE MONTHS OF COVERAGE, AMENDING FOR THE PURPOSE REPUBLIC ACT NO. 7277, OTHERWISE KNOWN AS THE “MAGNA CARTA FOR PERSONS WITH DISABILITY”","2026-02-02","National","1. RODRIGUEZ, RUFUS B.                                              2. RODRIGUEZ, MAXIMO  JR. B.","2026-02-03","PERSONS WITH DISABILITIES","Pending with the Committee on PERSONS WITH DISABILITIES since 2026-02-03","https://docs.congress.hrep.online/legisdocs/basic_20/hb07490.pdf","https://www.congress.gov.ph/bill/history?billno=HB07490&congress=20","1. Chua-Tai (000 2026-03-10)","Referral To The Committee On: PERSONS WITH DISABILITIES On 2026-02-03","","","",""
"HB07496","Co-Authored Bills","AN ACT PROVIDING COMMUNICATION ACCESSIBILITY TO FILIPINO DEAF AND HARD OF HEARING FOR FULL INCLUSION INTO THE MAINSTREAM OF SOCIETY","2026-02-02","National","1. RODRIGUEZ, RUFUS B.                                              2. RODRIGUEZ, MAXIMO  JR. B.","2026-02-03","PERSONS WITH DISABILITIES","Pending with the Committee on PERSONS WITH DISABILITIES since 2026-02-03","https://docs.congress.hrep.online/legisdocs/basic_20/hb07496.pdf","https://www.congress.gov.ph/bill/history?billno=HB07496&congress=20","1. Chua-Tai (000 2026-03-10)","Referral To The Committee On: PERSONS WITH DISABILITIES On 2026-02-03","","","",""
"HB07499","Co-Authored Bills","AN ACT TO ESTABLISH A NATIONAL CENTER FOR INFORMATION AND TECHNICAL ASSISTANCE RELATING TO ALL TYPES OF FAMILY RESOURCE AND SUPPORT PROGRAMS","2026-02-02","National","1. RODRIGUEZ, RUFUS B.                                              2. RODRIGUEZ, MAXIMO  JR. B.","2026-02-03","POPULATION AND FAMILY RELATIONS","Pending with the Committee on POPULATION AND FAMILY RELATIONS since 2026-02-03","https://docs.congress.hrep.online/legisdocs/basic_20/hb07499.pdf","https://www.congress.gov.ph/bill/history?billno=HB07499&congress=20","1. Chua-Tai (000 2026-03-10)","Referral To The Committee On: POPULATION AND FAMILY RELATIONS On 2026-02-03","","","",""
"HB07539","Co-Authored Bills","AN ACT PROVIDING FOR A CHILD AND SPOUSAL SUPPORT SYSTEM AND FOR OTHER PURPOSES","2026-02-02","National","1. MERCADO-REVILLA, LANI                                              2. REVILLA, BRYAN B.                                              3. REVILLA, RAMON JOLO III B.","2026-02-04","REVISION OF LAWS","Pending with the Committee on REVISION OF LAWS since 2026-02-04","https://docs.congress.hrep.online/legisdocs/basic_20/hb07539.pdf","https://www.congress.gov.ph/bill/history?billno=HB07539&congress=20","1. Chua-Tai (000 2026-03-03)
2. Bulut-Begtang (000 2026-05-26)","Referral To The Committee On: REVISION OF LAWS On 2026-02-04","","","",""
"HB07544","Co-Authored Bills","AN ACT INSTITUTIONALIZING THE GRANT OF INTERNSHIP ALLOWANCE FOR STUDENTS IN PUBLIC AND PRIVATE UNIVERSITIES AND COLLEGES IN THE PHILIPPINES","2026-02-02","National","1. ALMARIO, CHEENO MIGUEL D.","2026-02-04","HIGHER AND TECHNICAL EDUCATION","Pending with the Committee on HIGHER AND TECHNICAL EDUCATION since 2026-02-04","https://docs.congress.hrep.online/legisdocs/basic_20/hb07544.pdf","https://www.congress.gov.ph/bill/history?billno=HB07544&congress=20","1. Chua-Tai (000 2026-03-10)
2. Bulut-Begtang (000 2026-04-29)
3. Dayanghirang (000 2026-09-09)","Referral To The Committee On: HIGHER AND TECHNICAL EDUCATION On 2026-02-04","","","",""
"HB07551","Co-Authored Bills","AN ACT ESTABLISHING NATIONAL THERAPY AND REHABILITATION SERVICES CENTERS FOR PERSONS WITH DISABILITIES (PWD) IN EVERY PROVINCE, CITY, AND OTHER STRATEGIC AREAS THROUGHOUT THE COUNTRY","2026-02-02","National","1. DEGAMO, JANICE","2026-02-04","PERSONS WITH DISABILITIES","Pending with the Committee on PERSONS WITH DISABILITIES since 2026-02-04","https://docs.congress.hrep.online/legisdocs/basic_20/hb07551.pdf","https://www.congress.gov.ph/bill/history?billno=HB07551&congress=20","1. Chua-Tai (000 2026-03-10)
2. Espina (000 2026-05-20)","Referral To The Committee On: PERSONS WITH DISABILITIES On 2026-02-04","","","",""
"HB07557","Co-Authored Bills","AN ACT PROMOTING A WHOLISTIC APPROACH IN SUPPORT OF CHILDREN WITH SPECIAL NEEDS","2026-02-02","National","1. DIMACUHA, BEVERLEY ROSE A.","2026-02-04","WELFARE OF CHILDREN","Pending with the Committee on WELFARE OF CHILDREN since 2026-02-04","https://docs.congress.hrep.online/legisdocs/basic_20/hb07557.pdf","https://www.congress.gov.ph/bill/history?billno=HB07557&congress=20","1. Chua-Tai (000 2026-03-03)
2. Bulut-Begtang (000 2026-04-29)","Referral To The Committee On: WELFARE OF CHILDREN On 2026-02-04","","","",""
"HB07571","Co-Authored Bills","AN ACT ESTABLISHING A NATIONAL ONLINE SAFETY AND DIGITAL CHILD PROTECTION FRAMEWORK, IMPOSING A STATUTORY DUTY OF CARE ON DIGITAL PLATFORMS, SETTING A MINIMUM AGE FOR HIGH?RISK SOCIAL MEDIA SERVICES, CREATING THE PHILIPPINE E?SAFETY COMMISSION, PROVIDING EDUCATION AND PARENTAL SUPPORT, AND PROVIDING FUNDS THEREFOR","2026-02-03","National","1. MIRAFLORES, FLORENCIO T.","2026-02-09","WELFARE OF CHILDREN","Pending with the Committee on WELFARE OF CHILDREN since 2026-05-13","https://docs.congress.hrep.online/legisdocs/basic_20/hb07571.pdf","https://www.congress.gov.ph/bill/history?billno=HB07571&congress=20","1. Del Mar (000 2026-03-05)
2. Chua-Tai (000 2026-03-10)
3. Cari (000 2026-05-05)
4. Arenas (000 2026-05-26)
5. Zamora (Y.M.) (000 2026-07-28)","Referral To The Committee On: WELFARE OF CHILDREN On 2026-05-13
Previous Committee Referrals: PRIMARILY REFERRED TO INFORMATION AND COMMUNICATIONS TECHNOLOGY on 2026-02-09; SECONDARILY REFERRED TO WELFARE OF CHILDREN on 2026-02-09","","","",""
"HB07573","Co-Authored Bills","AN ACT INSTITUTIONALIZING A NATIONAL AUTISM STRATEGY, ESTABLISHING NATIONAL AND PROVINCIAL/CITY AUTISM CENTERS, AND ENSURING INCLUSIVE HEALTH, EDUCATION, EMPLOYMENT, AND COMMUNITY LIFE FOR PERSONS WITH AUTISM, AND PROVIDING FUNDS THEREFOR","2026-02-03","National","1. MIRAFLORES, FLORENCIO T.","2026-02-09","HEALTH","Pending with the Committee on HEALTH since 2026-05-13","https://docs.congress.hrep.online/legisdocs/basic_20/hb07573.pdf","https://www.congress.gov.ph/bill/history?billno=HB07573&congress=20","1. Chua-Tai (000 2026-03-10)
2. Fresnedi (000 2026-03-10)
3. Escudero (000 2026-03-11)
4. Marquez (000 2026-05-25)
5. Lazatin (000 2026-06-23)","Referral To The Committee On: HEALTH On 2026-05-13
Secondarily Referred To The Committee(s) On: PERSONS WITH DISABILITIES
Previous Committee Referrals: PRIMARILY REFERRED TO HEALTH on 2026-02-09","","","",""
"HB07577","Co-Authored Bills","AN ACT STRENGTHENING DIGITAL EDUCATION ACCESS AND INSTITUTIONALIZING TEACHER DIGITAL SKILLS TRAINING IN PUBLIC SCHOOLS, AND FOR OTHER PURPOSES","2026-02-03","National","1. TIANGCO, TOBIAS ""Toby"" M.","2026-02-09","INFORMATION AND COMMUNICATIONS TECHNOLOGY","Pending with the Committee on INFORMATION AND COMMUNICATIONS TECHNOLOGY since 2026-02-09","https://docs.congress.hrep.online/legisdocs/basic_20/hb07577.pdf","https://www.congress.gov.ph/bill/history?billno=HB07577&congress=20","1. Chua-Tai (000 2026-03-02)
2. Escudero (000 2026-03-17)
3. Bulut-Begtang (000 2026-08-12)","Referral To The Committee On: INFORMATION AND COMMUNICATIONS TECHNOLOGY On 2026-02-09
Secondarily Referred To The Committee(s) On: BASIC EDUCATION AND CULTURE, HIGHER AND TECHNICAL EDUCATION","","","",""
"HB07581","Co-Authored Bills","AN ACT INSTITUTIONALIZING THE GRANT OF INTERNSHIP ALLOWANCE FOR STUDENTS IN PUBLIC AND PRIVATE STATE UNIVERSITIES AND COLLEGES IN THE PHILIPPINES","2026-02-03","National","1. OLIVAREZ, ERIC L.","2026-02-09","HIGHER AND TECHNICAL EDUCATION","Pending with the Committee on HIGHER AND TECHNICAL EDUCATION since 2026-02-09","https://docs.congress.hrep.online/legisdocs/basic_20/hb07581.pdf","https://www.congress.gov.ph/bill/history?billno=HB07581&congress=20","1. Chua-Tai (000 2026-03-17)","Referral To The Committee On: HIGHER AND TECHNICAL EDUCATION On 2026-02-09","","","",""
"HB07620","Co-Authored Bills","AN ACT UPGRADING THE SALARY GRADES OF DENTISTS EMPLOYED IN THE PUBLIC SECTOR, APPROPRIATING FUNDS THEREFOR, AND FOR OTHER PURPOSES","2026-02-04","National","1. PLEYTO, SALVADOR A.","2026-02-09","APPROPRIATIONS","Pending with the Committee on APPROPRIATIONS since 2026-02-09","https://docs.congress.hrep.online/legisdocs/basic_20/hb07620.pdf","https://www.congress.gov.ph/bill/history?billno=HB07620&congress=20","1. Chua-Tai (000 2026-03-11)","Referral To The Committee On: APPROPRIATIONS On 2026-02-09","","","",""
"HB07648","Co-Authored Bills","AN ACT PROVIDING FOR HOSPITAL AND HEALTHCARE BENEFITS FOR PUBLIC AND PRIVATE SCHOOL TEACHERS AND THEIR DEPENDENTS AND APPROPRIATING FUNDS THEREOF","2026-02-09","National","1. CENDAÑA, PERCIVAL ""Perci""                                              2. DIOKNO, JOSE MANUEL TADEO ""Chel"" I.                                              3. ISMULA, DADAH KIRAM                                              4. BAG-AO, KAKA J.","2026-02-10","HEALTH","Pending with the Committee on HEALTH since 2026-02-10","https://docs.congress.hrep.online/legisdocs/basic_20/hb07648.pdf","https://www.congress.gov.ph/bill/history?billno=HB07648&congress=20","1. Arenas (000 2026-03-10)
2. Chua-Tai (000 2026-03-11)
3. Rama (000 2026-05-25)","Referral To The Committee On: HEALTH On 2026-02-10","","","",""
"HB07846","Co-Authored Bills","AN ACT PROVIDING A FUEL SUBSIDY FOR MUNICIPAL FISHERIES, APPROPRIATING FUNDS THEREFOR, AND FOR OTHER PURPOSES","2026-02-18","National","1. ESCUDERO, MARIE BERNADETTE G.","2026-02-23","AQUACULTURE AND FISHERIES RESOURCES","Pending with the Committee on AQUACULTURE AND FISHERIES RESOURCES since 2026-02-23","https://docs.congress.hrep.online/legisdocs/basic_20/hb07846.pdf","https://www.congress.gov.ph/bill/history?billno=HB07846&congress=20","1. Chua-Tai (000 2026-03-05)","Referral To The Committee On: AQUACULTURE AND FISHERIES RESOURCES On 2026-02-23","","","",""
"HB07849","Co-Authored Bills","AN ACT SIMPLIFYING THE DOCUMENTARY REQUIREMENTS FOR ACCESSING GOVERNMENT FINANCIAL ASSISTANCE AND FOR OTHER PURPOSES","2026-02-18","National","1. POE, BRIAN","2026-02-23","SOCIAL SERVICES","Pending with the Committee on SOCIAL SERVICES since 2026-02-23","https://docs.congress.hrep.online/legisdocs/basic_20/hb07849.pdf","https://www.congress.gov.ph/bill/history?billno=HB07849&congress=20","1. Chua-Tai (000 2026-07-30)","Referral To The Committee On: SOCIAL SERVICES On 2026-02-23","","","",""
"HB07850","Co-Authored Bills","AN ACT INSTITUTIONALIZING JIU-JITSU TRAINING AS A MANDATORY COMPONENT OF PHILIPPINE NATIONAL POLICE TRAINING, STRENGTHENING NON-LETHAL ARREST AND CONTROL CAPABILITIES, AND PROMOTING HUMAN RIGHTS-BASED AND PROFESSIONAL POLICING","2026-02-18","National","1. DY, FAUSTINO MICHAEL CARLOS III T.","2026-02-23","PUBLIC ORDER AND SAFETY","Pending with the Committee on PUBLIC ORDER AND SAFETY since 2026-02-23","https://docs.congress.hrep.online/legisdocs/basic_20/hb07850.pdf","https://www.congress.gov.ph/bill/history?billno=HB07850&congress=20","1. Chua-Tai (000 2026-03-11)
2. Matibag (000 2026-07-09)","Referral To The Committee On: PUBLIC ORDER AND SAFETY On 2026-02-23","","","",""
"HB07864","Co-Authored Bills","AN ACT STRENGTHENING THE SPECIAL PROGRAM IN CREATIVE ARTS FOR JUNIOR AND SENIOR HIGH SCHOOL, AND APPROPRIATING FUNDS THEREFOR","2026-02-18","National","1. YAMSUAN, BRIAN RAYMUND S.","2026-02-23","BASIC EDUCATION AND CULTURE","Pending with the Committee on BASIC EDUCATION AND CULTURE since 2026-02-23","https://docs.congress.hrep.online/legisdocs/basic_20/hb07864.pdf","https://www.congress.gov.ph/bill/history?billno=HB07864&congress=20","1. Chua-Tai (000 2026-03-11)","Referral To The Committee On: BASIC EDUCATION AND CULTURE On 2026-02-23","","","",""
"HB07865","Co-Authored Bills","AN ACT ESTABLISHING A FINANCIAL GRANTS PROGRAM FOR EMERGING FILIPINO ARTISTS, AMENDING FOR THE PURPOSE SECTION 19 OF REPUBLIC ACT NO. 11904, OTHERWISE KNOWN AS THE PHILIPPINE CREATIVE INDUSTRIES DEVELOPMENT ACT, AND TO PROVIDE FUNDS THEREFOR","2026-02-18","National","1. YAMSUAN, BRIAN RAYMUND S.","2026-02-23","CREATIVE INDUSTRIES","Pending with the Committee on CREATIVE INDUSTRIES since 2026-02-23","https://docs.congress.hrep.online/legisdocs/basic_20/hb07865.pdf","https://www.congress.gov.ph/bill/history?billno=HB07865&congress=20","(Journal Entries)
1. Chua-Tai (000 2026-03-11)
2. Singson-Meehan (000 2026-09-15)","Referral To The Committee On: CREATIVE INDUSTRIES On 2026-02-23","","","",""
"HB07866","Co-Authored Bills","AN ACT ESTABLISHING A UNIFIED ELECTRONIC MEDICAL RECORDS FOR ALL FILIPINOS AND APPROPRIATING FUNDS THEREFOR","2026-02-18","National","1. YAMSUAN, BRIAN RAYMUND S.","2026-02-23","HEALTH","Pending with the Committee on HEALTH since 2026-02-23","https://docs.congress.hrep.online/legisdocs/basic_20/hb07866.pdf","https://www.congress.gov.ph/bill/history?billno=HB07866&congress=20","(Journal Entries)
1. Chua-Tai (000 2026-03-11)","Referral To The Committee On: HEALTH On 2026-02-23","","","",""
"HB07869","Co-Authored Bills","AN ACT ESTABLISHING A COMPREHENSIVE, INTEGRATED AND SUSTAINABLE REINTEGRATION PROGRAM FOR OVERSEAS FILIPINO WORKERS","2026-02-18","National","1. YAMSUAN, BRIAN RAYMUND S.","2026-02-23","OVERSEAS WORKERS AFFAIRS","Pending with the Committee on OVERSEAS WORKERS AFFAIRS since 2026-02-23","https://docs.congress.hrep.online/legisdocs/basic_20/hb07869.pdf","https://www.congress.gov.ph/bill/history?billno=HB07869&congress=20","(Journal Entries)
1. Chua-Tai (000 2026-03-11)","Referral To The Committee On: OVERSEAS WORKERS AFFAIRS On 2026-02-23","","","",""
"HB07890","Co-Authored Bills","AN ACT PENALIZING ONLINE FRAUD, DECEPTIVE DIGITAL PRACTICES, AND MALICIOUS INTERNET ACTIVITIES, AND FOR OTHER PURPOSES","2026-02-18","National","1. GORRICETA, KATHRYN JOYCE F. MD","2026-02-23","INFORMATION AND COMMUNICATIONS TECHNOLOGY","Pending with the Committee on INFORMATION AND COMMUNICATIONS TECHNOLOGY since 2026-02-23","https://docs.congress.hrep.online/legisdocs/basic_20/hb07890.pdf","https://www.congress.gov.ph/bill/history?billno=HB07890&congress=20","(Journal Entries)
1. Chua-Tai (000 2026-03-16)","Referral To The Committee On: INFORMATION AND COMMUNICATIONS TECHNOLOGY On 2026-02-23","","","",""
"HB07892","Co-Authored Bills","AN ACT ENHANCING TRANSPARENCY IN GOVERNMENT HIRING THROUGH THE MANDATORY ONLINE POSTING OF VACANT POSITIONS IN ALL GOVERNMENT AGENCIES AND LOCAL GOVERNMENT UNITS, AMENDING FOR THE PURPOSE REPUBLIC ACT NO. 7041 OTHERWISE KNOWN AS THE “PUBLICATION OF EXISTING VACANT POSITIONS IN GOVERNMENT OFFICES ACT”","2026-02-18","National","1. GORRICETA, KATHRYN JOYCE F. MD","2026-02-23","CIVIL SERVICE AND PROFESSIONAL REGULATION","Pending with the Committee on CIVIL SERVICE AND PROFESSIONAL REGULATION since 2026-02-23","https://docs.congress.hrep.online/legisdocs/basic_20/hb07892.pdf","https://www.congress.gov.ph/bill/history?billno=HB07892&congress=20","1. Chua-Tai (000 2026-03-16)","Referral To The Committee On: CIVIL SERVICE AND PROFESSIONAL REGULATION On 2026-02-23","","","",""
"HB07894","Co-Authored Bills","AN ACT INSTITUTIONALIZING THE GOVERNMENT INTERNSHIP PROGRAM (GIP), PROVIDING FOR ITS IMPLEMENTATION, FUNDING, AND FOR OTHER PURPOSES","2026-02-18","National","1. GORRICETA, KATHRYN JOYCE F. MD","2026-02-23","CIVIL SERVICE AND PROFESSIONAL REGULATION","Pending with the Committee on CIVIL SERVICE AND PROFESSIONAL REGULATION since 2026-02-23","https://docs.congress.hrep.online/legisdocs/basic_20/hb07894.pdf","https://www.congress.gov.ph/bill/history?billno=HB07894&congress=20","1. Chua-Tai (000 2026-03-16)","Referral To The Committee On: CIVIL SERVICE AND PROFESSIONAL REGULATION On 2026-02-23","","","",""
"HB07895","Co-Authored Bills","AN ACT PROTECTING CHILDREN FROM HARMFUL AND INAPPROPRIATE ONLINE CONTENT AND PROMOTING SAFE DIGITAL PRACTICES, TO BE KNOWN AS THE “SCREEN ACT”","2026-02-18","National","1. GORRICETA, KATHRYN JOYCE F. MD","2026-02-23","WELFARE OF CHILDREN","Pending with the Committee on WELFARE OF CHILDREN since 2026-05-13","https://docs.congress.hrep.online/legisdocs/basic_20/hb07895.pdf","https://www.congress.gov.ph/bill/history?billno=HB07895&congress=20","1. Chua-Tai (000 2026-03-16)
2. Arenas (000 2026-06-03)","Referral To The Committee On: WELFARE OF CHILDREN On 2026-05-13
Previous Committee Referrals: PRIMARILY REFERRED TO WELFARE OF CHILDREN on 2026-02-23; SECONDARILY REFERRED TO INFORMATION AND COMMUNICATIONS TECHNOLOGY on 2026-02-23","","","",""
"HB07897","Co-Authored Bills","AN ACT ESTABLISHING COMPREHENSIVE SAFEGUARDS FOR WOMEN AGAINST ABUSE, DISCRIMINATION, AND EXPLOITATION IN SPORTS, CREATING A SAFE SPORTS MECHANISM, GUARANTEEING ATHLETE WELFARE, AND APPROPRIATING FUNDS THEREFOR","2026-02-18","National","1. GORRICETA, KATHRYN JOYCE F. MD","2026-02-23","YOUTH AND SPORTS DEVELOPMENT","Pending with the Committee on YOUTH AND SPORTS DEVELOPMENT since 2026-02-23","https://docs.congress.hrep.online/legisdocs/basic_20/hb07897.pdf","https://www.congress.gov.ph/bill/history?billno=HB07897&congress=20","1. Chua-Tai (000 2026-03-16)
2. Villafuerte (M. L. R.) (000 2026-08-04)","Referral To The Committee On: YOUTH AND SPORTS DEVELOPMENT On 2026-02-23
Secondarily Referred To The Committee(s) On: WOMEN AND GENDER EQUALITY","","","",""
"HB07901","Co-Authored Bills","AN ACT STRENGTHENING THE POLICIES ON ONLINE SEXUAL ABUSE OR EXPLOITATION OF CHILDREN (OSAEC) AND CHILD SEXUAL ABUSE OR EXPLOITATION MATERIALS (CSAEM), PROVIDING PENALTIES FOR ITS VIOLATIONS, APPROPRIATING FUNDS THEREFOR, AND REVISING FOR THE PURPOSE REPUBLIC ACT NO. 11930 ENTITLED “AN ACT PUNISHING ONLINE SEXUAL ABUSE OR EXPLOITATION OF CHILDREN, PENALIZING THE PRODUCTION, DISTRIBUTION, POSSESSION AND ACCESS OF CHILD SEXUAL ABUSE OR EXPLOITATION MATERIALS”","2026-02-19","National","1. ISMULA, DADAH KIRAM                                              2. DIOKNO, JOSE MANUEL TADEO ""Chel"" I.                                              3. CENDAÑA, PERCIVAL ""Perci""                                              4. BAG-AO, KAKA J.","2026-02-24","PUBLIC ORDER AND SAFETY","Substituted by HB09461","https://docs.congress.hrep.online/legisdocs/basic_20/hb07901.pdf","https://www.congress.gov.ph/bill/history?billno=HB07901&congress=20","1. Chua-Tai (000 2026-03-05)
2. Arenas (000 2026-03-10)
3. De Lima (000 2026-03-11)
4. Vergara (000 2026-03-23)
5. Matibag (000 2026-04-29)
6. Zamora (Y.M.) (000 2026-05-26)
7. Rama (000 2026-06-17)","Referral To The Committee On: PUBLIC ORDER AND SAFETY On 2026-02-24","Mother Bill: HB09461
Co-Substituted Bills: HB00809, HB02319, HB05494, HB07858, HB08276","","",""
"HB07928","Co-Authored Bills","AN ACT REQUIRING THE ESTABLISHMENT OR DESIGNATION OF DIALYSIS CLINICS IN ALL NATIONAL, REGIONAL, AND PROVINCIAL GOVERNMENT HOSPITALS, ENSURING FINANCIAL RISK PROTECTION FOR DIALYSIS SERVICES FOR INDIGENT AND FINANCIALLY INCAPACITATED PATIENTS THROUGH PHILHEALTH AND MALASAKIT CENTERS, AND APPROPRIATING FUNDS THEREFOR","2026-02-23","National","1. YAP, CHRISTOPHERSON ""Coco"" M.","2026-02-25","HEALTH","Pending with the Committee on HEALTH since 2026-02-25","https://docs.congress.hrep.online/legisdocs/basic_20/hb07928.pdf","https://www.congress.gov.ph/bill/history?billno=HB07928&congress=20","1. Chua-Tai (000 2026-07-30)","Referral To The Committee On: HEALTH On 2026-02-25","","","",""
"HB07953","Co-Authored Bills","AN ACT INSTITUTIONALIZING A NATIONAL FRAMEWORK FOR SUICIDE PREVENTION AND CRISIS RESPONSE, CREATING THE SUICIDE PREVENTION AND CRISIS RESPONSE CENTER, APPROPRIATING FUNDS THEREFOR AND FOR OTHER PURPOSES","2026-02-23","National","1. CORVERA, DALE B.","2026-02-25","HEALTH","Pending with the Committee on HEALTH since 2026-02-25","https://docs.congress.hrep.online/legisdocs/basic_20/hb07953.pdf","https://www.congress.gov.ph/bill/history?billno=HB07953&congress=20","1. Chua-Tai (000 2026-03-16)","Referral To The Committee On: HEALTH On 2026-02-25","","","",""
"HB07987","Co-Authored Bills","AN ACT TO PROMOTE RURAL HEALTH BY PROVIDING FOR AN ACCELERATED PROGRAM FOR THE CONSTRUCTION OF A POTABLE WATER SUPPLY SYSTEM IN EVERY BARANGAY IN THE COUNTRY WITHIN THREE YEARS","2026-02-23","National","1. RODRIGUEZ, RUFUS B.                                              2. RODRIGUEZ, MAXIMO  JR. B.","2026-02-25","PUBLIC WORKS AND HIGHWAYS","Pending with the Committee on PUBLIC WORKS AND HIGHWAYS since 2026-02-25","https://docs.congress.hrep.online/legisdocs/basic_20/hb07987.pdf","https://www.congress.gov.ph/bill/history?billno=HB07987&congress=20","1. Chua-Tai (000 2026-03-10)","Referral To The Committee On: PUBLIC WORKS AND HIGHWAYS On 2026-02-25","","","",""
"HB08003","Co-Authored Bills","AN ACT RECOGNIZING, PROTECTING, AND FULFILLING THE RIGHT TO ADEQUATE FOOD, ESTABLISHING A NATIONAL FRAMEWORK FOR FOOD SECURITY AND NUTRITION, PROVIDING MECHANISMS FOR ACCOUNTABILITY AND REMEDIES, AND FOR OTHER PURPOSES","2026-02-23","National","1. CRUZ, AGATHA ""Agay""","2026-02-25","HUMAN RIGHTS","Pending with the Committee on HUMAN RIGHTS since 2026-02-25","https://docs.congress.hrep.online/legisdocs/basic_20/hb08003.pdf","https://www.congress.gov.ph/bill/history?billno=HB08003&congress=20","1. Chua-Tai (000 2026-03-24)
2. Veloso-Tuazon (000 2026-05-06)
3. Tan (K. M. D.L.) (000 2026-09-14)","Referral To The Committee On: HUMAN RIGHTS On 2026-02-25","","","",""
"HB08031","Co-Authored Bills","AN ACT ESTABLISHING A COMPREHENSIVE FUEL SUBSIDY PROGRAM TO PROMOTE ECONOMIC RESILIENCE AND PROTECT LIVELIHOODS AMID FUEL PRICE VOLATILITY, PROVIDING FUNDS THEREFOR AND FOR OTHER PURPOSES","2026-02-24","National","1. DE LIMA, LEILA M.","2026-03-02","TRANSPORTATION","Pending with the Committee on TRANSPORTATION since 2026-03-02","https://docs.congress.hrep.online/legisdocs/basic_20/hb08031.pdf","https://www.congress.gov.ph/bill/history?billno=HB08031&congress=20","1. Chua-Tai (000 2026-03-16)
2. Arenas (000 2026-05-26)","Referral To The Committee On: TRANSPORTATION On 2026-03-02","","","",""
"HB08084","Co-Authored Bills","AN ACT MANDATING LOCAL GOVERNMENT UNITS TO ESTABLISH AND OPERATE A TWENTY-FOUR (24)-HOUR, SEVEN (7)-DAY (24/7) LOCAL MENTAL HEALTH AND SUICIDE CRISIS HOTLINE, AND FOR OTHER PURPOSES","2026-02-25","National","1. LAZATIN, CARMELO JR. G.","2026-03-03","HEALTH","Pending with the Committee on HEALTH since 2026-03-03","https://docs.congress.hrep.online/legisdocs/basic_20/hb08084.pdf","https://www.congress.gov.ph/bill/history?billno=HB08084&congress=20","1. Chua-Tai (000 2026-05-04)","Referral To The Committee On: HEALTH On 2026-03-03","","","",""
"HB08095","Co-Authored Bills","AN ACT MANDATING THE ESTABLISHMENT OF COMMUNITY READING CENTERS IN EVERY BARANGAY, STRENGTHENING COMMUNITY-BASED LITERACY SUPPORT, PROVIDING INCENTIVES FOR LOCAL GOVERNMENT UNITS AND PRIVATE STAKEHOLDERS, AND FOR OTHER PURPOSES","2026-02-25","National","1. VARGAS, PATRICK MICHAEL D.","2026-03-03","BASIC EDUCATION AND CULTURE","Pending with the Committee on BASIC EDUCATION AND CULTURE since 2026-03-03","https://docs.congress.hrep.online/legisdocs/basic_20/hb08095.pdf","https://www.congress.gov.ph/bill/history?billno=HB08095&congress=20","1. Chua-Tai (000 2026-03-11)","Referral To The Committee On: BASIC EDUCATION AND CULTURE On 2026-03-03","","","",""
"HB08190","Co-Authored Bills","AN ACT DEFINING ROAD RAGE AS A CRIMINAL OFFENSE AND PROVIDING PENALTIES THEREFOR","2026-03-02","National","1. MARCOS, FERDINAND ALEXANDER A.","2026-03-04","TRANSPORTATION","Pending with the Committee on TRANSPORTATION since 2026-03-04","https://docs.congress.hrep.online/legisdocs/basic_20/hb08190.pdf","https://www.congress.gov.ph/bill/history?billno=HB08190&congress=20","1. Rama (000 2026-03-09)
2. Sakaluran (000 2026-03-16)
3. Arenas (000 2026-03-16)
4. Chua-Tai (000 2026-05-04)
5. Barba (000 2026-05-13)
6. Revilla (R. J.) (000 2026-08-11)","Referral To The Committee On: TRANSPORTATION On 2026-03-04","","","",""
"HB08204","Co-Authored Bills","AN ACT MANDATING THE PROVISION OF MATERNITY PACKAGES TO PREGNANT FILIPINO WOMEN BELONGING TO THE LOW-INCOME GROUP, PROVIDING FUNDS THEREFOR, AND FOR OTHER PURPOSES","2026-03-02","National","1. YAP, ERIC GO","2026-03-04","WOMEN AND GENDER EQUALITY","Pending with the Committee on WOMEN AND GENDER EQUALITY since 2026-03-04","https://docs.congress.hrep.online/legisdocs/basic_20/hb08204.pdf","https://www.congress.gov.ph/bill/history?billno=HB08204&congress=20","1. Chua-Tai (000 2026-03-18)","Referral To The Committee On: WOMEN AND GENDER EQUALITY On 2026-03-04","","","",""
"HB08393","Co-Authored Bills","AN ACT DEFINING AND PENALIZING VIOLENCE AGAINST WOMEN IN POLITICS (VAWP), PROVIDING PROTECTIVE MEASURES THEREFOR, AND FOR OTHER PURPOSES","2026-03-10","National","1. DE LIMA, LEILA M.                                              2. ORTEGA, FRANCISCO PAOLO V P.                                              3. MATIBAG, ANN                                              4. BAG-AO, KAKA J.                                              5. BARBERS, BERNADETTE S.                                              6. BARONDA, JULIENNE ""Jam"" L.                                              7. CO-PILAR, MA. VICTORIA                                              8. CRUZ, AGATHA ""Agay""                                              9. CUA, MIDY N.                                              10. DEGAMO, JANICE                                              11. DEL MAR, RACHEL MARGUERITE B.                                              12. GARIN, JANETTE L.                                              13. ISMULA, DADAH KIRAM                                              14. LAGMAN, CIELO KRISEL                                              15. LUISTRO, ATTY. GERVILE ""Jinky Bitrics"" R.                                              16. SINGSON-MEEHAN, KRISTINE                                              17. MONTES, IRIS MARIE DEMESA                                              18. VARGAS-ALFONSO, BABY ALINE                                              19. VELOSO-TUAZON, ANNA VICTORIA                                              20. VILLARICA, LINABELLE RUTH R.                                              21. ZAMORA, YSABEL MARIA J.                                              22. ABALOS, JC M.                                              23. ADIONG,ZIAUR-RAHMAN ""Zia"" ALONTO                                              24. AGARAO, BENJAMIN JR. C.                                              25. AMATONG, ADRIAN MICHAEL A.                                              26. BALINDONG, YASSER ALONTO                                              27. BENITEZ, JAVIER MIGUEL LOPEZ                                              28. CENDAÑA, PERCIVAL ""Perci""                                              29. CHUA, JOEL R.                                              30. DAZA, NIKO RAUL S.J.                                              31. DIOKNO, JOSE MANUEL TADEO ""Chel"" I.                                              32. DIONISIO, ERNESTO JR. M.                                              33. ERICE, EDGAR R.                                              34. FRESNEDI, JAIME R.                                              35. GONZALES, CHRISTOPHER SHEEN P.                                              36. KHONGHUN, JEFFERSON F.                                              37. NISAY, JERNIE JETT V.                                              38. RAMA, EDUARDO JR R.                                              39. RIDON, TERRY L.                                              40. SINGSON, RONALD V.                                              41. SUAN, LORDAN G.                                              42. UMALI, ALFONSO JR. V.","2026-03-16","WOMEN AND GENDER EQUALITY","Pending with the Committee on WOMEN AND GENDER EQUALITY since 2026-03-16","https://docs.congress.hrep.online/legisdocs/basic_20/hb08393.pdf","https://www.congress.gov.ph/bill/history?billno=HB08393&congress=20","1. Javier (000 2026-03-16)
2. Castro (000 2026-03-16)
3. Yap ( G.) (000 2026-03-18)
4. Chua-Tai (000 2026-05-04)","Referral To The Committee On: WOMEN AND GENDER EQUALITY On 2026-03-16","","","",""
"HB08422","Co-Authored Bills","AN ACT STRENGTHENING THE NATIONAL AGRICULTURE AND FISHERIES EXTENSION SYSTEM TO ACCELERATE AGRICULTURE AND FISHERIES DEVELOPMENT, APPROPRIATING FUNDS THEREFOR, AND FOR OTHER PURPOSES","2026-03-11","National","1. GUINTU, IVAN HOWARD A.","2026-03-17","AGRICULTURE AND FOOD","Pending with the Committee on AGRICULTURE AND FOOD since 2026-03-17","https://docs.congress.hrep.online/legisdocs/basic_20/hb08422.pdf","https://www.congress.gov.ph/bill/history?billno=HB08422&congress=20","1. Chua-Tai (000 2026-05-05)
2. Singson-Meehan (000 2026-05-11)","Referral To The Committee On: AGRICULTURE AND FOOD On 2026-03-17
Secondarily Referred To The Committee(s) On: AQUACULTURE AND FISHERIES RESOURCES","","","",""
"HB08439","Co-Authored Bills","AN ACT ESTABLISHING A CENTER FOR AUTISM IN EVERY PROVINCE AND HIGHLY URBANIZED CITY, PROVIDING FOR ITS FUNCTIONS, GOVERNING STRUCTURE, AND APPROPRIATING FUNDS THEREFOR AS PART OF THE NATIONAL AUTISM CENTER NETWORK","2026-03-11","National","1. LEGACION, NELSON S.","2026-03-17","HEALTH","Pending with the Committee on HEALTH since 2026-05-13","https://docs.congress.hrep.online/legisdocs/basic_20/hb08439.pdf","https://www.congress.gov.ph/bill/history?billno=HB08439&congress=20","1. Chua-Tai (000 2026-06-02)","Referral To The Committee On: HEALTH On 2026-05-13
Secondarily Referred To The Committee(s) On: PERSONS WITH DISABILITIES
Previous Committee Referrals: PRIMARILY REFERRED TO HEALTH on 2026-03-17","","","",""
"HB08486","Co-Authored Bills","AN ACT ESTABLISHING A NURSING HOME FOR QUALIFIED HOMELESS AND ABANDONED SENIOR CITIZENS IN EVERY CITY OR MUNICIPALITY IN THE PHILIPPINES, APPROPRIATING FUNDS THEREFOR, AND FOR OTHER PURPOSES","2026-03-12","National","1. CRUZ, RICARDO JR. S.","2026-03-17","SENIOR CITIZENS","Referred to the Technical Working Group (TWG) on 2026-05-20","https://docs.congress.hrep.online/legisdocs/basic_20/hb08486.pdf","https://www.congress.gov.ph/bill/history?billno=HB08486&congress=20","1. Chua-Tai (000 2026-05-05)","Referral To The Committee On: SENIOR CITIZENS On 2026-03-17","Committee Hearings/Actions:
1. Referred to the Technical Working Group (TWG) on 2026-05-20","","",""
"HB08488","Co-Authored Bills","AN ACT STRENGTHENING LOCAL SPORTS PROGRAMS TO DEVELOP YOUNG ATHLETES, AND APPROPRIATING FUNDS THEREFOR","2026-03-12","National","1. CRUZ, RICARDO JR. S.","2026-03-17","YOUTH AND SPORTS DEVELOPMENT","Scheduled for Meeting/Hearing on 2026-06-03","https://docs.congress.hrep.online/legisdocs/basic_20/hb08488.pdf","https://www.congress.gov.ph/bill/history?billno=HB08488&congress=20","1. Chua-Tai (000 2026-05-05)","Referral To The Committee On: YOUTH AND SPORTS DEVELOPMENT On 2026-03-17","Committee Hearings/Actions:
1. Deliberated upon by the Mother Committee on 2006-06-03
-• Approved, subject to style and amendments, with all members present be included as co-authors.
2. Scheduled for Meeting/Hearing on 2026-06-03","","",""
"HB08491","Co-Authored Bills","AN ACT REGULATING THE SALE OF MOTOR VEHICLES BY REQUIRING A PROOF-OF-PARKING SPACE OR GARAGE FACILITY FRO? ????R VEHICLE BUYERS AS A PREREQUISITE FOR THE PURCHASE OF A MOTOR VEHICLE AND REGISTRATION WITH THE LAND TRANSPORTATION OFFICE","2026-03-12","National","1. CRUZ, RICARDO JR. S.","2026-03-17","TRANSPORTATION","Pending with the Committee on TRANSPORTATION since 2026-03-17","https://docs.congress.hrep.online/legisdocs/basic_20/hb08491.pdf","https://www.congress.gov.ph/bill/history?billno=HB08491&congress=20","1. Chua-Tai (000 2026-05-05)","Referral To The Committee On: TRANSPORTATION On 2026-03-17","","","",""
"HB08513","Co-Authored Bills","AN ACT INSTITUTING A NATIONAL EARLY DETECTION AND INTERVENTION FRAMEWORK FOR CHILDREN WITH DEVELOPMENTAL DELAYS AND DISABILITIES, ESTABLISHING A NATIONAL REFERRAL PATHWAY, STRENGTHENING INTER-AGENCY COORDINATION, EXPANDING EQUITABLE ACCESS TO DEVELOPMENTAL SERVICES, AND APPROPRIATING FUNDS THEREFOR","2026-03-16","National","1. MARQUEZ, JESUS ""Jess"" R.","2026-03-18","WELFARE OF CHILDREN","Pending with the Committee on WELFARE OF CHILDREN since 2026-03-18","https://docs.congress.hrep.online/legisdocs/basic_20/hb08513.pdf","https://www.congress.gov.ph/bill/history?billno=HB08513&congress=20","1. Chua-Tai (000 2026-05-04)","Referral To The Committee On: WELFARE OF CHILDREN On 2026-03-18","","","",""
"HB08532","Co-Authored Bills","AN ACT PROVIDING FOR FREE DENTAL, VISION, AND HEARING ASSISTIVE DEVICES, INCLUDING DENTURES, PRESCRIPTION GLASSES, AND HEARING AIDS, TO SENIOR CITIZENS AND INDIGENTS","2026-03-16","National","1. SORIANO, JEFFREY                                              2. TULFO, JOCELYN P.","2026-03-18","HEALTH","Pending with the Committee on HEALTH since 2026-03-18","https://docs.congress.hrep.online/legisdocs/basic_20/hb08532.pdf","https://www.congress.gov.ph/bill/history?billno=HB08532&congress=20","1. Chua-Tai (000 2026-05-11)
2. Tulfo (R. W. P.) (000 2026-09-07)","Referral To The Committee On: HEALTH On 2026-03-18","","","",""
"HB08592","Co-Authored Bills","AN ACT REQUIRING AIR CARRIERS AND PASSENGER SHIP OPERATORS TO PROVIDE EMERGENCY INJECTABLE ALLERGY MEDICATION ON BOARD, PRESCRIBING MINIMUM STANDARDS FOR STOCKING, STORAGE, TRAINING, AND REPORTING, AND FOR OTHER PURPOSES","2026-03-17","National","1. YAP, CHRISTOPHERSON ""Coco"" M.","2026-03-18","TRANSPORTATION","Pending with the Committee on TRANSPORTATION since 2026-03-18","https://docs.congress.hrep.online/legisdocs/basic_20/hb08592.pdf","https://www.congress.gov.ph/bill/history?billno=HB08592&congress=20","1. Chua-Tai (000 2026-05-26)","Referral To The Committee On: TRANSPORTATION On 2026-03-18","","","",""
"HB08598","Co-Authored Bills","AN ACT PROTECTING CHILDREN AND MINORS IN SOCIAL MEDIA PLATFORMS, STRENGTHENING TRANSPARENCY AND USER CONTROLS, AND ENSURING PERSONAL DATA PROTECTION IN THE USE OF SOCIAL MEDIA","2026-03-17","National","1. YAP, CHRISTOPHERSON ""Coco"" M.","2026-03-18","WELFARE OF CHILDREN","Pending with the Committee on WELFARE OF CHILDREN since 2026-03-18","https://docs.congress.hrep.online/legisdocs/basic_20/hb08598.pdf","https://www.congress.gov.ph/bill/history?billno=HB08598&congress=20","1. Chua-Tai (000 2026-05-26)","Referral To The Committee On: WELFARE OF CHILDREN On 2026-03-18","","","",""
"HB08599","Co-Authored Bills","AN ACT IMPOSING STIFFER PENALTIES FOR CHILD ABUSE, EXPLOITATION AND DISCRIMINATION, AMENDING FOR THE PURPOSE REPUBLIC ACT NO. 7610, AS AMENDED","2026-03-17","National","1. YAP, CHRISTOPHERSON ""Coco"" M.","2026-03-18","WELFARE OF CHILDREN","Pending with the Committee on WELFARE OF CHILDREN since 2026-03-18","https://docs.congress.hrep.online/legisdocs/basic_20/hb08599.pdf","https://www.congress.gov.ph/bill/history?billno=HB08599&congress=20","1. Chua-Tai (000 2026-05-26)","Referral To The Committee On: WELFARE OF CHILDREN On 2026-03-18","","","",""
"HB08604","Co-Authored Bills","AN ACT PROVIDING FUEL SUBSIDY FOR MUNICIPAL FISHERFOLK, APPROPRIATING FUNDS THEREFOR, AND FOR OTHER PURPOSES","2026-03-17","National","1. DEGAMO, JANICE","2026-03-18","AQUACULTURE AND FISHERIES RESOURCES","Pending with the Committee on AQUACULTURE AND FISHERIES RESOURCES since 2026-03-18","https://docs.congress.hrep.online/legisdocs/basic_20/hb08604.pdf","https://www.congress.gov.ph/bill/history?billno=HB08604&congress=20","1. Chua-Tai (000 2026-05-11)","Referral To The Committee On: AQUACULTURE AND FISHERIES RESOURCES On 2026-03-18","","","",""
"HB08668","Co-Authored Bills","AN ACT MANDATING THE CONSTRUCTION OF THE ZAMBOANGA PENINSULA EXPRESSWAY WITH A PARALLEL RAILWAY SYSTEM AND APPROPRIATING FUNDS THEREFOR","2026-03-18","Local","1. AMATONG, ADRIAN MICHAEL A.","2026-05-04","TRANSPORTATION","Pending with the Committee on TRANSPORTATION since 2026-05-04","https://docs.congress.hrep.online/legisdocs/basic_20/hb08668.pdf","https://www.congress.gov.ph/bill/history?billno=HB08668&congress=20","1. Chua-Tai (000 2026-05-19)
2. Hofer-Hasim (000 2026-05-25)","Referral To The Committee On: TRANSPORTATION On 2026-05-04","","","",""
"HB08701","Co-Authored Bills","AN ACT MANDATING HIGHER EDUCATION INSTITUTIONS TO DIGITALIZE PROCESSING SYSTEMS OF ACADEMIC RECORDS AND TO PROVIDE COPIES THEREOF FREE OF CHARGE TO FRESH GRADUATES WHO ARE APPLYING FOR EMPLOYMENT","2026-03-18","National","1. MARCOS, FERDINAND ALEXANDER A.","2026-05-04","HIGHER AND TECHNICAL EDUCATION","Measure approved by the Committee on 2026-06-02","https://docs.congress.hrep.online/legisdocs/basic_20/hb08701.pdf","https://www.congress.gov.ph/bill/history?billno=HB08701&congress=20","1. Marquez (000 2026-03-24)
2. Bulut-Begtang (000 2026-05-12)
3. Chua-Tai (000 2026-06-03)
4. Solon (000 2026-06-02)
5. Guintu (000 2026-06-02)
6. Arenas (000 2026-06-03)
7. Adiong (000 2026-06-17)
8. Galeos (000 2026-08-12)
9. Gonzales (A. M.) (000 2026-08-12)
10. Frasco (000 2026-08-24)","Referral To The Committee On: HIGHER AND TECHNICAL EDUCATION On 2026-05-04","Committee Hearings/Actions:
1. Measure approved by the Committee on 2026-06-02","","",""
"HB08704","Co-Authored Bills","AN ACT REGULATING THE ACCESS OF MINORS TO SOCIAL MEDIA PLATFORMS, REQUIRING AGE VERIFICATION AND PARENTAL CONSENT MECHANISMS, PROVIDING SAFEGUARDS FOR CHILDREN ONLINE, AND FOR OTHER PURPOSES","2026-03-18","National","1. EMANO, YEVGENY VINCENTE B.","2026-05-04","WELFARE OF CHILDREN","Pending with the Committee on WELFARE OF CHILDREN since 2026-05-04","https://docs.congress.hrep.online/legisdocs/basic_20/hb08704.pdf","https://www.congress.gov.ph/bill/history?billno=HB08704&congress=20","1. Chua-Tai (000 2026-05-19)","Referral To The Committee On: WELFARE OF CHILDREN On 2026-05-04","","","",""
"HB08816","Co-Authored Bills","AN ACT GRANTING A TEMPORARY THIRTY (30) DAY GRACE PERIOD FOR THE PAYMENT OF RESIDENTIAL ELECTRIC BILLS OF LIFELINE CONSUMERS, LOW-INCOME HOUSEHOLDS, AND MICRO, SMALL, AND MEDIUM ENTERPRISES DURING A DECLARED NATIONAL ENERGY EMERGENCY, PROHIBITING DISCONNECTION DURING THE GRACE PERIOD, PROHIBITING THE IMPOSITION OF INTEREST, PENALTIES, AND OTHER CHARGES THEREON, AND FOR OTHER PURPOSES","2026-03-30","National","1. DEGAMO, JANICE","2026-05-04","ENERGY","Pending with the Committee on ENERGY since 2026-05-04","https://docs.congress.hrep.online/legisdocs/basic_20/hb08816.pdf","https://www.congress.gov.ph/bill/history?billno=HB08816&congress=20","(Journal Entries)
1. Chua-Tai (000 2026-05-19)","Referral To The Committee On: ENERGY On 2026-05-04","","","",""
"HB08828","Co-Authored Bills","AN ACT RECOGNIZING AUTISM SPECTRUM DISORDER, ATTENTION DEFICIT HYPERACTIVITY DISORDER, AND DOWN SYNDROME AS DISTINCT AND SEPARATE CATEGORIES OF DISABILITIES IN THE DEPARTMENT OF HEALTH'S PHILIPPINE REGISTRY FOR PERSONS WITH DISABILITIES, AND APPROPRIATING FUNDS THEREFOR","2026-04-08","National","1. DE LIMA, LEILA M.","2026-05-04","HEALTH","Pending with the Committee on HEALTH since 2026-05-13","https://docs.congress.hrep.online/legisdocs/basic_20/hb08828.pdf","https://www.congress.gov.ph/bill/history?billno=HB08828&congress=20","(Journal Entries)
1. Chua-Tai (000 2026-05-19)
2. Arenas (000 2026-06-03)","Referral To The Committee On: HEALTH On 2026-05-13

Secondarily Referred To The Committee(s) On: PERSONS WITH DISABILITIES

Previous Committee Referrals: PRIMARILY REFERRED TO HEALTH on 2026-05-04","","","",""
"HB08834","Co-Authored Bills","AN ACT ESTABLISHING THE KALINGA PROGRAM AS A NATIONAL EMERGENCY RESPONSE FRAMEWORK TO MITIGATE FUEL-DRIVEN INFLATION, ENSURE ENERGY AND ESSENTIAL GOODS SUPPLY SECURITY, PROVIDE TARGETED AND TIME-BOUND ASSISTANCE TO VULNERABLE SECTORS, GRANT FLEXIBLE EMERGENCY POWERS TO THE PRESIDENT, AND FOR OTHER PURPOSES","2026-04-08","National","1. DY, FAUSTINO III G.                                              2. MARCOS, FERDINAND ALEXANDER A.","2026-05-04","AD HOC COMMITTEE ON LEGISLATIVE ENERGY ACTION AND DEVELOPMENT (LEAD)","Substituted by HB09305","https://docs.congress.hrep.online/legisdocs/basic_20/hb08834.pdf","https://www.congress.gov.ph/bill/history?billno=HB08834&congress=20","(Journal Entries)
1. Romualdo (000 2026-04-22)
2. Marquez (000 2026-04-21)
3. Cayton (000 2026-05-05)
4. Guintu (000 2026-05-11)
5. Emano (000 2026-05-05)
6. Rama (000 2026-05-06)
7. Ongchuan (000 2026-05-05)
8. Robes (000 2026-05-04)
9. Angeles (000 2026-05-13)
10. Hofer-Hasim (000 2026-05-13)
11. Espina (000 2026-05-18)
12. Tupas (000 2026-05-18)
13. Loyola (000 2026-05-12)
14. Barba (000 2026-05-13)
15. Baronda (000 2026-05-18)
16. Yulo (000 2026-05-18)
17. Sakaluran (000 2026-05-25)
18. Luistro (000 2026-06-02)
19. Cari (000 2026-06-02)
20. Chua-Tai (000 2026-06-02)
21. Tan (K. M. D.L.) (000 2026-06-02)
22. Ko (000 2026-06-02)","Referral To The Committee On: AD HOC COMMITTEE ON LEGISLATIVE ENERGY ACTION AND DEVELOPMENT (LEAD) On 2026-05-04","Mother Bill: HB09305","","",""
"HB09305","Co-Authored Bills","AN ACT ESTABLISHING THE KALINGA PROGRAM AS A NATIONAL EMERGENCY RESPONSE FRAMEWORK TO MITIGATE FUEL-DRIVEN INFLATION, ENSURE ENERGY AND ESSENTIAL GOODS SUPPLY SECURITY, PROVIDE TARGETED AND TIME-BOUND ASSISTANCE TO VULNERABLE SECTORS, GRANT FLEXIBLE EMERGENCY POWERS TO THE PRESIDENT, AND FOR OTHER PURPOSES","2026-04-08","National","1. DY, FAUSTINO III G.                                              2. MARCOS, FERDINAND ALEXANDER A.","2026-05-04","AD HOC COMMITTEE ON LEGISLATIVE ENERGY ACTION AND DEVELOPMENT (LEAD)","Substituted by HB09305","https://docs.congress.hrep.online/legisdocs/basic_20/hb09305.pdf","https://www.congress.gov.ph/bill/history?billno=HB09305&congress=20","(Journal Entries)
1. Villanueva (000 2026-05-20)
2. Escudero (000 2026-05-20)
3. Primicias-Agabas (000 2026-05-25)
4. Dionisio (000 2026-05-25)
5. Gutierrez (000 2026-05-25)
6. Ortega (000 2026-05-25)
7. Khonghun (000 2026-05-25)
8. Adiong (000 2026-05-25)
9. Hernandez (C. A.) (000 2026-05-20)
10. Vargas (000 2026-05-26)
11. Teodoro (000 2026-05-25)
12. Abante (000 2026-05-25)
13. Del Mar (000 2026-05-20)
14. Bulut-Begtang (000 2026-06-02)
15. Albano (000 2026-06-02)
16. Ouano-Dizon (000 2026-06-02)
17. Gonzales (A.) (000 2026-06-02)
18. Soriano (000 2026-06-03)
19. Padiernos (000 2026-06-02)
20. Chua-Tai (000 2026-07-30)
Author/s (Final/Third Reading)
1. Dy (F.)
2. Marcos
3. Quimbo
4. Alvarez (J.)
5. Enverga
6. Suansing (M. A. B.)
7. Horibata
8. Legarda
9. Arenas
10. Villafuerte (M. L. R.)
11. Revilla (R. J.)
12. Revilla ( B. B.)
13. Almario (C.M.)
14. Dalog
15. Pumaren
16. Singson-Meehan
17. Garin
18. Khonghun
19. Emano
20. Suarez
21. Dionisio
22. Veloso-Tuazon
23. Gonzales (A. M.)
24. Panaligan
25. Baronda
26. Guintu
27. Rama
28. Gutierrez
29. Arbison (M. N. JR.)
30. Acosta
31. Cruz (A.)
32. Lagon (D. A.)
33. Atayde
34. Adiong
35. Dimaguila
36. Collantes
37. Poe
38. Mangudadatu
39. Mastura
40. Roman
41. Santos (M.A.)
42. Benitez (J.M.)
43. Bautista (J. M. G.)
44. Suansing (B. V. B.)
45. De Lima
46. Tan (S. J. T.)
47. Dagooc
48. Suntay
49. Nazal
50. Gonzales (C. S.)
51. Daza
52. Montes
53. Garcia (A.)
54. Lumayag
55. Tanjuatco
56. Angeles
57. Ledesma
58. Rodriguez (R.B.)
59. Lagbas
60. Valeriano
61. Yap (ERIC)
62. Robes
63. Gardiola
64. Yu (J.K.)
65. Salvacion
66. Ongchuan
67. Vergara
68. Salvame
69. Yap (A.)
70. Matibag
71. Yulo
72. Beltran
73. Rivera
74. Cruzado
75. Degamo
76. Galeos
77. Cari
78. Garcia (D.)
79. Espina
80. Cagas
81. Ordanes
82. Lagdameo (M. Y. M. Q.)
83. Vargas-Alfonso
84. Garcia (M. A.)
85. Nava
86. Mercado
87. Sagarbarria
88. Lopez
89. Yap (C.)
90. Momo
91. Pancho
92. Tan (J. S.)
93. Maniquiz
94. Castro
95. Tupas
96. Pleyto
97. Marquez
98. Labadlabad
99. Ynares
100. Bautista-Lim
101. Lara
102. Tieng
103. Bancoro
104. Tulfo (J. P.)
105. Aquino
106. Hernandez (R. L.)
107. Bolilia
108. Agyao
109. Cayton
110. Gatchalian
111. Lagdameo (J. M. F.)
112. Lazatin
113. Yamsuan
114. Arrogancia
115. Matugas
116. Legacion
117. Dayanghirang
118. Macapagal-Arroyo
119. Padiernos
120. Chan
121. Oducado
122. Loria
123. Solon
124. Ridon
125. Ty
126. Oreta (A. A.)
127. Barba
128. Gonzales (R.)
129. Lagon (S. L.)
130. Romualdo
131. Alano
132. Garbin
133. Garcia (J. A.)
134. Marcoleta
135. Olivarez
136. Dimaporo ( S. A. Q.)
137. Dimacuha
138. Oaminal (H. F.)
139. Lacson
140. Tereng
141. Regencia
142. Espares
143. Salceda
144. Sakaluran
145. Del Mar
146. Dy (F.M.C.)
147. Domogan
148. Mercado-Revilla
149. Hofer-Hasim
150. Chan (J.)
151. Bañas-Nograles
152. Rodriguez ( E. R.)
153. Sali
154. Tiangco
155. Erice
156. Loyola
157. Villanueva
158. Escudero","Referral To The Committee On: RULES On 2026-05-18

Date Included In OB: 2026-05-18

Date Calendared: 2026-05-19","Committee Report No.: 00313

Submitted On: 2026-05-18

Submitted By: AD HOC COMMITTEE ON LEGISLATIVE ENERGY ACTION AND DEVELOPMENT (LEAD)

Recommendations: Recommending its approval in substitution of House Bill No. 8834

Substituted Bills: HB08834","Period Of Sponsorship: 2026-05-19, 2026-05-20

Sponsored By: Quimbo;Quimbo

Period Of Interpellations: 2026-05-19, 2026-05-20

Interpellated By: Tinio, San Fernando, Elago, Leviste, Nazal, Marcoleta, Leviste

Period Of Individual Amendments: 2026-05-20

Amended By: Yap (A.), Dagooc, Montes, Marcoleta, Leviste, Valeriano

Final List of Author
1. Dy (F.)
2. Marcos
3. Quimbo
4. Alvarez (J.)
5. Enverga
6. Suansing (M. A. B.)
7. Horibata
8. Legarda
9. Arenas
10. Villafuerte (M. L. R.)
11. Revilla (R. J.)
12. Revilla ( B. B.)
13. Almario (C.M.)
14. Dalog
15. Pumaren
16. Singson-Meehan
17. Garin
18. Khonghun
19. Emano
20. Suarez
21. Dionisio
22. Veloso-Tuazon
23. Gonzales (A. M.)
24. Panaligan
25. Baronda
26. Guintu
27. Rama
28. Gutierrez
29. Arbison (M. N. JR.)
30. Acosta
31. Cruz (A.)
32. Lagon (D. A.)
33. Atayde
34. Adiong
35. Dimaguila
36. Collantes
37. Poe
38. Mangudadatu
39. Mastura
40. Roman
41. Santos (M.A.)
42. Benitez (J.M.)
43. Bautista (J. M. G.)
44. Suansing (B. V. B.)
45. De Lima
46. Tan (S. J. T.)
47. Dagooc
48. Suntay
49. Nazal
50. Gonzales (C. S.)
51. Daza
52. Montes
53. Garcia (A.)
54. Lumayag
55. Tanjuatco
56. Angeles
57. Ledesma
58. Rodriguez (R.B.)
59. Lagbas
60. Valeriano
61. Yap (ERIC)
62. Robes
63. Gardiola
64. Yu (J.K.)
65. Salvacion
66. Ongchuan
67. Vergara
68. Salvame
69. Yap (A.)
70. Matibag
71. Yulo
72. Beltran
73. Rivera
74. Cruzado
75. Degamo
76. Galeos
77. Cari
78. Garcia (D.)
79. Espina
80. Cagas
81. Ordanes
82. Lagdameo (M. Y. M. Q.)
83. Vargas-Alfonso
84. Garcia (M. A.)
85. Nava
86. Mercado
87. Sagarbarria
88. Lopez
89. Yap (C.)
90. Momo
91. Pancho
92. Tan (J. S.)
93. Maniquiz
94. Castro
95. Tupas
96. Pleyto
97. Marquez
98. Labadlabad
99. Ynares
100. Bautista-Lim
101. Lara
102. Tieng
103. Bancoro
104. Tulfo (J. P.)
105. Aquino
106. Hernandez (R. L.)
107. Bolilia
108. Agyao
109. Cayton
110. Gatchalian
111. Lagdameo (J. M. F.)
112. Lazatin
113. Yamsuan
114. Arrogancia
115. Matugas
116. Legacion
117. Dayanghirang
118. Macapagal-Arroyo
119. Padiernos
120. Chan
121. Oducado
122. Loria
123. Solon
124. Ridon
125. Ty
126. Oreta (A. A.)
127. Barba
128. Gonzales (R.)
129. Lagon (S. L.)
130. Romualdo
131. Alano
132. Garbin
133. Garcia (J. A.)
134. Marcoleta
135. Olivarez
136. Dimaporo ( S. A. Q.)
137. Dimacuha
138. Oaminal (H. F.)
139. Lacson
140. Tereng
141. Regencia
142. Espares
143. Salceda
144. Sakaluran
145. Del Mar
146. Dy (F.M.C.)
147. Domogan
148. Mercado-Revilla
149. Hofer-Hasim
150. Chan (J.)
151. Bañas-Nograles
152. Rodriguez ( E. R.)
153. Sali
154. Tiangco
155. Erice
156. Loyola
157. Villanueva
158. Escudero

Date Approved On Second Reading: 2026-05-20","Date Copy Distributed To Members: 2026-05-21

Date Approved By The House On Third Reading: 2026-06-03

Third Reading Title: AN ACT INSTITUTIONALIZING A NATIONAL EMERGENCY RESPONSE AND RESILIENCY FRAMEWORK AND GRANTING EMERGENCY POWERS TO THE PRESIDENT OF THE REPUBLIC OF THE PHILIPPINES, CREATING FOR THE PURPOSE THE “KALINGA PROGRAM” TO ENSURE ECONOMIC STABILITY, ENERGY SECURITY, AND CONTINUITY OF ESSENTIAL SERVICES

House Votes: YEAS:294 NAYS:3 ABSTAIN:0

Date Transmitted To The Senate: 2026-06-08

Actions Taken By The Senate/House

Date Received By The Senate: 2026-06-08",""
"HB08850","Co-Authored Bills","AN ACT ESTABLISHING MULTIDISCIPLINARY RESEARCH CENTERS REGARDING WOMEN’S HEALTH AND DISEASE PREVENTION AND CONDUCTING A RESEARCH PROGRAM ON HORMONE DISRUPTION, AND FOR OTHER PURPOSES","2026-04-14","National","1. BENITEZ, JAVIER MIGUEL LOPEZ","2026-05-04","HEALTH","Pending with the Committee on HEALTH since 2026-05-04","https://docs.congress.hrep.online/legisdocs/basic_20/hb08850.pdf","https://www.congress.gov.ph/bill/history?billno=HB08850&congress=20","1. Chua-Tai (000 2026-08-17)","Referral To The Committee On: HEALTH On 2026-05-04","","","",""
"HB09091","Co-Authored Bills","AN ACT GUARANTEEING UNIVERSAL AND FREE ACCESS TO PERIOD PRODUCTS AND OTHER REPRODUCTIVE HEALTH ITEMS, STRENGTHENING AND EXPANDING REPUBLIC ACT NO. 10354, OTHERWISE KNOWN AS THE RESPONSIBLE PARENTHOOD AND REPRODUCTIVE HEALTH ACT OF 2012, AND APPROPRIATING FUNDS THEREFOR","2026-05-05","National","1. LAGBAS, ATTY. JENNIFER ""Karen""  A.","2026-05-11","HEALTH","Pending with the Committee on HEALTH since 2026-05-11","https://docs.congress.hrep.online/legisdocs/basic_20/hb09091.pdf","https://www.congress.gov.ph/bill/history?billno=HB09091&congress=20","1. Chua-Tai (000 2026-05-26)","Referral To The Committee On: HEALTH On 2026-05-11","","","",""
"HB09101","Co-Authored Bills","AN ACT PROVIDING FOR A COMPREHENSIVE AND RESPONSIVE CIVIL REGISTRATION AND VITAL STATISTICS SYSTEM, PROVIDING FUNDS THEREFOR, AND FOR OTHER PURPOSES","2026-05-05","National","1. SORIANO, JEFFREY","2026-05-11","POPULATION AND FAMILY RELATIONS","Pending with the Committee on POPULATION AND FAMILY RELATIONS since 2026-05-11","https://docs.congress.hrep.online/legisdocs/basic_20/hb09101.pdf","https://www.congress.gov.ph/bill/history?billno=HB09101&congress=20","1. Chua-Tai (000 2026-06-03)
2. Olivarez (000 2026-08-04)","Referral To The Committee On: POPULATION AND FAMILY RELATIONS On 2026-05-11","","","",""
"HB09136","Co-Authored Bills","AN ACT EXEMPTING DRUGS AND MEDICINES PRESCRIBED FOR MENTAL HEALTH CONDITION FROM VALUE-ADDED TAX (VAT)","2026-05-06","National","1. ACOP, PHILIP CONRAD M.","2026-05-12","WAYS AND MEANS","Pending with the Committee on WAYS AND MEANS since 2026-05-12","https://docs.congress.hrep.online/legisdocs/basic_20/hb09136.pdf","https://www.congress.gov.ph/bill/history?billno=HB09136&congress=20","1. Chua-Tai (000 2026-07-30)","Referral To The Committee On: WAYS AND MEANS On 2026-05-12","","","",""
"HB09137","Co-Authored Bills","AN ACT PROMOTING MENTAL HEALTH AND WELL-BEING IN THE WORKPLACE AND INSTITUTING MEASURES TO PREVENT BURNOUT, AND FOR OTHER PURPOSES","2026-05-06","National","1. ACOP, PHILIP CONRAD M.","2026-05-12","LABOR AND EMPLOYMENT","Pending with the Committee on LABOR AND EMPLOYMENT since 2026-05-12","https://docs.congress.hrep.online/legisdocs/basic_20/hb09137.pdf","https://www.congress.gov.ph/bill/history?billno=HB09137&congress=20","1. Chua-Tai (000 2026-07-30)","Referral To The Committee On: LABOR AND EMPLOYMENT On 2026-05-12","","","",""
"HB09138","Co-Authored Bills","AN ACT ESTABLISHING THE NATIONAL YOUTH MENTAL HEALTH AND DIGITAL WELLBEING PROGRAM, PROVIDING MENTAL HEALTH PROFESSIONALS IN SCHOOLS, REGULATING HARMFUL DIGITAL PRACTICES, AND STRENGTHENING EARLY INTERVENTION FOR FILIPINO STUDENTS","2026-05-06","National","1. ACOP, PHILIP CONRAD M.","2026-05-12","BASIC EDUCATION AND CULTURE","Pending with the Committee on BASIC EDUCATION AND CULTURE since 2026-05-12","https://docs.congress.hrep.online/legisdocs/basic_20/hb09138.pdf","https://www.congress.gov.ph/bill/history?billno=HB09138&congress=20","1. Chua-Tai (000 2026-07-30)
2. Rama (000 2026-09-02)","Referral To The Committee On: BASIC EDUCATION AND CULTURE On 2026-05-12
Secondarily Referred To The Committee(s) On: HIGHER AND TECHNICAL EDUCATION","","","",""
"HB09148","Co-Authored Bills","AN ACT ESTABLISHING THE KALINGA PROGRAM TO SHIELD FILIPINO HOUSEHOLDS, WORKERS, FARMERS, FISHERFOLK, TRANSPORT OPERATORS, AND MICRO, SMALL, AND MEDIUM ENTERPRISES (MSMES) FROM FUEL-DRIVEN INFLATION, ENERGY SUPPLY DISRUPTIONS, AND ESSENTIAL GOODS PRICE SHOCKS, AND FOR OTHER PURPOSES","2026-05-06","National","1. ESCUDERO, MARIE BERNADETTE G.","2026-05-12","AD HOC COMMITTEE ON LEGISLATIVE ENERGY ACTION AND DEVELOPMENT (LEAD)","Pending with the Committee on AD HOC COMMITTEE ON LEGISLATIVE ENERGY ACTION AND DEVELOPMENT (LEAD) since 2026-05-12","https://docs.congress.hrep.online/legisdocs/basic_20/hb09148.pdf","https://www.congress.gov.ph/bill/history?billno=HB09148&congress=20","1. Chua-Tai (000 2026-05-25)
2. Vargas (000 2026-06-02)","Referral To The Committee On: AD HOC COMMITTEE ON LEGISLATIVE ENERGY ACTION AND DEVELOPMENT (LEAD) On 2026-05-12","","","",""
"HB09162","Co-Authored Bills","AN ACT INSTITUTIONALIZING AFFORDABLE FUNERAL SERVICES FOR INDIGENT FAMILIES, AND APPROPRIATING FUNDS THEREFOR","2026-05-07","National","1. OLIVAREZ, ERIC L.","2026-05-12","SOCIAL SERVICES","Pending with the Committee on SOCIAL SERVICES since 2026-05-12","https://docs.congress.hrep.online/legisdocs/basic_20/hb09162.pdf","https://www.congress.gov.ph/bill/history?billno=HB09162&congress=20","1. Chua-Tai (000 2026-05-28)","Referral To The Committee On: SOCIAL SERVICES On 2026-05-12","","","",""
"HB09184","Co-Authored Bills","AN ACT ESTABLISHING THE PHILIPPINE NATIONAL PUBLIC PARKS SYSTEM AND APPROPRIATING FUNDS THEREFOR","2026-05-11","National","1. HOFER-HASIM, MARLESA ""Doc Marly""","2026-05-13","NATURAL RESOURCES","Pending with the Committee on NATURAL RESOURCES since 2026-05-26","https://docs.congress.hrep.online/legisdocs/basic_20/hb09184.pdf","https://www.congress.gov.ph/bill/history?billno=HB09184&congress=20","1. Chua-Tai (000 2026-05-25)","Referral To The Committee On: NATURAL RESOURCES On 2026-05-26
Previous Committee Referrals: PRIMARILY REFERRED TO TOURISM on 2026-05-13; SECONDARILY REFERRED TO NATURAL RESOURCES on 2026-05-13","","","",""
"HB09218","Co-Authored Bills","AN ACT STRENGTHENING CONSUMER PROTECTION IN ELECTRICITY BILLING, ENHANCING TRANSPARENCY IN PASS-THROUGH CHARGES, AMENDING FOR THE PURPOSE REPUBLIC ACT NO. 9136, AND FOR OTHER PURPOSES","2026-05-12","National","1. YAP, ARTHUR C.","2026-05-18","ENERGY","Pending with the Committee on ENERGY since 2026-05-18","https://docs.congress.hrep.online/legisdocs/basic_20/hb09218.pdf","https://www.congress.gov.ph/bill/history?billno=HB09218&congress=20","1. Chua-Tai (000 2026-06-02)","Referral To The Committee On: ENERGY On 2026-05-18","","","",""
"HB09220","Co-Authored Bills","AN ACT INSTITUTIONALIZING THE RECOGNITION, QUALITY ASSURANCE, STACKABILITY, AND PORTABILITY OF MICROCREDENTIALS AND SHORT COURSES, STRENGTHENING WORKFORCE DEVELOPMENT, PROVIDING FLEXIBLE LEARNING PATHWAYS IN HIGHER EDUCATION AND PROTECTION FOR EMPLOYED STUDENTS, AND FOR OTHER PURPOSES","2026-05-12","National","1. YATCO, FLORABEL C.","2026-05-18","HIGHER AND TECHNICAL EDUCATION","Pending with the Committee on HIGHER AND TECHNICAL EDUCATION since 2026-05-18","https://docs.congress.hrep.online/legisdocs/basic_20/hb09220.pdf","https://www.congress.gov.ph/bill/history?billno=HB09220&congress=20","1. Chua-Tai (000 2026-09-15)","Referral To The Committee On: HIGHER AND TECHNICAL EDUCATION On 2026-05-18","","","",""
"HB09234","Co-Authored Bills","AN ACT ESTABLISHING MENTAL HEALTH UNITS IN ALL GOVERNMENT HOSPITALS IN THE COUNTRY","2026-05-13","National","1. ESCUDERO, MARIE BERNADETTE G.","2026-05-19","HEALTH","Pending with the Committee on HEALTH since 2026-05-19","https://docs.congress.hrep.online/legisdocs/basic_20/hb09234.pdf","https://www.congress.gov.ph/bill/history?billno=HB09234&congress=20","1. Chua-Tai (000 2026-06-01)","Referral To The Committee On: HEALTH On 2026-05-19","","","",""
"HB09240","Co-Authored Bills","AN ACT PROMOTING INTEGRATED URBAN AGRICULTURE IN URBAN AREAS NATIONWIDE TO ADDRESS FOOD SECURITY AND APPROPRIATING FUNDS THEREFOR","2026-05-13","National","1. ACOP, PHILIP CONRAD M.","2026-05-19","AGRICULTURE AND FOOD","Pending with the Committee on AGRICULTURE AND FOOD since 2026-05-19","https://docs.congress.hrep.online/legisdocs/basic_20/hb09240.pdf","https://www.congress.gov.ph/bill/history?billno=HB09240&congress=20","1. Chua-Tai (000 2026-07-30)","Referral To The Committee On: AGRICULTURE AND FOOD On 2026-05-19","","","",""
"HB09251","Co-Authored Bills","AN ACT QUALIFYING ALL PUBLIC SCHOOL TEACHERS TO RECEIVE THE TEACHING ALLOWANCE, AMENDING FOR THE PURPOSE REPUBLIC ACT 11997 OR THE KABALIKAT SA PAGTUTURO ACT","2026-05-13","National","1. TINIO, ANTONIO L.                                              2. ELAGO, SARAH JANE I.                                              3. CO, RENEE LOUISE M.","2026-05-19","BASIC EDUCATION AND CULTURE","Pending with the Committee on BASIC EDUCATION AND CULTURE since 2026-05-19","https://docs.congress.hrep.online/legisdocs/basic_20/hb09251.pdf","https://www.congress.gov.ph/bill/history?billno=HB09251&congress=20","1. Chua-Tai (000 2026-06-02)","Referral To The Committee On: BASIC EDUCATION AND CULTURE On 2026-05-19","","","",""
"HB09262","Co-Authored Bills","AN ACT PROVIDING FRESH GRADUATES OF PHILIPPINE TERTIARY EDUCATION, UNIVERSITIES, COLLEGES AND TRAINING INSTITUTIONS, OF A ONE-TIME CASH GRANT OF FIVE THOUSAND PESOS (PHP5,000)","2026-05-14","National","1. TIANGCO, TOBIAS ""Toby"" M.","2026-05-19","HIGHER AND TECHNICAL EDUCATION","Pending with the Committee on HIGHER AND TECHNICAL EDUCATION since 2026-05-19","https://docs.congress.hrep.online/legisdocs/basic_20/hb09262.pdf","https://www.congress.gov.ph/bill/history?billno=HB09262&congress=20","1. Chua-Tai (000 2026-06-01)","Referral To The Committee On: HIGHER AND TECHNICAL EDUCATION On 2026-05-19","","","",""
"HB09273","Co-Authored Bills","AN ACT PROVIDING POST-HARVEST FACILITIES TO RICE FARMERS","2026-05-18","National","1. DE LIMA, LEILA M.","2026-05-20","AGRICULTURE AND FOOD","Pending with the Committee on AGRICULTURE AND FOOD since 2026-05-20","https://docs.congress.hrep.online/legisdocs/basic_20/hb09273.pdf","https://www.congress.gov.ph/bill/history?billno=HB09273&congress=20","1. Chua-Tai (000 2026-06-03)","Referral To The Committee On: AGRICULTURE AND FOOD On 2026-05-20","","","",""
"HB09290","Co-Authored Bills","AN ACT STRENGTHENING THE PROHIBITION AGAINST ILLEGAL WITHHOLDING OF PHILIPPINE PASSPORTS, PARTICULARLY OF OVERSEAS FILIPINO WORKERS, PROVIDING FOR ENFORCEMENT MECHANISMS, AND FOR OTHER PURPOSES","2026-05-18","National","1. YAP, CHRISTOPHERSON ""Coco"" M.","2026-05-20","OVERSEAS WORKERS AFFAIRS","Pending with the Committee on OVERSEAS WORKERS AFFAIRS since 2026-05-20","https://docs.congress.hrep.online/legisdocs/basic_20/hb09290.pdf","https://www.congress.gov.ph/bill/history?billno=HB09290&congress=20","1. Chua-Tai (000 2026-07-30)","Referral To The Committee On: OVERSEAS WORKERS AFFAIRS On 2026-05-20","","","",""
"HB09343","Co-Authored Bills","AN ACT INSTITUTIONALIZING THE NATIONAL YOUTH MENTAL HEALTH AND DIGITAL WELLBEING PROGRAM, PROVIDING MENTAL HEALTH PROFESSIONALS IN SCHOOLS, REGULATING HARMFUL DIGITAL PRACTICES, AND STRENGTHENING EARLY INTERVENTION FOR FILIPINO STUDENTS, AND APPROPRIATING FUNDS THEREFOR","2026-05-19","National","1. FORTES, WOWO","2026-05-25","BASIC EDUCATION AND CULTURE","Pending with the Committee on BASIC EDUCATION AND CULTURE since 2026-05-25","https://docs.congress.hrep.online/legisdocs/basic_20/hb09343.pdf","https://www.congress.gov.ph/bill/history?billno=HB09343&congress=20","1. Chua-Tai (000 2026-06-02)","Referral To The Committee On: BASIC EDUCATION AND CULTURE On 2026-05-25
Secondarily Referred To The Committee(s) On: HIGHER AND TECHNICAL EDUCATION","","","",""
"HB09344","Co-Authored Bills","AN ACT ESTABLISHING THE FINANCIAL ASSISTANCE FOR SOLO PARENTS PROGRAM (FASPP), PROVIDING FOOD, MEDICAL, EDUCATIONAL, LIVELIHOOD, AND CASH RELIEF SUPPORT, AND APPROPRIATING FUNDS THEREFOR","2026-05-19","National","1. FORTES, WOWO","2026-05-25","SOCIAL SERVICES","Pending with the Committee on SOCIAL SERVICES since 2026-05-25","https://docs.congress.hrep.online/legisdocs/basic_20/hb09344.pdf","https://www.congress.gov.ph/bill/history?billno=HB09344&congress=20","1. Chua-Tai (000 2026-06-02)","Referral To The Committee On: SOCIAL SERVICES On 2026-05-25","","","",""
"HB09345","Co-Authored Bills","AN ACT INSTITUTIONALIZING THE WALANG GUTOM PROGRAM AS A FOOD STAMP INITIATIVE TO COMBAT INVOLUNTARY HUNGER, PROVIDING FUNDS THEREFOR, AND FOR OTHER PURPOSES","2026-05-19","National","1. FORTES, WOWO","2026-05-25","SOCIAL SERVICES","Pending with the Committee on SOCIAL SERVICES since 2026-05-25","https://docs.congress.hrep.online/legisdocs/basic_20/hb09345.pdf","https://www.congress.gov.ph/bill/history?billno=HB09345&congress=20","1. Chua-Tai (000 2026-06-02)","Referral To The Committee On: SOCIAL SERVICES On 2026-05-25","","","",""
"HB09363","Co-Authored Bills","AN ACT GRANTING FREE TERTIARY AGRICULTURAL EDUCATION AND OTHER RELATED COURSES TO ALL DEPENDENT CHILDREN OF QUALIFIED INDIGENT FARMERS, PROVIDING FUNDS THEREFOR, AND FOR OTHER PURPOSES","2026-05-20","National","1. ACOP, PHILIP CONRAD M.","2026-05-26","HIGHER AND TECHNICAL EDUCATION","Pending with the Committee on HIGHER AND TECHNICAL EDUCATION since 2026-05-26","https://docs.congress.hrep.online/legisdocs/basic_20/hb09363.pdf","https://www.congress.gov.ph/bill/history?billno=HB09363&congress=20","1. Chua-Tai (000 2026-07-30)","Referral To The Committee On: HIGHER AND TECHNICAL EDUCATION On 2026-05-26","","","",""
"HB09395","Co-Authored Bills","AN ACT STRENGTHENING TRANSPARENCY, ACCOUNTABILITY, AND DIGITAL LITERACY TO COMBAT DISINFORMATION, MISINFORMATION, MALINFORMATION, AND COORDINATED INAUTHENTIC BEHAVIOR ONLINE, RECOGNIZING AN INDEPENDENT MULTI-SECTORAL ETHICAL BODY, WITHOUT INFRINGING ON FREEDOM OF SPEECH AND THE PRESS, AND FOR OTHER PURPOSES","2026-05-25","National","1. OLIVAREZ, ERIC L.","2026-06-01","PUBLIC INFORMATION","Pending with the Committee on PUBLIC INFORMATION since 2026-06-01","https://docs.congress.hrep.online/legisdocs/basic_20/hb09395.pdf","https://www.congress.gov.ph/bill/history?billno=HB09395&congress=20","1. Chua-Tai (000 2026-08-04)","Referral To The Committee On: PUBLIC INFORMATION On 2026-06-01
Secondarily Referred To The Committee(s) On: INFORMATION AND COMMUNICATIONS TECHNOLOGY","","","",""
"HB09397","Co-Authored Bills","AN ACT UPHOLDING THE PEOPLE’S CONSTITUTIONAL RIGHT TO ACCESS INFORMATION AND PROMOTING FULL PUBLIC DISCLOSURE OF ALL GOVERNMENT TRANSACTIONS INVOLVING PUBLIC INTEREST","2026-05-25","National","1. SUAN, LORDAN G.                                              2. SUANSING, MIKAELA ANGELA B.                                              3. YAMSUAN, BRIAN RAYMUND S.                                              4. LOYOLA, ROY M.                                              5. VARGAS, PATRICK MICHAEL D.                                              6. SALCEDA, ADRIAN E.                                              7. RIVERA, NOEL ""Bong"" N.                                              8. BELTRAN, FERDINAND ""B1"" L.                                              9. RECTO, RYAN S.                                              10. SAKALURAN, RUTH                                              11. DEL MAR, RACHEL MARGUERITE B.                                              12. PUNO, RONALDO V.                                              13. RAMA, EDUARDO JR R.                                              14. VILLANUEVA, EDUARDO ""Bro. Eddie"" C.                                              15. REMULLA, CRISPIN DIEGO D.                                              16. ODUCADO, NATHANIEL M.                                              17. POE, BRIAN                                              18. PUMAREN, FRANZ S.                                              19. MARQUEZ, JESUS ""Jess"" R.                                              20. DE LIMA, LEILA M.                                              21. ERICE, EDGAR R.                                              22. AMATONG, ADRIAN MICHAEL A.                                              23. BAG-AO, KAKA J.                                              24. FRESNEDI, JAIME R.                                              25. LAGMAN, CIELO KRISEL                                              26. UMALI, ALFONSO JR. V.                                              27. BENITEZ, ALFREDO ""Albee"" B.                                              28. ABANTE, BIENVENIDO JR. M.                                              29. DUTERTE, OMAR VINCENT SANGKOLA                                              30. TEODORO, MARCELINO ""Marcy"" R.                                              31. HERNANDEZ, CHARISSE ANNE C.                                              32. GLEPA, MARIA KRISTINA JIHAN B.                                              33. YU, JOSEPH KIM C.                                              34. YU, JEYZEL VICTORIA C.                                              35. HERNANDEZ, RAMIL LAUREL                                              36. CRUZ, AGATHA ""Agay""                                              37. YAP, ERIC GO                                              38. YAP, EDVIC G.                                              39. TAN, KEITH MICAH ""Atty. Mike"" D.L.                                              40. MONTES, IRIS MARIE DEMESA                                              41. PLEYTO, SALVADOR A.                                              42. SINGSON-MEEHAN, KRISTINE                                              43. BULUT-BEGTANG, ELEANOR C.                                              44. ATAYDE, JUAN CARLOS ""Arjo"" C.                                              45. UY, DE CARLO L.                                              46. VILLAFUERTE, MIGUEL LUIS R.                                              47. VILLAFUERTE, VINCENZO RENATO LUIGI R.                                              48. HORIBATA, TSUYOSHI ANTHONY ""Hori"" G.                                              49. RIDON, TERRY L.                                              50. TINIO, ANTONIO L.                                              51. ELAGO, SARAH JANE I.                                              52. CO, RENEE LOUISE M.                                              53. LACSON, MA. NINA FRANCESCA P.                                              54. OLIVAREZ, ERIC L.                                              55. SAN FERNANDO, ELIJAH RUMBAOA                                              56. CENDAÑA, PERCIVAL ""Perci""                                              57. DIOKNO, JOSE MANUEL TADEO ""Chel"" I.                                              58. ISMULA, DADAH KIRAM                                              59. VELOSO-TUAZON, ANNA VICTORIA                                              60. CRUZ, RICARDO JR. S.                                              61. GATCHALIAN, KENNETH T.                                              62. ARROGANCIA, REYNANTE U.                                              63. GUTIERREZ, RAMON RODRIGO L.                                              64. LARA, JOSEPH ""Jojo"" L.                                              65. GARCIA, ALBERT S.                                              66. FUENTEBELLA, ARNIE B.                                              67. GARCIA, MARIA ANGELA S.                                              68. TAN, JOSEPH S.                                              69. AMANTE, LORETO S.                                              70. BRIONES, NICANOR M.                                              71. LOPEZ, MA. CRISTINA TALAVERA                                              72. YATCO, FLORABEL C.                                              73. DIMAPORO, SITTIE AMINAH Q.                                              74. COJUANGCO, JAIME EDUARDO MARC D.","2026-05-25","PUBLIC INFORMATION","Approved by the House on 2026-06-02, transmitted to the Senate on 2026-06-08 and received by the Senate on 2026-06-08","https://docs.congress.hrep.online/legisdocs/basic_20/hb09397.pdf","https://www.congress.gov.ph/bill/history?billno=HB09397&congress=20","1. Marquez (000 2026-05-26)
2. Garin (000 2026-06-01)
3. Primicias-Agabas (000 2026-06-01)
4. Dionisio (000 2026-06-01)
5. Gutierrez (000 2026-06-01)
6. Ortega (000 2026-06-01)
7. Khonghun (000 2026-06-01)
8. Adiong (000 2026-06-01)
9. Soriano (000 2026-06-02)
10. Yap (ERIC) (000 2026-06-02)
11. Tiangco (000 2026-06-02)
12. Maceda (000 2026-06-03)
13. Padiernos (000 2026-06-02)
14. Emano (000 2026-06-02)
15. Legacion (000 2026-06-03)
16. Chua-Tai (000 2026-08-25)
Author/s (Final/Third Reading)
1. Suan
2. Suansing (M. A. B.)
3. Yamsuan
4. Loyola
5. Vargas
6. Salceda
7. Rivera
8. Beltran
9. Recto (R. S.)
10. Sakaluran
11. Del Mar
12. Puno
13. Rama
14. Villanueva
15. Remulla
16. Oducado
17. Dy (F.)
18. Marcos
19. Poe
20. Pumaren
21. Marquez
22. De Lima
23. Erice
24. Amatong
25. Bag-ao
26. Fresnedi
27. Lagman
28. Umali
29. Benitez (A.)
30. Abante
31. Duterte (O.V.)
32. Teodoro
33. Hernandez (C. A.)
34. Glepa
35. Yu (J.K.)
36. Yu (J.V.)
37. Hernandez (R. L.)
38. Cruz (A.)
39. Yap (ERIC)
40. Yap (EDVIC)
41. Tan (K. M. D.L.)
42. Montes
43. Pleyto
44. Singson-Meehan
45. Bulut-Begtang
46. Atayde
47. Uy, (D. C. L.)
48. Villafuerte (M. L. R.)
49. Villafuerte (V. R. L. R.)
50. Horibata
51. Ridon
52. Tinio
53. Elago
54. Co (R. L. M.)
55. Lacson
56. Olivarez
57. San Fernando
58. Cendaña
59. Diokno
60. Ismula
61. Veloso-Tuazon
62. Cruz (R. JR.)
63. Gatchalian
64. Arrogancia
65. Gutierrez
66. Lara
67. Garcia (A.)
68. Fuentebella
69. Garcia (M. A.)
70. Tan (J. S.)
71. Amante
72. Briones
73. Lopez
74. Yatco
75. Dimaporo ( S. A. Q.)
76. Cojuangco (J. E. M. D.)
77. Cari
78. Adiong","Referral To The Committee On: RULES On 2026-05-25
Date Included In OB: 2026-05-25
Date Calendared: 2026-05-26","Committee Report No.: 00335
Submitted On: 2026-05-25
Submitted By: PUBLIC INFORMATION, APPROPRIATIONS
Recommendations: Recommending its approval in substitution of House Bills Numbered 56, 259, 530, 634, 949, 1187, 2897, 3643, 4183, 4451, 4609, 4612, 4964, 5174, 5593, 5653, 6126, 6149, 6206, 6424, 6617, 6682, 6786, 6970, 7210, 7306, 8487, 8691, and 8744
Substituted Bills: HB00056, HB00259, HB00530, HB00634, HB00949, HB01187, HB02897, HB03643, HB04183, HB04451, HB04609, HB04612, HB04964, HB05174, HB05593, HB05653, HB06126, HB06149, HB06206, HB06424, HB06617, HB06682, HB06786, HB06970, HB07210, HB07306, HB08487, HB08691, HB08744","Period Of Sponsorship: 2026-05-26
Sponsored By: Suan;Poe;Tinio
Period Of Interpellations: 2026-05-26
Interpellated By: Flores, Alba
Final List of Author
1. Suan
2. Suansing (M. A. B.)
3. Yamsuan
4. Loyola
5. Vargas
6. Salceda
7. Rivera
8. Beltran
9. Recto (R. S.)
10. Sakaluran
11. Del Mar
12. Puno
13. Rama
14. Villanueva
15. Remulla
16. Oducado
17. Dy (F.)
18. Marcos
19. Poe
20. Pumaren
21. Marquez
22. De Lima
23. Erice
24. Amatong
25. Bag-ao
26. Fresnedi
27. Lagman
28. Umali
29. Benitez (A.)
30. Abante
31. Duterte (O.V.)
32. Teodoro
33. Hernandez (C. A.)
34. Glepa
35. Yu (J.K.)
36. Yu (J.V.)
37. Hernandez (R. L.)
38. Cruz (A.)
39. Yap (ERIC)
40. Yap (EDVIC)
41. Tan (K. M. D.L.)
42. Montes
43. Pleyto
44. Singson-Meehan
45. Bulut-Begtang
46. Atayde
47. Uy, (D. C. L.)
48. Villafuerte (M. L. R.)
49. Villafuerte (V. R. L. R.)
50. Horibata
51. Ridon
52. Tinio
53. Elago
54. Co (R. L. M.)
55. Lacson
56. Olivarez
57. San Fernando
58. Cendaña
59. Diokno
60. Ismula
61. Veloso-Tuazon
62. Cruz (R. JR.)
63. Gatchalian
64. Arrogancia
65. Gutierrez
66. Lara
67. Garcia (A.)
68. Fuentebella
69. Garcia (M. A.)
70. Tan (J. S.)
71. Amante
72. Briones
73. Lopez
74. Yatco
75. Dimaporo ( S. A. Q.)
76. Cojuangco (J. E. M. D.)
77. Cari
78. Adiong
Date Approved On Second Reading: 2026-05-26
Remarks: Manifestation of Rep. De Lima on May 26, 2026","Date Copy Distributed To Members: 2026-05-28
Date Approved By The House On Third Reading: 2026-06-02
Third Reading Title: AN ACT UPHOLDING THE PEOPLE’S CONSTITUTIONAL RIGHT TO ACCESS INFORMATION AND PROMOTING FULL PUBLIC DISCLOSURE OF ALL GOVERNMENT TRANSACTIONS INVOLVING PUBLIC INTEREST
House Votes: YEAS:284 NAYS:0 ABSTAIN:0
Date Transmitted To The Senate: 2026-06-08
Actions Taken By The Senate/House
Date Received By The Senate: 2026-06-08",""
"HB09398","Co-Authored Bills","AN ACT REGULATING THE PRODUCTION, IMPORTATION, SALE, DISTRIBUTION, PROVISION, USE, RECOVERY, COLLECTION, RECYCLING, AND DISPOSAL OF SINGLE-USE PLASTIC PRODUCTS","2026-05-25","National","1. COLLANTES, KING","2026-06-01","ECOLOGY","Pending with the Committee on ECOLOGY since 2026-06-01","https://docs.congress.hrep.online/legisdocs/basic_20/hb09398.pdf","https://www.congress.gov.ph/bill/history?billno=HB09398&congress=20","1. Chua-Tai (000 2026-09-09)","Referral To The Committee On: ECOLOGY On 2026-06-01","","","",""
"HB09404","Co-Authored Bills","AN ACT PROVIDING FOR THE EMPLOYMENT OF NURSES, ASSIGNING AT LEAST ONE REGISTERED NURSE FOR EVERY UNSERVED OR UNDERSERVED BARANGAY IN THE PHILIPPINES, AND FOR OTHER PURPOSES","2026-05-25","National","1. ZAMORA, YSABEL MARIA J.","2026-06-01","LOCAL GOVERNMENT","Pending with the Committee on LOCAL GOVERNMENT since 2026-06-01","https://docs.congress.hrep.online/legisdocs/basic_20/hb09404.pdf","https://www.congress.gov.ph/bill/history?billno=HB09404&congress=20","1. Chua-Tai (000 2026-09-09)","Referral To The Committee On: LOCAL GOVERNMENT On 2026-06-01","","","",""
"HB09405","Co-Authored Bills","AN ACT AMENDING REPUBLIC ACT NO. 8178, AS AMENDED, TO RESTORE THE REGULATORY AND STABILIZATION FUNCTIONS OF THE NATIONAL FOOD AUTHORITY, STRENGTHEN DIRECT FARMER SUBSIDIES, ENSURE THE ACTIVE PARTICIPATION OF CIVIL SOCIETY AND PEOPLE'S ORGANIZATIONS, AND FOR OTHER PURPOSES","2026-05-25","National","1. ISMULA, DADAH KIRAM                                              2. DIOKNO, JOSE MANUEL TADEO ""Chel"" I.                                              3. CENDAÑA, PERCIVAL ""Perci""                                              4. BAG-AO, KAKA J.","2026-06-01","AGRICULTURE AND FOOD","Pending with the Committee on AGRICULTURE AND FOOD since 2026-06-01","https://docs.congress.hrep.online/legisdocs/basic_20/hb09405.pdf","https://www.congress.gov.ph/bill/history?billno=HB09405&congress=20","1. Chua-Tai (000 2026-07-29)
2. Hernandez (C. A.) (000 2026-08-05)","Referral To The Committee On: AGRICULTURE AND FOOD On 2026-06-01","","","",""
"HB09409","Co-Authored Bills","AN ACT INSTITUTIONALIZING A NATIONAL COACHES AND TRAINERS REGISTRY AND CERTIFICATION PROGRAM UNDER THE PHILIPPINE SPORTS COMMISSION AND THE TECHNICAL EDUCATION AND SKILLS DEVELOPMENT AUTHORITY (TESDA), PROVIDING STANDARDS FOR BASIC SAFETY AND SPORTS COMPETENCY CERTIFICATIONS, AND FOR OTHER PURPOSES","2026-05-25","National","1. SINGSON-MEEHAN, KRISTINE","2026-06-01","YOUTH AND SPORTS DEVELOPMENT","Pending with the Committee on YOUTH AND SPORTS DEVELOPMENT since 2026-06-01","https://docs.congress.hrep.online/legisdocs/basic_20/hb09409.pdf","https://www.congress.gov.ph/bill/history?billno=HB09409&congress=20","1. Chua-Tai (000 2026-07-29)","Referral To The Committee On: YOUTH AND SPORTS DEVELOPMENT On 2026-06-01","","","",""
"HB09411","Co-Authored Bills","AN AC? PROTECTING SENIOR CITIZENS FROM VARIOUS FORMS OF FRAUD THROUGH INFORMATION DISSEMINATION AND PROVIDING MECHANISMS THEREFOR","2026-05-25","National","1. NISAY, JERNIE JETT V.","2026-06-01","SENIOR CITIZENS","Pending with the Committee on SENIOR CITIZENS since 2026-06-01","https://docs.congress.hrep.online/legisdocs/basic_20/hb09411.pdf","https://www.congress.gov.ph/bill/history?billno=HB09411&congress=20","1. Chua-Tai (000 2026-08-11)
2. Olivarez (000 2026-08-24)","Referral To The Committee On: SENIOR CITIZENS On 2026-06-01","","","",""
"HB09412","Co-Authored Bills","AN ACT PENALIZING THE MALICIOUS AND DELIBERATE DISSEMINATION OF FALSE INFORMATION THAT UNDERMINES PUBLIC ORDER OR NATIONAL SECURITY, STRENGTHENING REGULATIONS ON FAKE NEWS THROUGH DIGITAL PLATFORMS, AND FOR OTHER PURPOSES","2026-05-25","National","1. NISAY, JERNIE JETT V.","2026-06-01","PUBLIC INFORMATION","Pending with the Committee on PUBLIC INFORMATION since 2026-06-01","https://docs.congress.hrep.online/legisdocs/basic_20/hb09412.pdf","https://www.congress.gov.ph/bill/history?billno=HB09412&congress=20","(Journal Entries)
1. Chua-Tai (000 2026-08-11)","Referral To The Committee On: PUBLIC INFORMATION On 2026-06-01

Secondarily Referred To The Committee(s) On: INFORMATION AND COMMUNICATIONS TECHNOLOGY","","","",""
"HB09424","Co-Authored Bills","AN ACT ESTABLISHING A NATIONAL PATIENT NAVIGATION AND REFERRAL SYSTEM TO STRENGTHEN HEALTH CARE DELIVERY AND DELIVERY SYSTEMS, AND APPROPRIATING FUNDS THEREFOR","2026-05-26","National","1. SORIANO, JEFFREY","2026-06-01","HEALTH","Pending with the Committee on HEALTH since 2026-06-01","https://docs.congress.hrep.online/legisdocs/basic_20/hb09424.pdf","https://www.congress.gov.ph/bill/history?billno=HB09424&congress=20","(Journal Entries)
1. Chua-Tai (000 2026-07-30)","Referral To The Committee On: HEALTH On 2026-06-01","","","",""
"HB09427","Co-Authored Bills","AN ACT STRENGTHENING PRESIDENTIAL DECREE NO. 1096, THE NATIONAL BUILDING CODE OF THE PHILIPPINES, AS AMENDED, BY MANDATING A COMPREHENSIVE NATIONWIDE INSPECTION OF BUILDINGS AND IMPOSING STIFFER PENALTIES AGAINST BUILDING OFFICIALS WHO VIOLATE THE PERTINENT PROVISIONS OF THE SAID CODE","2026-05-26","National","1. SORIANO, JEFFREY","2026-06-01","PUBLIC WORKS AND HIGHWAYS","Pending with the Committee on PUBLIC WORKS AND HIGHWAYS since 2026-06-01","https://docs.congress.hrep.online/legisdocs/basic_20/hb09427.pdf","https://www.congress.gov.ph/bill/history?billno=HB09427&congress=20","(Journal Entries)
1. Chua-Tai (000 2026-08-17)","Referral To The Committee On: PUBLIC WORKS AND HIGHWAYS On 2026-06-01","","","",""
"HB09429","Co-Authored Bills","AN ACT TO CREATE A HEALTHY FOOD MARKETING ENVIRONMENT BY REQUIRING FRONT-OF-PACKAGE WARNING LABELS FOR FOOD HIGH IN FAT, SODIUM, OR SUGAR AND REGULATING THE MARKETING OF SUCH FOOD TO CHILDREN","2026-05-26","National","1. SORIANO, JEFFREY","2026-06-01","HEALTH","Pending with the Committee on HEALTH since 2026-06-01","https://docs.congress.hrep.online/legisdocs/basic_20/hb09429.pdf","https://www.congress.gov.ph/bill/history?billno=HB09429&congress=20","","","","","",""
"HB09430","Co-Authored Bills","AN AC? PROVIDING FOR A MANDATORY IMMUNIZATION PROGRAM, REPEALING FOR THE PURPOSE REPUBLIC ACT NO. 10152, OTHERWISE KNOWN AS THE “MANDATORY INFANTS AND CHILDREN HEALTH IMMUNIZATION ACT OF 2011”","2026-05-26","National","1. ACOP, PHILIP CONRAD M.","2026-06-01","HEALTH","Pending with the Committee on HEALTH since 2026-06-01","https://docs.congress.hrep.online/legisdocs/basic_20/hb09430.pdf","https://www.congress.gov.ph/bill/history?billno=HB09430&congress=20","1. Chua-Tai (000 2026-08-17)","Referral To The Committee On: HEALTH On 2026-06-01","","","",""
"HB09432","Co-Authored Bills","AN ACT PROVIDING FOR A NATIONAL GOVERNMENT INITIATIVE FOR TEETH AND INNOVATIVE ORAL HEALTH CARE, THEREBY STRENGTHENING REPUBLIC ACT NO. 1082, AND PROVIDING FUNDS THEREFOR","2026-05-26","National","1. ACOP, PHILIP CONRAD M.","2026-06-01","HEALTH","Pending with the Committee on HEALTH since 2026-06-01","https://docs.congress.hrep.online/legisdocs/basic_20/hb09432.pdf","https://www.congress.gov.ph/bill/history?billno=HB09432&congress=20","1. Chua-Tai (000 2026-08-17)","Referral To The Committee On: HEALTH On 2026-06-01","","","",""
"HB09433","Co-Authored Bills","AN AC? PROVIDING FOR THE MODERNIZATION OF THE PUBLIC HEALTH EMERGENCY PREPAREDNESS AND RESPONSE CAPABILITIES, ESTABLISHING FOR THIS PURPOSE THE CENTER FOR DISEASE PREVENTION AND CONTROL, AND APPROPRIATING FUNDS THEREFOR","2026-05-26","National","1. ACOP, PHILIP CONRAD M.","2026-06-01","HEALTH","Pending with the Committee on HEALTH since 2026-06-01","https://docs.congress.hrep.online/legisdocs/basic_20/hb09433.pdf","https://www.congress.gov.ph/bill/history?billno=HB09433&congress=20","1. Chua-Tai (000 2026-08-17)","Referral To The Committee On: HEALTH On 2026-06-01","","","",""
"HB09435","Co-Authored Bills","AN ACT STRENGTHENING LOCAL SPORTS PROGRAMS TO DEVELOP YOUNG ATHLETES AND APPROPRIATING FUNDS THEREFOR","2026-05-26","National","1. DY, FAUSTINO MICHAEL CARLOS III T.","2026-06-01","YOUTH AND SPORTS DEVELOPMENT","Deliberated upon by the Mother Committee on 2006-06-03","https://docs.congress.hrep.online/legisdocs/basic_20/hb09435.pdf","https://www.congress.gov.ph/bill/history?billno=HB09435&congress=20","1. Chua-Tai (000 2026-07-30)","Referral To The Committee On: YOUTH AND SPORTS DEVELOPMENT On 2026-06-01","Committee Hearings/Actions:
1. Scheduled for Meeting/Hearing on 2006-06-03
-8TH REGULAR COMMITTEE MEETING June 3, 2026, 10:30 a.m. Conference Room Nos. 3&4, Ramon V. Mitra Building, House of Representatives
2. Deliberated upon by the Mother Committee on 2006-06-03
-•Approved, subject to style and amendments, with all members present be included as co-authors.","","",""
"HB09437","Co-Authored Bills","AN ACT STRENGTHENING THE PROTECTION AND WELFARE OF ANIMALS, REPEALING FOR THIS PURPOSE REPUBLIC ACT NO. 8485, AS AMENDED BY REPUBLIC ACT NO. 10631, OTHERWISE KNOWN AS “THE ANIMAL WELFARE ACT OF 1998”","2026-05-26","National","1. DEGAMO, JANICE","2026-06-01","AGRICULTURE AND FOOD","Pending with the Committee on AGRICULTURE AND FOOD since 2026-06-01","https://docs.congress.hrep.online/legisdocs/basic_20/hb09437.pdf","https://www.congress.gov.ph/bill/history?billno=HB09437&congress=20","1. Hernandez (C. A.) (000 2026-07-07)
2. Chua-Tai (000 2026-07-30)","Referral To The Committee On: AGRICULTURE AND FOOD On 2026-06-01","","","",""
"HB09438","Co-Authored Bills","AN ACT INSTITUTIONALIZING THE ESTABLISHMENT OF 24/7 PUBLIC LIBRARIES OR LEARNING HUBS IN ALL CITIES AND CLUSTERED MUNICIPALITIES IN THE COUNTRY TO PROVIDE SAFE, SUSTAINABLE, AND ACCESSIBLE PUBLIC STUDY SPACES, AND FOR OTHER PURPOSES","2026-05-26","National","1. DEGAMO, JANICE","2026-06-01","BASIC EDUCATION AND CULTURE","Pending with the Committee on BASIC EDUCATION AND CULTURE since 2026-06-01","https://docs.congress.hrep.online/legisdocs/basic_20/hb09438.pdf","https://www.congress.gov.ph/bill/history?billno=HB09438&congress=20","1. Hernandez (C. A.) (000 2026-07-07)
2. Chua-Tai (000 2026-07-30)","Referral To The Committee On: BASIC EDUCATION AND CULTURE On 2026-06-01","","","",""
"HB09439","Co-Authored Bills","AN ACT ENHANCING THE RESILIENCY AND ADAPTABILITY OF FARMERS TO ADVERSE WEATHER AND CLIMATE EVENTS BY INSTITUTIONALIZING THE USE OF CROP CLIMATE CALENDARS, EQUIPPING FARMERS FOR CLIMATE SENSITIVE DECISION-MAKING, AND PROVIDING ACCESS TO LOCALIZED WEATHER AND CLIMATE INFORMATION","2026-05-26","National","1. DEGAMO, JANICE","2026-06-01","AGRICULTURE AND FOOD","Pending with the Committee on AGRICULTURE AND FOOD since 2026-06-01","https://docs.congress.hrep.online/legisdocs/basic_20/hb09439.pdf","https://www.congress.gov.ph/bill/history?billno=HB09439&congress=20","1. Hernandez (C. A.) (000 2026-07-07)
2. Chua-Tai (000 2026-07-30)","Referral To The Committee On: AGRICULTURE AND FOOD On 2026-06-01","","","",""
"HB09456","Co-Authored Bills","AN ACT INSTITUTIONALIZING AND EXPANDING THE COVERAGE OF THE SUSTAINABLE LIVELIHOOD PROGRAM OF THE DEPARTMENT OF SOCIAL WELFARE AND DEVELOPMENT, STRENGTHENING ITS INSTITUTIONAL ARRANGEMENTS AND FIELD IMPLEMENTATION CAPACITY, APPROPRIATING FUNDS THEREFOR, AND FOR OTHER PURPOSES","2026-05-26","National","1. CAYTON, TIMOTHY JOSEPH E.","2026-06-01","SOCIAL SERVICES","Pending with the Committee on SOCIAL SERVICES since 2026-06-01","https://docs.congress.hrep.online/legisdocs/basic_20/hb09456.pdf","https://www.congress.gov.ph/bill/history?billno=HB09456&congress=20","1. Chua-Tai (000 2026-07-30)","Referral To The Committee On: SOCIAL SERVICES On 2026-06-01","","","",""
"HB09465","Co-Authored Bills","AN ACT PROHIBITING THE DELIBERATE DISSEMINATION OF FALSE INFORMATION THAT POSES VERIFIABLE PUBLIC HARM OR SERIOUS THREAT TO NATIONAL SECURITY, ESTABLISHING DIGITAL PLATFORM ACCOUNTABILITY AND TRANSPARENCY MECHANISMS, AND PROMOTING MEDIA AND DIGITAL LITERACY","2026-05-26","National","1. MARCOS, FERDINAND ALEXANDER A.                                              2. ROMAN, ANTONINO III B.                                              3. SUAN, LORDAN G.                                              4. VILLAFUERTE, MIGUEL LUIS R.                                              5. SAKALURAN, RUTH                                              6. YAMSUAN, BRIAN RAYMUND S.                                              7. HERNANDEZ, CHARISSE ANNE C.                                              8. CO-PILAR, MA. VICTORIA                                              9. RAMA, EDUARDO JR R.                                              10. VARGAS, PATRICK MICHAEL D.                                              11. ARENAS, MARIA RACHEL J.                                              12. PUMAREN, FRANZ S.                                              13. JAVIER, LOLITA T.                                              14. GUINTU, IVAN HOWARD A.                                              15. MERCADO-REVILLA, LANI                                              16. REVILLA, BRYAN B.                                              17. REVILLA, RAMON JOLO III B.                                              18. RIVERA, NOEL ""Bong"" N.                                              19. LOYOLA, ROY M.                                              20. PLEYTO, SALVADOR A.                                              21. ARROGANCIA, REYNANTE U.                                              22. SOLON, STEVE CHIONGBIAN                                              23. VILLARICA, LINABELLE RUTH R.                                              24. MONTES, IRIS MARIE DEMESA                                              25. PADIERNOS, JAN ""Atty. JP""                                              26. RODRIGUEZ, RUFUS B.                                              27. RODRIGUEZ, MAXIMO  JR. B.                                              28. HERNANDEZ, RAMIL LAUREL                                              29. GARCIA, ALBERT S.                                              30. VILLANUEVA, EDUARDO ""Bro. Eddie"" C.                                              31. TARRIELA,  LEODY ""Odie"" F.                                              32. SALCEDA, ADRIAN E.                                              33. CELESTE, ARTHUR F.                                              34. BARONDA, JULIENNE ""Jam"" L.                                              35. BARBERS, BERNADETTE S.                                              36. PASCUAL, EMERSON D.                                              37. BANCORO, MARLO C.                                              38. ATAYDE, JUAN CARLOS ""Arjo"" C.                                              39. MANGUDADATU, ESMAEL G.                                              40. BARBA, ANGELO MARCOS                                              41. OLIVAREZ, ERIC L.                                              42. ACOSTA, GIL ""KabarangayJr""                                              43. VERGARA, JULIUS CESAR ""Jay"" V.                                              44. GONZALES, ALEXANDRIA ""Queenie""                                              45. AUMENTADO, MARIA VANESSA ""Van-Van"" C.,RN                                              46. LAGBAS, ATTY. JENNIFER ""Karen""  A.                                              47. ORETA, ANTOLIN III A.                                              48. LACSON, MA. NINA FRANCESCA P.                                              49. DOMINGO, DANILO ""Danny"" A.                                              50. ORDANES, RODOLFO ""Ompong"" M.                                              51. DEGAMO, JANICE                                              52. GATCHALIAN, KENNETH T.                                              53. BERNOS, JB                                              54. LEDESMA, JULIO IV A.                                              55. GOMEZ, RICHARD I., DPA                                              56. YAP, ERIC GO                                              57. YAP, EDVIC G.                                              58. ODUCADO, NATHANIEL M.                                              59. TAN, KEITH MICAH ""Atty. Mike"" D.L.                                              60. VILLAFUERTE, VINCENZO RENATO LUIGI R.                                              61. HORIBATA, TSUYOSHI ANTHONY ""Hori"" G.                                              62. RIDON, TERRY L.                                              63. PUNO, RONALDO V.                                              64. VELOSO-TUAZON, ANNA VICTORIA                                              65. MASTURA, BAI DIMPLE I.                                              66. MARQUEZ, JESUS ""Jess"" R.                                              67. EMANO, YEVGENY VINCENTE B.                                              68. ORTEGA, FRANCISCO PAOLO V P.                                              69. MATIBAG, ANN                                              70. TOLENTINO, ANIELA BIANCA D.","2026-05-26","PUBLIC INFORMATION","Approved by the House on 2026-06-03, transmitted to the Senate on 2026-06-08 and received by the Senate on 2026-06-08","https://docs.congress.hrep.online/legisdocs/basic_20/hb09465.pdf","https://www.congress.gov.ph/bill/history?billno=HB09465&congress=20","1. Garin (000 2026-06-01)
2. Primicias-Agabas (000 2026-06-01)
3. Dionisio (000 2026-06-01)
4. Gutierrez (000 2026-06-01)
5. Ortega (000 2026-06-01)
6. Khonghun (000 2026-06-01)
7. Adiong (000 2026-06-01)
8. Romualdez (F.M.) (000 2026-05-27)
9. Romualdez (Y.M.) (000 2026-05-27)
10. Romualdez (A.J.) (000 2026-05-27)
11. Acidre (000 2026-05-27)
12. Robes (000 2026-06-01)
13. Soriano (000 2026-06-02)
14. Padiernos (000 2026-06-02)
15. Yap (C.) (000 2026-06-01)
16. Frasco (000 2026-06-01)
17. Cayton (000 2026-06-04)
18. Legacion (000 2026-06-03)
19. Abante (000 2026-06-02)
20. Chua-Tai (000 2026-07-20)
21. Acop (P.C.) (000 2026-08-12)
22. Tulfo (R. W. P.) (000 2026-08-29)
Author/s (Final/Third Reading)
1. Marcos
2. Dy (F.)
3. Roman
4. Suan
5. Villafuerte (M. L. R.)
6. Sakaluran
7. Yamsuan
8. Hernandez (C. A.)
9. Co-Pilar
10. Rama
11. Vargas
12. Arenas
13. Pumaren
14. Javier
15. Guintu
16. Mercado-Revilla
17. Revilla ( B. B.)
18. Revilla (R. J.)
19. Rivera
20. Loyola
21. Pleyto
22. Arrogancia
23. Solon
24. Villarica
25. Montes
26. Padiernos
27. Rodriguez (R.B.)
28. Rodriguez (M. B.)
29. Hernandez (R. L.)
30. Garcia (A.)
31. Villanueva
32. Tarriela
33. Salceda
34. Celeste
35. Baronda
36. Barbers
37. Pascual
38. Bancoro
39. Atayde
40. Mangudadatu
41. Barba
42. Olivarez
43. Acosta
44. Vergara
45. Gonzales (A.)
46. Aumentado
47. Lagbas
48. Oreta (A. A.)
49. Lacson
50. Domingo
51. Ordanes
52. Degamo
53. Gatchalian
54. Bernos (J.B.)
55. Ledesma
56. Gomez
57. Yap (ERIC)
58. Yap (EDVIC)
59. Oducado
60. Tan (K. M. D.L.)
61. Villafuerte (V. R. L. R.)
62. Horibata
63. Ridon
64. Puno
65. Veloso-Tuazon
66. Mastura
67. Marquez
68. Emano
69. Ortega
70. Matibag
71. Tolentino","Referral To The Committee On: RULES On 2026-05-26
Date Included In OB: 2026-05-26
Date Calendared: 2026-05-26","Committee Report No.: 00352
Submitted On: 2026-05-26
Submitted By: PUBLIC INFORMATION, INFORMATION AND COMMUNICATIONS TECHNOLOGY
Recommendations: Recommending its approval in substitution of House Bills Numbered 251, 299, 520, 2697, 3472, 3799, 4160, 4544, 4562, 4965, 5241, 5330, 6314, 6969, 8817, and 8871
Substituted Bills: HB00251, HB00299, HB00520, HB02697, HB03472, HB03799, HB04160, HB04544, HB04562, HB04965, HB05241, HB05330, HB06314, HB06969, HB08817, HB08871","Period Of Sponsorship: 2026-05-26
Sponsored By: Suan;Roman
Period Of Interpellations: 2026-05-26
Interpellated By: Co (R. L. M.), Tinio
Period Of Individual Amendments: 2026-05-26
Amended By: Cruz (A.), Tinio, Co (R. L. M.)
Final List of Author
1. Marcos
2. Dy (F.)
3. Roman
4. Suan
5. Villafuerte (M. L. R.)
6. Sakaluran
7. Yamsuan
8. Hernandez (C. A.)
9. Co-Pilar
10. Rama
11. Vargas
12. Arenas
13. Pumaren
14. Javier
15. Guintu
16. Mercado-Revilla
17. Revilla ( B. B.)
18. Revilla (R. J.)
19. Rivera
20. Loyola
21. Pleyto
22. Arrogancia
23. Solon
24. Villarica
25. Montes
26. Padiernos
27. Rodriguez (R.B.)
28. Rodriguez (M. B.)
29. Hernandez (R. L.)
30. Garcia (A.)
31. Villanueva
32. Tarriela
33. Salceda
34. Celeste
35. Baronda
36. Barbers
37. Pascual
38. Bancoro
39. Atayde
40. Mangudadatu
41. Barba
42. Olivarez
43. Acosta
44. Vergara
45. Gonzales (A.)
46. Aumentado
47. Lagbas
48. Oreta (A. A.)
49. Lacson
50. Domingo
51. Ordanes
52. Degamo
53. Gatchalian
54. Bernos (J.B.)
55. Ledesma
56. Gomez
57. Yap (ERIC)
58. Yap (EDVIC)
59. Oducado
60. Tan (K. M. D.L.)
61. Villafuerte (V. R. L. R.)
62. Horibata
63. Ridon
64. Puno
65. Veloso-Tuazon
66. Mastura
67. Marquez
68. Emano
69. Ortega
70. Matibag
71. Tolentino
Date Approved On Second Reading: 2026-05-26","Date Copy Distributed To Members: 2026-05-28
Date Approved By The House On Third Reading: 2026-06-03
Third Reading Title: AN ACT PROHIBITING THE DELIBERATE DISSEMINATION OF FALSE INFORMATION THAT POSES VERIFIABLE PUBLIC HARM OR SERIOUS THREAT TO NATIONAL SECURITY, ESTABLISHING DIGITAL PLATFORM ACCOUNTABILITY AND TRANSPARENCY MECHANISMS, AND PROMOTING MEDIA AND DIGITAL LITERACY
House Votes: YEAS:286 NAYS:3 ABSTAIN:7
Date Transmitted To The Senate: 2026-06-08
Actions Taken By The Senate/House
Date Received By The Senate: 2026-06-08",""
"HB09468","Co-Authored Bills","AN ACT ESTABLISHING THE PHILIPPINE OPEN LAW SYSTEM, PROVIDING FOR A FREE, CONSOLIDATED, UPDATED, AND ACCESSIBLE PUBLIC DATABASE OF PHILIPPINE LAWS, RULES, REGULATIONS, AND JURISPRUDENCE, INSTITUTIONALIZING SAFEGUARDS FOR AI-ASSISTED LEGAL INFORMATION SERVICES, APPROPRIATING FUNDS THEREFOR, AND FOR OTHER PURPOSES","2026-05-26","National","1. BENITEZ, JAVIER MIGUEL LOPEZ","2026-06-01","JUSTICE","Pending with the Committee on JUSTICE since 2026-06-01","https://docs.congress.hrep.online/legisdocs/basic_20/hb09468.pdf","https://www.congress.gov.ph/bill/history?billno=HB09468&congress=20","1. Chua-Tai (000 2026-08-17)","Referral To The Committee On: JUSTICE On 2026-06-01","","","",""
"HB09472","Co-Authored Bills","AN ACT PROMOTING ENTREPRENEURSHIP BY ESTABLISHING A SUSTAINABLE FINANCING PROGRAM FOR MICRO AND SMALL ENTERPRISES THROUGH THE PONDO SA PAGBABAGO AT PAG-ASENSO PROGRAM, AND APPROPRIATING FUNDS THEREFOR","2026-05-28","National","1. YAMSUAN, BRIAN RAYMUND S.","2026-06-02","MICRO, SMALL AND MEDIUM ENTERPRISE DEVELOPMENT","Pending with the Committee on MICRO, SMALL AND MEDIUM ENTERPRISE DEVELOPMENT since 2026-06-02","https://docs.congress.hrep.online/legisdocs/basic_20/hb09472.pdf","https://www.congress.gov.ph/bill/history?billno=HB09472&congress=20","1. Chua-Tai (000 2026-07-30)","Referral To The Committee On: MICRO, SMALL AND MEDIUM ENTERPRISE DEVELOPMENT On 2026-06-02","","","",""
"HB09730","Co-Authored Bills","AN ACT ESTABLISHING IN THE CITY OF ANTIPOLO, PROVINCE OF RIZAL, A MULTI-SPECIALTY CENTER UNDER THE AMANG RODRIGUEZ MEMORIAL MEDICAL CENTER TO BE KNOWN AS THE AMANG RODRIGUEZ MEMORIAL MEDICAL CENTER-MULTI-SPECIALTY CENTER, AND APPROPRIATING FUNDS THEREFOR","2026-06-03","Local","1. ACOP, PHILIP CONRAD M.","2026-07-28","HEALTH","Pending with the Committee on HEALTH since 2026-07-28","https://docs.congress.hrep.online/legisdocs/basic_20/hb09730.pdf","https://www.congress.gov.ph/bill/history?billno=HB09730&congress=20","1. Chua-Tai (000 2026-08-17)
2. Diokno (000 2026-09-07)","Referral To The Committee On: HEALTH On 2026-07-28","","","",""
"HB09738","Co-Authored Bills","AN ACT PROVIDING FOR FAIR DEBT COLLECTION PRACTICES IN DIGITAL AND TRADITIONAL LENDING, STRENGTHENING REGULATION OF ONLINE LENDING PLATFORMS, ESTABLISHING A VERIFIED COLLECTION IDENTITY SYSTEM, AND FOR OTHER PURPOSES","2026-06-03","National","1. VARGAS, PATRICK MICHAEL D.","2026-07-28","BANKS AND FINANCIAL INTERMEDIARIES","Pending with the Committee on BANKS AND FINANCIAL INTERMEDIARIES since 2026-07-28","https://docs.congress.hrep.online/legisdocs/basic_20/hb09738.pdf","https://www.congress.gov.ph/bill/history?billno=HB09738&congress=20","1. Bulut-Begtang (000 2026-08-13)
2. Chua-Tai (000 2026-08-17)","Referral To The Committee On: BANKS AND FINANCIAL INTERMEDIARIES On 2026-07-28","","","",""
"HB09760","Co-Authored Bills","AN ACT ESTABLISHING RESIDENTIAL CARE FACILITIES FOR PERSONS WITH DISABILITIES AND PERSONS WITH SPECIAL NEEDS AND APPROPRIATING FUNDS THEREFOR","2026-06-03","National","1. VERGARA, JULIUS CESAR ""Jay"" V.","2026-07-28","PERSONS WITH DISABILITIES","Pending with the Committee on PERSONS WITH DISABILITIES since 2026-07-28","https://docs.congress.hrep.online/legisdocs/basic_20/hb09760.pdf","https://www.congress.gov.ph/bill/history?billno=HB09760&congress=20","1. Chua-Tai (000 2026-08-05)","Referral To The Committee On: PERSONS WITH DISABILITIES On 2026-07-28","","","",""
"HB09762","Co-Authored Bills","AN ACT ESTABLISHING THE NATIONAL WORKERS SKILLS DEVELOPMENT AND CAREER ADVANCEMENT PROGRAM, STRENGTHENING EMPLOYABILITY, UPSKILLING, AND CAREER MOBILITY FOR FILIPINO WORKERS, AND PROVIDING FUNDS THEREFOR","2026-06-03","National","1. LEGAZPI, KARL FERNANDEZ","2026-07-28","LABOR AND EMPLOYMENT","Pending with the Committee on LABOR AND EMPLOYMENT since 2026-07-28","https://docs.congress.hrep.online/legisdocs/basic_20/hb09762.pdf","https://www.congress.gov.ph/bill/history?billno=HB09762&congress=20","1. Chua-Tai (000 2026-08-03)
2. Bulut-Begtang (000 2026-08-11)","Referral To The Committee On: LABOR AND EMPLOYMENT On 2026-07-28","","","",""
"HB09821","Co-Authored Bills","AN ACT PRESCRIBING A JUST AND HUMANE CODE OF CONDUCT FOR THE RESETTLEMENT OF UNDERPRIVILEGED AND HOMELESS CITIZENS, PROVIDING PENALTIES FOR VIOLATION THEREOF, AND APPROPRIATING FUNDS THEREFOR","2026-06-08","National","1. OLIVAREZ, ERIC L.","2026-07-28","HOUSING AND URBAN DEVELOPMENT","Pending with the Committee on HOUSING AND URBAN DEVELOPMENT since 2026-07-28","https://docs.congress.hrep.online/legisdocs/basic_20/hb09821.pdf","https://www.congress.gov.ph/bill/history?billno=HB09821&congress=20","1. Chua-Tai (000 2026-09-02)","Referral To The Committee On: HOUSING AND URBAN DEVELOPMENT On 2026-07-28","","","",""
"HB09823","Co-Authored Bills","AN ACT REQUIRING THE FREE DIGITAL PROVISION OF TEXTBOOKS USED IN BASIC EDUCATION, ENCOURAGING OPEN EDUCATIONAL RESOURCES, AND FOR OTHER PURPOSES","2026-06-08","National","1. OLIVAREZ, ERIC L.","2026-07-28","BASIC EDUCATION AND CULTURE","Pending with the Committee on BASIC EDUCATION AND CULTURE since 2026-07-28","https://docs.congress.hrep.online/legisdocs/basic_20/hb09823.pdf","https://www.congress.gov.ph/bill/history?billno=HB09823&congress=20","1. Chua-Tai (000 2026-09-02)
2. Escudero (000 2026-09-02)","Referral To The Committee On: BASIC EDUCATION AND CULTURE On 2026-07-28","","","",""
"HB09824","Co-Authored Bills","AN ACT ENHANCING THE MEDICAL ACCESS OF OVERSEAS FILIPINO WORKERS (OFWs) AND THEIR FAMILIES BY STRENGTHENING THE OFW HOSPITAL AND APPROPRIATING FUNDS THEREFOR","2026-06-08","National","1. OLIVAREZ, ERIC L.","2026-07-28","HEALTH","Pending with the Committee on HEALTH since 2026-07-28","https://docs.congress.hrep.online/legisdocs/basic_20/hb09824.pdf","https://www.congress.gov.ph/bill/history?billno=HB09824&congress=20","1. Chua-Tai (000 2026-09-02)
2. Escudero (000 2026-09-02)","Referral To The Committee On: HEALTH On 2026-07-28","","","",""
"HB09838","Co-Authored Bills","AN ACT MANDATING PUBLIC TELECOMMUNICATIONS ENTITIES AND INTERNET SERVICE PROVIDERS TO INSTITUTE AN AUTOMATIC REFUND MECHANISM FOR SERVICE OUTAGES AND DISRUPTIONS, PROVIDING PENALTIES FOR VIOLATIONS THEREOF","2026-06-08","National","1. SORIANO, JEFFREY","2026-07-28","INFORMATION AND COMMUNICATIONS TECHNOLOGY","Pending with the Committee on INFORMATION AND COMMUNICATIONS TECHNOLOGY since 2026-07-28","https://docs.congress.hrep.online/legisdocs/basic_20/hb09838.pdf","https://www.congress.gov.ph/bill/history?billno=HB09838&congress=20","1. Chua-Tai (000 2026-08-17)
2. Solon (000 2026-09-17)","Referral To The Committee On: INFORMATION AND COMMUNICATIONS TECHNOLOGY On 2026-07-28","","","",""
"HB09859","Co-Authored Bills","AN ACT INSTITUTIONALIZING THE GRANT OF STUDENT LOAD DISCOUNT PRIVILEGE ON MOBILE AND INTERNET SERVICES AND FOR OTHER PURPOSES","2026-06-11","National","1. DE LIMA, LEILA M.","2026-07-28","INFORMATION AND COMMUNICATIONS TECHNOLOGY","Pending with the Committee on INFORMATION AND COMMUNICATIONS TECHNOLOGY since 2026-07-28","https://docs.congress.hrep.online/legisdocs/basic_20/hb09859.pdf","https://www.congress.gov.ph/bill/history?billno=HB09859&congress=20","1. Chua-Tai (000 2026-08-17)","Referral To The Committee On: INFORMATION AND COMMUNICATIONS TECHNOLOGY On 2026-07-28","","","",""
"HB09885","Co-Authored Bills","AN ACT PROVIDING FOR A MONTHLY SOCIAL PENSION FOR PERSONS WITH DISABILITY, AND APPROPRIATING FUNDS THEREFOR","2026-06-15","National","1. CAYTON, TIMOTHY JOSEPH E.","2026-07-28","PERSONS WITH DISABILITIES","Pending with the Committee on PERSONS WITH DISABILITIES since 2026-07-28","https://docs.congress.hrep.online/legisdocs/basic_20/hb09885.pdf","https://www.congress.gov.ph/bill/history?billno=HB09885&congress=20","1. Chua-Tai (000 2026-09-09)","Referral To The Committee On: PERSONS WITH DISABILITIES On 2026-07-28","","","",""
"HB09937","Co-Authored Bills","AN ACT UPGRADING THE ENTRY-LEVEL SALARY GRADE OF GOVERNMENT MEDICAL DOCTORS","2026-06-24","National","1. TIENG, IRWIN C.","2026-07-28","APPROPRIATIONS","Pending with the Committee on APPROPRIATIONS since 2026-07-28","https://docs.congress.hrep.online/legisdocs/basic_20/hb09937.pdf","https://www.congress.gov.ph/bill/history?billno=HB09937&congress=20","1. Chua-Tai (000 2026-08-12)","Referral To The Committee On: APPROPRIATIONS On 2026-07-28","","","",""
"HB09944","Co-Authored Bills","AN ACT PROVIDING FOR THE MAGNA CARTA OF WASTE WORKERS","2026-06-25","National","1. ERICE, EDGAR R.","2026-07-28","LABOR AND EMPLOYMENT","Pending with the Committee on LABOR AND EMPLOYMENT since 2026-07-28","https://docs.congress.hrep.online/legisdocs/basic_20/hb09944.pdf","https://www.congress.gov.ph/bill/history?billno=HB09944&congress=20","1. Gullas (000 2026-08-05)
2. Suntay (000 2026-08-11)
3. Del Mar (000 2026-08-11)
4. Loyola (000 2026-08-11)
5. Nisay (000 2026-08-11)
6. Matibag (000 2026-08-11)
7. Valeriano (000 2026-08-11)
8. Lagbas (000 2026-08-11)
9. Hernandez (R. L.) (000 2026-08-11)
10. Baronda (000 2026-08-11)
11. Loria (000 2026-08-12)
12. Tiangco (000 2026-08-12)
13. Lagon (D. A.) (000 2026-08-12)
14. Tupas (000 2026-08-13)
15. Aquino-Magsaysay (000 2026-08-14)
16. Espina (000 2026-08-17)
17. Hernandez (C. A.) (000 2026-08-17)
18. Robes (000 2026-08-24)
19. Defensor (000 2026-08-24)
20. Diokno (000 2026-08-24)
21. Tan (K. M. D.L.) (000 2026-08-25)
22. Ledesma (000 2026-08-25)
23. Tan (A.) (000 2026-08-25)
24. Villarica (000 2026-08-26)
25. Hofer-Hasim (000 2026-08-27)
26. Yap (ERIC) (000 2026-09-02)
27. Olivarez (000 2026-09-02)
28. Revilla (R. J.) (000 2026-09-08)
29. Celeste (000 2026-09-09)
30. De Venecia (000 2026-09-09)
31. Atayde (000 2026-09-14)
32. Lagman (000 2026-09-15)
33. Guico (000 2026-09-15)
34. Zamora (Y.M.) (000 2026-09-15)
35. Kho (000 2026-09-15)
36. Ungab (000 2026-09-15)
37. Flores (000 2026-09-15)
38. Estrella (000 2026-09-15)
39. Solon (000 2026-09-15)
40. Mangudadatu (000 2026-09-15)
41. Chua-Tai (000 2026-09-15)
42. Caoagdan (000 2026-09-15)
43. Tutor (000 2026-09-15)
44. Yap ( G.) (000 2026-09-15)
45. Rodriguez (R.B.) (000 2026-09-15)
46. Pancho (000 2026-09-15)
47. Gonzales (A.) (000 2026-09-15)
48. Marañon (000 2026-09-15)
49. Barba (000 2026-09-15)
50. Madrona (000 2026-09-15)
51. Gatchalian (000 2026-09-15)
52. Ko (000 2026-09-15)
53. Teodoro (000 2026-09-15)
54. Santos (M.A.) (000 2026-09-15)
55. Cruz (R. JR.) (000 2026-09-15)
56. Nazal (000 2026-09-15)
57. Macasaet (000 2026-09-15)
58. Enverga (000 2026-09-15)
59. Abalos (000 2026-09-16)
60. Horibata (000 2026-09-16)
61. Oaminal (H. F.) (000 2026-09-16)
62. Agarao (000 2026-09-16)
63. Espares (000 2026-09-16)
64. Dagooc (000 2026-09-16)
65. Emano (000 2026-09-16)
66. Fuentebella (000 2026-09-16)
67. Legarda (000 2026-09-16)
68. Arbison (M. N. JR.) (000 2026-09-16)
69. Violago (000 2026-09-16)
70. Catulpos (000 2026-09-16)
71. Domingo (000 2026-09-16)
72. Bacsug (000 2026-09-16)
73. Tarriela (000 2026-09-16)
74. Cagas (000 2026-09-16)
75. Miraflores (000 2026-09-16)
76. Chua (000 2026-09-16)","Referral To The Committee On: LABOR AND EMPLOYMENT On 2026-07-28","","","",""
"HB09954","Co-Authored Bills","AN ACT EXPANDING HEALTH, WELLNESS, AND DIGITAL INCLUSION PROGRAMS FOR SENIOR CITIZENS, AMENDING FOR THE PURPOSE REPUBLIC ACT NO. 9994, OTHERWISE KNOWN AS THE “EXPANDED SENIOR CITIZENS ACT OF 2010”, AS AMENDED, AND FOR OTHER PURPOSES","2026-06-25","National","1. SORIANO, JEFFREY","2026-07-28","SENIOR CITIZENS","Pending with the Committee on SENIOR CITIZENS since 2026-07-28","https://docs.congress.hrep.online/legisdocs/basic_20/hb09954.pdf","https://www.congress.gov.ph/bill/history?billno=HB09954&congress=20","1. Chua-Tai (000 2026-08-17)","Referral To The Committee On: SENIOR CITIZENS On 2026-07-28","","","",""
"HB10007","Co-Authored Bills","AN ACT PROMOTING THE RIGHT OF FARMERS, FISHERFOLK, COOPERATIVES, AND INDEPENDENT REPAIR PROVIDERS TO REPAIR FARM MACHINERY AND AGRICULTURAL EQUIPMENT, REQUIRING ACCESS TO REPAIR INFORMATION, TOOLS, AND SPARE PARTS, AND FOR OTHER PURPOSES","2026-07-02","National","1. TIANGCO, TOBIAS ""Toby"" M.","2026-07-28","AGRICULTURE AND FOOD","Pending with the Committee on AGRICULTURE AND FOOD since 2026-07-28","https://docs.congress.hrep.online/legisdocs/basic_20/hb10007.pdf","https://www.congress.gov.ph/bill/history?billno=HB10007&congress=20","1. Chua-Tai (000 2026-08-03)","Referral To The Committee On: AGRICULTURE AND FOOD On 2026-07-28","","","",""
"HB10008","Co-Authored Bills","AN ACT INTEGRATING ANIMAL RESCUE, EVACUATION, TEMPORARY SHELTER, AND WELFARE PROTOCOLS INTO DISASTER RISK REDUCTION AND MANAGEMENT PLANS","2026-07-02","National","1. TIANGCO, TOBIAS ""Toby"" M.","2026-07-28","DISASTER RESILIENCE","Pending with the Committee on DISASTER RESILIENCE since 2026-07-28","https://docs.congress.hrep.online/legisdocs/basic_20/hb10008.pdf","https://www.congress.gov.ph/bill/history?billno=HB10008&congress=20","1. Chua-Tai (000 2026-08-03)
2. Montes (000 2026-08-17)","Referral To The Committee On: DISASTER RESILIENCE On 2026-07-28","","","",""
"HB10030","Co-Authored Bills","AN ACT INSTITUTIONALIZING THE DIGITAL HEALTH AND TELEMEDICINE NETWORK IN GEOGRAPHICALLY ISOLATED AND DISADVANTAGED AREAS (GIDAs), MANDATING INFRASTRUCTURE DEVELOPMENT, AND APPROPRIATING FUNDS THEREFOR","2026-07-07","National","1. ACOP, PHILIP CONRAD M.","2026-07-28","HEALTH","Pending with the Committee on HEALTH since 2026-07-28","https://docs.congress.hrep.online/legisdocs/basic_20/hb10030.pdf","https://www.congress.gov.ph/bill/history?billno=HB10030&congress=20","1. Chua-Tai (000 2026-08-17)
2. Rama (000 2026-09-02)","Referral To The Committee On: HEALTH On 2026-07-28","","","",""
"HB10033","Co-Authored Bills","AN ACT ESTABLISHING A MAGNA CARTA FOR BARANGAY VIOLENCE AGAINST WOMEN AND THEIR CHILDREN (VAWC) DESKS AND OFFICERS, INSTITUTIONALIZING THEIR MANDATE, NATIONAL STANDARDS, QUALIFICATIONS, COMPENSATION, BENEFITS, PROTECTION, ACCOUNTABILITY, AND FUNDING, AND FOR OTHER PURPOSES","2026-07-07","National","1. MATIBAG, ANN","2026-07-28","WOMEN AND GENDER EQUALITY","Pending with the Committee on WOMEN AND GENDER EQUALITY since 2026-07-28","https://docs.congress.hrep.online/legisdocs/basic_20/hb10033.pdf","https://www.congress.gov.ph/bill/history?billno=HB10033&congress=20","1. Chua-Tai (000 2026-09-02)","Referral To The Committee On: WOMEN AND GENDER EQUALITY On 2026-07-28","","","",""
"HB10038","Co-Authored Bills","AN ACT STRENGTHENING THE PREVENTION OF BULLYING IN EDUCATIONAL INSTITUTIONS, AMENDING FOR THE PURPOSE REPUBLIC ACT NO. 10627, OTHERWISE KNOWN AS THE “ANTI-BULLYING ACT OF 2013,” APPROPRIATING FUNDS THEREFOR, AND FOR OTHER PURPOSES","2026-07-08","National","1. DIOKNO, JOSE MANUEL TADEO ""Chel"" I.                                              2. CENDAÑA, PERCIVAL ""Perci""                                              3. ISMULA, DADAH KIRAM                                              4. BAG-AO, KAKA J.","2026-07-28","BASIC EDUCATION AND CULTURE","Pending with the Committee on BASIC EDUCATION AND CULTURE since 2026-07-28","https://docs.congress.hrep.online/legisdocs/basic_20/hb10038.pdf","https://www.congress.gov.ph/bill/history?billno=HB10038&congress=20","1. Tan (K. M. D.L.) (000 2026-08-24)
2. Chua-Tai (000 2026-08-24)","Referral To The Committee On: BASIC EDUCATION AND CULTURE On 2026-07-28","","","",""
"HB10058","Co-Authored Bills","AN ACT INSTITUTING COMPREHENSIVE MEASURES TO ADDRESS CHILD SAFETY AGAINST GUN VIOLENCE, STRENGTHENING SCHOOL SAFETY AND SECURITY, REGULATING ACCESS AND USE OF FIREARMS, ESTABLISHING ACCOUNTABILITY MECHANISMS AND APPROPRIATING FUNDS THEREFOR","2026-07-14","National","1. CENDAÑA, PERCIVAL ""Perci""                                              2. DIOKNO, JOSE MANUEL TADEO ""Chel"" I.                                              3. ISMULA, DADAH KIRAM                                              4. BAG-AO, KAKA J.","2026-07-28","PUBLIC ORDER AND SAFETY","Pending with the Committee on PUBLIC ORDER AND SAFETY since 2026-07-28","https://docs.congress.hrep.online/legisdocs/basic_20/hb10058.pdf","https://www.congress.gov.ph/bill/history?billno=HB10058&congress=20","1. Rama (000 2026-08-12)
2. Chua-Tai (000 2026-08-17)","Referral To The Committee On: PUBLIC ORDER AND SAFETY On 2026-07-28","","","",""
"HB10102","Co-Authored Bills","AN ACT PROMOTING INCLUSIVE AND SUSTAINABLE RURAL DEVELOPMENT AND LIVELIHOOD ENHANCEMENT IN THE PHILIPPINES, PROVIDING FUNDS THEREFOR, AND FOR OTHER PURPOSES","2026-07-16","National","1. SORIANO, JEFFREY","2026-07-29","RURAL DEVELOPMENT","Pending with the Committee on RURAL DEVELOPMENT since 2026-07-29","https://docs.congress.hrep.online/legisdocs/basic_20/hb10102.pdf","https://www.congress.gov.ph/bill/history?billno=HB10102&congress=20","(Journal Entries)
1. Chua-Tai (000 2026-09-09)","Referral To The Committee On: RURAL DEVELOPMENT On 2026-07-29","","","",""
"HB10108","Co-Authored Bills","AN ACT PROVIDING FINANCIAL LITERACY AND ENTREPRENEURSHIP PROGRAMS FOR WORKERS","2026-07-20","National","1. VARGAS, PATRICK MICHAEL D.","2026-07-29","LABOR AND EMPLOYMENT","Pending with the Committee on LABOR AND EMPLOYMENT since 2026-07-29","https://docs.congress.hrep.online/legisdocs/basic_20/hb10108.pdf","https://www.congress.gov.ph/bill/history?billno=HB10108&congress=20","(Journal Entries)
1. Chua-Tai (000 2026-09-09)","Referral To The Committee On: LABOR AND EMPLOYMENT On 2026-07-29","","","",""
"HB10111","Co-Authored Bills","AN ACT INSTITUTIONALIZING TWENTY-FOUR-SEVEN (24/7) AVAILABILITY OF ESSENTIAL FRONTLINE SERVICES THROUGH DIGITAL, VOICE, AND NON-VOICE CHANNELS, AND EXTENDING FACE-TO-FACE FRONTLINE TRANSACTIONS","2026-07-20","National","1. ESCUDERO, MARIE BERNADETTE G.","2026-07-29","CIVIL SERVICE AND PROFESSIONAL REGULATION","Pending with the Committee on CIVIL SERVICE AND PROFESSIONAL REGULATION since 2026-07-29","https://docs.congress.hrep.online/legisdocs/basic_20/hb10111.pdf","https://www.congress.gov.ph/bill/history?billno=HB10111&congress=20","(Journal Entries)
1. Chua-Tai (000 2026-09-01)","Referral To The Committee On: CIVIL SERVICE AND PROFESSIONAL REGULATION On 2026-07-29","","","",""
"HB10162","Co-Authored Bills","AN ACT INSTITUTIONALIZING A FREE MEDICINE ASSISTANCE PROGRAM FOR THE POOR, ESTABLISHING ACCESS SITES IN ALL CITIES AND MUNICIPALITIES OF THE COUNTRY, AND PROVIDING FUNDS THEREFOR","2026-07-22","National","1. VARGAS, PATRICK MICHAEL D.","2026-07-29","HEALTH","Pending with the Committee on HEALTH since 2026-07-29","https://docs.congress.hrep.online/legisdocs/basic_20/hb10162.pdf","https://www.congress.gov.ph/bill/history?billno=HB10162&congress=20","(Journal Entries)
1. Chua-Tai (000 2026-09-09)","Referral To The Committee On: HEALTH On 2026-07-29","","","",""
"HB10165","Co-Authored Bills","AN ACT PROVIDING FOR A NATIONAL FRAMEWORK FOR INTERNS’ RIGHTS AND WELFARE","2026-07-22","National","1. VARGAS, PATRICK MICHAEL D.","2026-07-29","HIGHER AND TECHNICAL EDUCATION","Pending with the Committee on HIGHER AND TECHNICAL EDUCATION since 2026-07-29","https://docs.congress.hrep.online/legisdocs/basic_20/hb10165.pdf","https://www.congress.gov.ph/bill/history?billno=HB10165&congress=20","(Journal Entries)
1. Chua-Tai (000 2026-09-09)","Referral To The Committee On: HIGHER AND TECHNICAL EDUCATION On 2026-07-29","","","",""
"HB10205","Co-Authored Bills","AN ACT REQUIRING PUBLIC HEALTH FACILITIES TO DISCLOSE ESSENTIAL MEDICINES AVAILABILITY, LOW-STOCK STATUS, STOCKOUTS, RESTOCKING TIMELINES, AND PROCUREMENT STATUS, CREATING A NATIONAL ESSENTIAL MEDICINES AVAILABILITY DASHBOARD, AND PROVIDING PENALTIES FOR NON-COMPLIANCE","2026-07-23","National","1. TIANGCO, TOBIAS ""Toby"" M.","2026-07-29","HEALTH","Pending with the Committee on HEALTH since 2026-07-29","https://docs.congress.hrep.online/legisdocs/basic_20/hb10205.pdf","https://www.congress.gov.ph/bill/history?billno=HB10205&congress=20","1. Chua-Tai (000 2026-09-09)","Referral To The Committee On: HEALTH On 2026-07-29","","","",""
"HB10206","Co-Authored Bills","AN ACT MANDATING THE ESTABLISHMENT OF ACCESSIBLE, SAFE, CLEAN, GENDER-RESPONSIVE, AND WELL-MAINTAINED PUBLIC TOILETS AND SANITATION FACILITIES IN PUBLIC PLACES, TRANSPORT TERMINALS, TOURIST AREAS, MARKETS, PARKS, AND GOVERNMENT CENTERS, AND FOR OTHER PURPOSES","2026-07-23","National","1. TIANGCO, TOBIAS ""Toby"" M.","2026-07-29","PUBLIC WORKS AND HIGHWAYS","Pending with the Committee on PUBLIC WORKS AND HIGHWAYS since 2026-07-29","https://docs.congress.hrep.online/legisdocs/basic_20/hb10206.pdf","https://www.congress.gov.ph/bill/history?billno=HB10206&congress=20","1. Chua-Tai (000 2026-09-09)","Referral To The Committee On: PUBLIC WORKS AND HIGHWAYS On 2026-07-29","","","",""
"HB10227","Co-Authored Bills","AN ACT SAFEGUARDING PERSONALITY RIGHTS AGAINST UNAUTHORIZED USE OF FACE, VOICE, AND IDENTITY THROUGH ARTIFICIAL INTELLIGENCE AND DEEPFAKE TECHNOLOGY, AND PROVIDING PENALTIES THEREFOR","2026-07-27","National","1. FORTES, WOWO","2026-07-29","INFORMATION AND COMMUNICATIONS TECHNOLOGY","Pending with the Committee on INFORMATION AND COMMUNICATIONS TECHNOLOGY since 2026-07-29","https://docs.congress.hrep.online/legisdocs/basic_20/hb10227.pdf","https://www.congress.gov.ph/bill/history?billno=HB10227&congress=20","1. Chua-Tai (000 2026-09-09)","Referral To The Committee On: INFORMATION AND COMMUNICATIONS TECHNOLOGY On 2026-07-29","","","",""
"HB10228","Co-Authored Bills","AN ACT PROVIDING FOR A NO CALL, NO TEXT, AND NO EMAIL LISTING SYSTEM TO SAFEGUARD PRIVACY AND PENALIZE VIOLATORS","2026-07-27","National","1. FORTES, WOWO","2026-07-29","INFORMATION AND COMMUNICATIONS TECHNOLOGY","Pending with the Committee on INFORMATION AND COMMUNICATIONS TECHNOLOGY since 2026-07-29","https://docs.congress.hrep.online/legisdocs/basic_20/hb10228.pdf","https://www.congress.gov.ph/bill/history?billno=HB10228&congress=20","1. Chua-Tai (000 2026-09-09)","Referral To The Committee On: INFORMATION AND COMMUNICATIONS TECHNOLOGY On 2026-07-29","","","",""
"HB10302","Co-Authored Bills","AN ACT STRENGTHENING THE NATIONAL URBAN SEARCH AND RESCUE (USAR) AND EMERGENCY RESPONSE CAPABILITIES OF EXISTING GOVERNMENT AGENCIES, ENHANCING INTER-AGENCY COORDINATION DURING DISASTERS AND MASS CASUALTY INCIDENTS, AND APPROPRIATING FUNDS THEREFOR","2026-07-28","National","1. TAN, KEITH MICAH ""Atty. Mike"" D.L.","2026-07-29","DISASTER RESILIENCE","Pending with the Committee on DISASTER RESILIENCE since 2026-07-29","https://docs.congress.hrep.online/legisdocs/basic_20/hb10302.pdf","https://www.congress.gov.ph/bill/history?billno=HB10302&congress=20","1. Montes (000 2026-08-11)
2. Chua-Tai (000 2026-09-15)","Referral To The Committee On: DISASTER RESILIENCE On 2026-07-29","","","",""
"HB10616","Co-Authored Bills","AN ACT ESTABLISHING COMPREHENSIVE PHYSICAL SECURITY, PROTECTIVE PERSONNEL, AND THREAT-ASSESSMENT STANDARDS IN ALL BASIC EDUCATION SCHOOLS, ACCELERATING SCHOOL-BASED GUIDANCE AND COUNSELING SERVICES, AND APPROPRIATING FUNDS THEREFOR","2026-08-05","National","1. CATULPOS, ELMER V.","2026-08-11","BASIC EDUCATION AND CULTURE","Pending with the Committee on BASIC EDUCATION AND CULTURE since 2026-08-11","https://docs.congress.hrep.online/legisdocs/basic_20/hb10616.pdf","https://www.congress.gov.ph/bill/history?billno=HB10616&congress=20","1. Chua-Tai (000 2026-09-09)","Referral To The Committee On: BASIC EDUCATION AND CULTURE On 2026-08-11","","","",""
"HB10620","Co-Authored Bills","AN ACT ESTABLISHING THE NATIONAL DIGITAL WELLNESS PROGRAM, PROVIDING FOR GINHAWA SPACES, COMMUNITY AND YOUTH RESTORATION CAMPS, AND NATURE-BASED RETREATS, INSTITUTING THE GINHAWA SEAL AND SUPPORT FOR WELLNESS AND ECOTOURISM ENTERPRISES AND THEIR WORKERS, ESTABLISHING THE GREEN PRESCRIPTION PROGRAM, AND APPROPRIATING FUNDS THEREFOR","2026-08-05","National","1. CATULPOS, ELMER V.","2026-08-11","HEALTH","Pending with the Committee on HEALTH since 2026-08-11","https://docs.congress.hrep.online/legisdocs/basic_20/hb10620.pdf","https://www.congress.gov.ph/bill/history?billno=HB10620&congress=20","1. Chua-Tai (000 2026-09-09)","Referral To The Committee On: HEALTH On 2026-08-11","","","",""
"HB10626","Co-Authored Bills","AN ACT ESTABLISHING A SENIOR CITIZENS' WELFARE DESK IN EVERY BARANGAY","2026-08-05","National","1. CO-PILAR, MA. VICTORIA","2026-08-11","SENIOR CITIZENS","Pending with the Committee on SENIOR CITIZENS since 2026-08-11","https://docs.congress.hrep.online/legisdocs/basic_20/hb10626.pdf","https://www.congress.gov.ph/bill/history?billno=HB10626&congress=20","1. Chua-Tai (000 2026-09-09)","Referral To The Committee On: SENIOR CITIZENS On 2026-08-11","","","",""
"HB10655","Co-Authored Bills","AN ACT REGULATING GAMBLING-RELATED ADVERTISEMENTS, PRESCRIBING PENALTIES FOR VIOLATIONS THEREOF, AND FOR OTHER PURPOSES","2026-08-06","National","1. ESCUDERO, MARIE BERNADETTE G.","2026-08-11","GAMES AND AMUSEMENTS","Pending with the Committee on GAMES AND AMUSEMENTS since 2026-08-11","https://docs.congress.hrep.online/legisdocs/basic_20/hb10655.pdf","https://www.congress.gov.ph/bill/history?billno=HB10655&congress=20","1. Chua-Tai (000 2026-09-02)","Referral To The Committee On: GAMES AND AMUSEMENTS On 2026-08-11","","","",""
"HB10682","Co-Authored Bills","AN ACT ESTABLISHING A NATIONAL PROGRAM FOR NUTRITION-SENSITIVE AGRICULTURE, LOCAL FOOD SECURITY, AND STUNTING REDUCTION, STRENGTHENING LINKAGES BETWEEN LOCAL FOOD PRODUCTION AND NUTRITION PROGRAMS, PROVIDING FUNDS THEREFOR, AND FOR OTHER PURPOSES","2026-08-10","National","1. ZUBIRI, AUDREY KAY T.","2026-08-12","AGRICULTURE AND FOOD","Pending with the Committee on AGRICULTURE AND FOOD since 2026-08-12","https://docs.congress.hrep.online/legisdocs/basic_20/hb10682.pdf","https://www.congress.gov.ph/bill/history?billno=HB10682&congress=20","1. Chua-Tai (000 2026-09-09)","Referral To The Committee On: AGRICULTURE AND FOOD On 2026-08-12","","","",""
"HB10747","Co-Authored Bills","AN ACT ESTABLISHING A NATIONAL FRAMEWORK FOR YOUTH DEVELOPMENT AND EMPOWERMENT","2026-08-12","National","1. HERNANDEZ, CHARISSE ANNE C.","2026-08-24","YOUTH AND SPORTS DEVELOPMENT","Pending with the Committee on YOUTH AND SPORTS DEVELOPMENT since 2026-08-24","https://docs.congress.hrep.online/legisdocs/basic_20/hb10747.pdf","https://www.congress.gov.ph/bill/history?billno=HB10747&congress=20","1. Tiangco (000 2026-09-09)
2. Chua-Tai (000 2026-09-09)","Referral To The Committee On: YOUTH AND SPORTS DEVELOPMENT On 2026-08-24","","","",""
"HB10748","Co-Authored Bills","AN ACT PROVIDING FOR THE RIGHTS, PROTECTION, DEVELOPMENT, AND EMPOWERMENT OF OUT-OF-SCHOOL YOUTH, PROVIDING FOR GOVERNMENT ASSISTANCE AND OPPORTUNITIES, AND FOR OTHER PURPOSES","2026-08-12","National","1. HERNANDEZ, CHARISSE ANNE C.","2026-08-24","YOUTH AND SPORTS DEVELOPMENT","Pending with the Committee on YOUTH AND SPORTS DEVELOPMENT since 2026-08-24","https://docs.congress.hrep.online/legisdocs/basic_20/hb10748.pdf","https://www.congress.gov.ph/bill/history?billno=HB10748&congress=20","1. Tiangco (000 2026-09-09)
2. Chua-Tai (000 2026-09-09)","Referral To The Committee On: YOUTH AND SPORTS DEVELOPMENT On 2026-08-24
Secondarily Referred To The Committee(s) On: GOVERNMENT REORGANIZATION","","","",""
"HB10861","Co-Authored Bills","AN ACT STRENGTHENING THE SAFE STORAGE AND CUSTODY OF FIREARMS, ESTABLISHING GUN-FREE SCHOOL ZONES, IMPOSING COMMAND RESPONSIBILITY OVER GOVERNMENT-ISSUED FIREARMS, PROVIDING PENALTIES FOR NEGLIGENT STORAGE, AND FOR OTHER PURPOSES, AMENDING FOR THE PURPOSE CERTAIN SECTIONS OF REPUBLIC ACT NO. 10591, OTHERWISE KNOWN AS THE “COMPREHENSIVE FIREARMS AND AMMUNITION REGULATION ACT”","2026-08-24","National","1. LAGBAS, ATTY. JENNIFER ""Karen""  A.","2026-08-26","PUBLIC ORDER AND SAFETY","Pending with the Committee on PUBLIC ORDER AND SAFETY since 2026-08-26","https://docs.congress.hrep.online/legisdocs/basic_20/hb10861.pdf","https://www.congress.gov.ph/bill/history?billno=HB10861&congress=20","1. Chua-Tai (000 2026-09-09)
2. Tiangco (000 2026-09-14)","Referral To The Committee On: PUBLIC ORDER AND SAFETY On 2026-08-26","","","",""
"HB10915","Co-Authored Bills","AN ACT ESTABLISHING NATIONAL STANDARDS FOR EMERGENCY COMMUNICATIONS AND DISPATCH SERVICES, GIVING STATUTORY PERMANENCE TO THE EMERGENCY 911 FRAMEWORK, CREATING THE NATIONAL EMERGENCY COMMUNICATIONS AUTHORITY, INSTITUTING MANDATORY DISPATCHER CERTIFICATION AND QUALITY ASSURANCE, REQUIRING RESILIENT AND INTEROPERABLE INFRASTRUCTURE AND RURAL COVERAGE, SETTING DATA PRIVACY AND CALL-RECORDS RULES, PROVIDING WORKFORCE SUPPORTS, MANDATING INDEPENDENTLY AUDITED PUBLIC PERFORMANCE REPORTING, AND APPROPRIATING FUNDS THEREFOR","2026-08-24","National","1. CATULPOS, ELMER V.","2026-08-26","PUBLIC ORDER AND SAFETY","Pending with the Committee on PUBLIC ORDER AND SAFETY since 2026-08-26","https://docs.congress.hrep.online/legisdocs/basic_20/hb10915.pdf","https://www.congress.gov.ph/bill/history?billno=HB10915&congress=20","1. Chua-Tai (000 2026-09-09)","Referral To The Committee On: PUBLIC ORDER AND SAFETY On 2026-08-26","","","",""
"HB10916","Co-Authored Bills","AN ACT ESTABLISHING THE NATIONAL ELECTRONIC PRESCRIPTION SYSTEM, GRANTING ELECTRONIC PRESCRIPTIONS PERMANENT LEGAL EFFECT EQUAL TO WRITTEN PRESCRIPTIONS AND MANDATING THEIR ACCEPTANCE IN ALL LICENSED PHARMACIES, ESTABLISHING PRESCRIPTION VERIFICATION AND DISPENSING RECORDS TO PREVENT FRAUD AND DOUBLE DISPENSING, INTEGRATING PUBLIC HEALTH BENEFIT PROGRAMS, PROTECTING PATIENT PRIVACY, CHOICE, AND ACCESS, AND APPROPRIATING FUNDS THEREFOR","2026-08-24","National","1. CATULPOS, ELMER V.","2026-08-26","HEALTH","Pending with the Committee on HEALTH since 2026-08-26","https://docs.congress.hrep.online/legisdocs/basic_20/hb10916.pdf","https://www.congress.gov.ph/bill/history?billno=HB10916&congress=20","1. Chua-Tai (000 2026-09-09)","Referral To The Committee On: HEALTH On 2026-08-26","","","",""
